{"type": "FeatureCollection", "name": "cong", "crs": {"type": "name", "properties": {"name": "urn:ogc:def:crs:OGC:1.3:CRS84"}}, "features": [{"type": "Feature", "geometry": {"type": "Point", "coordinates": [106.55262, 20.997114]}, "properties": {"ma": "H23.TL0010.CO002", "ten": "C. An Lưu", "loai": "Cống", "vung": "ĐB Sông Hồng", "tinh": "30", "don_vi": "Đang cập nhật", "luu_vuc": "Sông Bạch Đằng - Sông Cấm", "flv_km2": 0.0, "w_huu_ich": 0.0, "w_toanbo": 0.0, "mndbt": 0.0, "mndgc": 0.0, "mnc": 0.0, "dt_tuoi": 0.0}}, {"type": "Feature", "geometry": {"type": "Point", "coordinates": [107.65, 16.5]}, "properties": {"ma": "Đang cập nhật", "ten": "Cống Cầu Long", "loai": "Cống", "vung": "Bắc Trung Bộ", "tinh": "46", "don_vi": "Đang cập nhật", "luu_vuc": "Sông Hương", "dt_tuoi": 0.0}}, {"type": "Feature", "geometry": {"type": "Point", "coordinates": [106.7, 17.34]}, "properties": {"ma": "Đang cập nhật", "ten": "Cống Đập Mỹ Trung", "loai": "Cống", "vung": "Bắc Trung Bộ", "tinh": "44", "don_vi": "Đang cập nhật", "luu_vuc": "Sông Gianh", "dt_tuoi": 4188.0}}, {"type": "Feature", "geometry": {"type": "Point", "coordinates": [105.567, 21.1444]}, "properties": {"ma": "H26.TL0015.CO001", "ten": "C. Cẩm Đình", "loai": "Cống", "vung": "ĐB Sông Hồng", "tinh": "01", "don_vi": "Công ty KTCTTL Sông Nhuệ", "luu_vuc": "Sông Tích - Nhuệ - Đáy", "flv_km2": 0.0, "w_huu_ich": 0.0, "w_toanbo": 0.0, "mndbt": 0.0, "mndgc": 0.0, "mnc": 0.0, "dt_tuoi": 0.0}}, {"type": "Feature", "geometry": {"type": "Point", "coordinates": [105.771, 21.0833]}, "properties": {"ma": "G10.TL0016.CO001", "ten": "C. Liên Mạc", "loai": "Cống", "vung": "ĐB Sông Hồng", "tinh": "01", "don_vi": "Bộ NN&PTNT", "luu_vuc": "Sông Tích - Nhuệ - Đáy", "flv_km2": 0.0, "w_huu_ich": 0.0, "w_toanbo": 0.0, "mndbt": 0.0, "mndgc": 0.0, "mnc": 0.0, "dt_tuoi": 0.0}}, {"type": "Feature", "geometry": {"type": "Point", "coordinates": [105.857, 21.074]}, "properties": {"ma": "G10.TL0017.CO001", "ten": "C. Long Tửu", "loai": "Cống", "vung": "ĐB Sông Hồng", "tinh": "01", "don_vi": "Bộ NN&PTNT", "luu_vuc": "Sông Cà Lồ - Ngũ Huyện Khê", "flv_km2": 0.0, "w_huu_ich": 0.0, "w_toanbo": 0.0, "mndbt": 0.0, "mndgc": 0.0, "mnc": 0.0, "dt_tuoi": 0.0}}, {"type": "Feature", "geometry": {"type": "Point", "coordinates": [105.92, 20.9718]}, "properties": {"ma": "G10.TL0005.CO001", "ten": "C. Xuân Quan", "loai": "Cống", "vung": "ĐB Sông Hồng", "tinh": "33", "don_vi": "Bộ NN&PTNT", "luu_vuc": "Sông Đuống - Luộc", "flv_km2": 0.0, "w_huu_ich": 0.0, "w_toanbo": 0.0, "mndbt": 0.0, "mndgc": 0.0, "mnc": 0.0, "dt_tuoi": 0.0}}, {"type": "Feature", "geometry": {"type": "Point", "coordinates": [106.465, 20.7811]}, "properties": {"ma": "G10.TL0005.CO002", "ten": "C. Cầu Xe", "loai": "Cống", "vung": "ĐB Sông Hồng", "tinh": "30", "don_vi": "Bộ NN&PTNT", "luu_vuc": "Sông Đuống - Luộc", "flv_km2": 0.0, "w_huu_ich": 0.0, "w_toanbo": 0.0, "mndbt": 0.0, "mndgc": 0.0, "mnc": 0.0, "dt_tuoi": 0.0}}, {"type": "Feature", "geometry": {"type": "Point", "coordinates": [106.455, 20.7495]}, "properties": {"ma": "G10.TL0005.CO003", "ten": "C. An Thổ", "loai": "Cống", "vung": "ĐB Sông Hồng", "tinh": "30", "don_vi": "Bộ NN&PTNT", "luu_vuc": "Sông Đuống - Luộc", "flv_km2": 0.0, "w_huu_ich": 0.0, "w_toanbo": 0.0, "mndbt": 0.0, "mndgc": 0.0, "mnc": 0.0, "dt_tuoi": 0.0}}, {"type": "Feature", "geometry": {"type": "Point", "coordinates": [106.033, 20.6184]}, "properties": {"ma": "G10.TL0006.CO007", "ten": "C. Tắc Giang", "loai": "Cống", "vung": "ĐB Sông Hồng", "tinh": "35", "don_vi": "Bộ NN&PTNT", "luu_vuc": "Sông Châu", "flv_km2": 0.0, "w_huu_ich": 0.0, "w_toanbo": 0.0, "mndbt": 0.0, "mndgc": 0.0, "mnc": 0.0, "dt_tuoi": 0.0}}, {"type": "Feature", "geometry": {"type": "Point", "coordinates": [105.813481, 20.380116]}, "properties": {"ma": "H42.TL0007.CO001", "ten": "C. Tân Hưng", "loai": "Cống", "vung": "ĐB Sông Hồng", "tinh": "37", "don_vi": "Công ty KTCTTL Ninh Bình", "luu_vuc": "Sông Hoàng Long", "flv_km2": 0.0, "w_huu_ich": 0.0, "w_toanbo": 0.0, "mndbt": 0.0, "mndgc": 0.0, "mnc": 0.0, "dt_tuoi": 0.0}}, {"type": "Feature", "geometry": {"type": "Point", "coordinates": [105.848233, 20.302649]}, "properties": {"ma": "H42.TL0009.CO001", "ten": "C. Âu thuyền Lê", "loai": "Cống", "vung": "ĐB Sông Hồng", "tinh": "37", "don_vi": "Công ty KTCTTL Ninh Bình", "luu_vuc": "Sông Hoàng Long", "flv_km2": 0.0, "w_huu_ich": 0.0, "w_toanbo": 0.0, "mndbt": 0.0, "mndgc": 0.0, "mnc": 0.0, "dt_tuoi": 0.0}}, {"type": "Feature", "geometry": {"type": "Point", "coordinates": [105.91835, 20.31734]}, "properties": {"ma": "H42.TL0009.CO002", "ten": "C. Âu thuyền sông Chanh", "loai": "Cống", "vung": "ĐB Sông Hồng", "tinh": "37", "don_vi": "Công ty KTCTTL Ninh Bình", "luu_vuc": "Sông Hoàng Long", "flv_km2": 0.0, "w_huu_ich": 0.0, "w_toanbo": 0.0, "mndbt": 0.0, "mndgc": 0.0, "mnc": 0.0, "dt_tuoi": 0.0}}, {"type": "Feature", "geometry": {"type": "Point", "coordinates": [106.409, 20.7271]}, "properties": {"ma": "H24.TL0001.CO001", "ten": "C. Chanh Chử", "loai": "Cống", "vung": "ĐB Sông Hồng", "tinh": "31", "don_vi": "Đang cập nhật", "luu_vuc": "Sông Bạch Đằng - Sông Cấm", "flv_km2": 0.0, "w_huu_ich": 0.0, "w_toanbo": 0.0, "mndbt": 0.0, "mndgc": 0.0, "mnc": 0.0, "dt_tuoi": 0.0}}, {"type": "Feature", "geometry": {"type": "Point", "coordinates": [106.465, 20.7239]}, "properties": {"ma": "H24.TL0001.CO002", "ten": "C. Ba Đồng 2", "loai": "Cống", "vung": "ĐB Sông Hồng", "tinh": "31", "don_vi": "Đang cập nhật", "luu_vuc": "Sông Bạch Đằng - Sông Cấm", "flv_km2": 0.0, "w_huu_ich": 0.0, "w_toanbo": 0.0, "mndbt": 0.0, "mndgc": 0.0, "mnc": 0.0, "dt_tuoi": 0.0}}, {"type": "Feature", "geometry": {"type": "Point", "coordinates": [106.523, 20.7519]}, "properties": {"ma": "H24.TL0003.CO001", "ten": "C. Rỗ mới", "loai": "Cống", "vung": "ĐB Sông Hồng", "tinh": "31", "don_vi": "Đang cập nhật", "luu_vuc": "Sông Bạch Đằng - Sông Cấm", "flv_km2": 0.0, "w_huu_ich": 0.0, "w_toanbo": 0.0, "mndbt": 0.0, "mndgc": 0.0, "mnc": 0.0, "dt_tuoi": 0.0}}, {"type": "Feature", "geometry": {"type": "Point", "coordinates": [106.106556, 20.213037]}, "properties": {"ma": "H42.TL0009.CO003", "ten": "C. Âu thuyền sông Mới", "loai": "Cống", "vung": "ĐB Sông Hồng", "tinh": "37", "don_vi": "Công ty KTCTTL Ninh Bình", "luu_vuc": "Sông Hoàng Long", "flv_km2": 0.0, "w_huu_ich": 0.0, "w_toanbo": 0.0, "mndbt": 0.0, "mndgc": 0.0, "mnc": 0.0, "dt_tuoi": 0.0}}, {"type": "Feature", "geometry": {"type": "Point", "coordinates": [106.528, 20.7604]}, "properties": {"ma": "H24.TL0003.CO002", "ten": "C. Sông Mới", "loai": "Cống", "vung": "ĐB Sông Hồng", "tinh": "31", "don_vi": "Đang cập nhật", "luu_vuc": "Sông Bạch Đằng - Sông Cấm", "flv_km2": 0.0, "w_huu_ich": 0.0, "w_toanbo": 0.0, "mndbt": 0.0, "mndgc": 0.0, "mnc": 0.0, "dt_tuoi": 0.0}}, {"type": "Feature", "geometry": {"type": "Point", "coordinates": [106.499, 20.8387]}, "properties": {"ma": "H24.TL0005.CO001", "ten": "C. Trung Trang", "loai": "Cống", "vung": "ĐB Sông Hồng", "tinh": "31", "don_vi": "Đang cập nhật", "luu_vuc": "Sông Bạch Đằng - Sông Cấm", "flv_km2": 0.0, "w_huu_ich": 0.0, "w_toanbo": 0.0, "mndbt": 0.0, "mndgc": 0.0, "mnc": 0.0, "dt_tuoi": 0.0}}, {"type": "Feature", "geometry": {"type": "Point", "coordinates": [106.564, 20.9873]}, "properties": {"ma": "H24.TL0006.CO001", "ten": "C. An Sơn 2", "loai": "Cống", "vung": "ĐB Sông Hồng", "tinh": "31", "don_vi": "Đang cập nhật", "luu_vuc": "Sông Bạch Đằng - Sông Cấm", "flv_km2": 0.0, "w_huu_ich": 0.0, "w_toanbo": 0.0, "mndbt": 0.0, "mndgc": 0.0, "mnc": 0.0, "dt_tuoi": 0.0}}, {"type": "Feature", "geometry": {"type": "Point", "coordinates": [106.485, 20.9321]}, "properties": {"ma": "G10.TL0018.CO001", "ten": "C. Bằng Lai", "loai": "Cống", "vung": "ĐB Sông Hồng", "tinh": "30", "don_vi": "Bộ NN&PTNT", "luu_vuc": "Sông Bạch Đằng - Sông Cấm", "flv_km2": 0.0, "w_huu_ich": 0.0, "w_toanbo": 0.0, "mndbt": 0.0, "mndgc": 0.0, "mnc": 0.0, "dt_tuoi": 0.0}}, {"type": "Feature", "geometry": {"type": "Point", "coordinates": [106.483, 20.9488]}, "properties": {"ma": "G10.TL0018.CO002", "ten": "C. Quảng Đạt", "loai": "Cống", "vung": "ĐB Sông Hồng", "tinh": "30", "don_vi": "Bộ NN&PTNT", "luu_vuc": "Sông Bạch Đằng - Sông Cấm", "flv_km2": 0.0, "w_huu_ich": 0.0, "w_toanbo": 0.0, "mndbt": 0.0, "mndgc": 0.0, "mnc": 0.0, "dt_tuoi": 0.0}}, {"type": "Feature", "geometry": {"type": "Point", "coordinates": [106.464, 20.8834]}, "properties": {"ma": "H23.TL0009.CO001", "ten": "C. Sông Hương", "loai": "Cống", "vung": "ĐB Sông Hồng", "tinh": "30", "don_vi": "Đang cập nhật", "luu_vuc": "Sông Bạch Đằng - Sông Cấm", "flv_km2": 0.0, "w_huu_ich": 0.0, "w_toanbo": 0.0, "mndbt": 0.0, "mndgc": 0.0, "mnc": 0.0, "dt_tuoi": 0.0}}, {"type": "Feature", "geometry": {"type": "Point", "coordinates": [106.562593, 20.984038]}, "properties": {"ma": "H23.TL0010.CO001", "ten": "C. An Trung", "loai": "Cống", "vung": "ĐB Sông Hồng", "tinh": "30", "don_vi": "Đang cập nhật", "luu_vuc": "Sông Bạch Đằng - Sông Cấm", "flv_km2": 0.0, "w_huu_ich": 0.0, "w_toanbo": 0.0, "mndbt": 0.0, "mndgc": 0.0, "mnc": 0.0, "dt_tuoi": 0.0}}, {"type": "Feature", "geometry": {"type": "Point", "coordinates": [106.129, 20.6483]}, "properties": {"ma": "H54.TL0001.CO001", "ten": "C. Lão Khê", "loai": "Cống", "vung": "ĐB Sông Hồng", "tinh": "34", "don_vi": "Đang cập nhật", "luu_vuc": "Sông Hồng", "flv_km2": 0.0, "w_huu_ich": 0.0, "w_toanbo": 0.0, "mndbt": 0.0, "mndgc": 0.0, "mnc": 0.0, "dt_tuoi": 0.0}}, {"type": "Feature", "geometry": {"type": "Point", "coordinates": [106.3012, 20.6884]}, "properties": {"ma": "H54.TL0001.CO002", "ten": "C. Bến Hiệp", "loai": "Cống", "vung": "ĐB Sông Hồng", "tinh": "34", "don_vi": "Đang cập nhật", "luu_vuc": "Sông Hồng", "flv_km2": 0.0, "w_huu_ich": 0.0, "w_toanbo": 0.0, "mndbt": 0.0, "mndgc": 0.0, "mnc": 0.0, "dt_tuoi": 0.0}}, {"type": "Feature", "geometry": {"type": "Point", "coordinates": [106.436417, 20.496096]}, "properties": {"ma": "H54.TL0001.CO003", "ten": "C. Thuyền Quan", "loai": "Cống", "vung": "ĐB Sông Hồng", "tinh": "34", "don_vi": "Đang cập nhật", "luu_vuc": "Sông Hồng", "flv_km2": 0.0, "w_huu_ich": 0.0, "w_toanbo": 0.0, "mndbt": 0.0, "mndgc": 0.0, "mnc": 0.0, "dt_tuoi": 0.0}}, {"type": "Feature", "geometry": {"type": "Point", "coordinates": [106.449105, 20.483684]}, "properties": {"ma": "H54.TL0004.CO001", "ten": "C. Dục Dương", "loai": "Cống", "vung": "ĐB Sông Hồng", "tinh": "34", "don_vi": "Đang cập nhật", "luu_vuc": "Sông Hồng", "flv_km2": 0.0, "w_huu_ich": 0.0, "w_toanbo": 0.0, "mndbt": 0.0, "mndgc": 0.0, "mnc": 0.0, "dt_tuoi": 0.0}}, {"type": "Feature", "geometry": {"type": "Point", "coordinates": [106.22386, 20.4387]}, "properties": {"ma": "H54.TL0004.CO002", "ten": "C. Tân Đệ", "loai": "Cống", "vung": "ĐB Sông Hồng", "tinh": "34", "don_vi": "Đang cập nhật", "luu_vuc": "Sông Hồng", "flv_km2": 0.0, "w_huu_ich": 0.0, "w_toanbo": 0.0, "mndbt": 0.0, "mndgc": 0.0, "mnc": 0.0, "dt_tuoi": 0.0}}, {"type": "Feature", "geometry": {"type": "Point", "coordinates": [106.212, 20.4176]}, "properties": {"ma": "H40.TL0005.CO001", "ten": "C. Ngô Xá", "loai": "Cống", "vung": "ĐB Sông Hồng", "tinh": "36", "don_vi": "Đang cập nhật", "luu_vuc": "Sông Hồng", "flv_km2": 0.0, "w_huu_ich": 0.0, "w_toanbo": 0.0, "mndbt": 0.0, "mndgc": 0.0, "mnc": 0.0, "dt_tuoi": 0.0}}, {"type": "Feature", "geometry": {"type": "Point", "coordinates": [106.364287, 20.345991]}, "properties": {"ma": "H40.TL0006.CO001", "ten": "C. Hạ Miêu I", "loai": "Cống", "vung": "ĐB Sông Hồng", "tinh": "36", "don_vi": "Đang cập nhật", "luu_vuc": "Sông Hồng", "flv_km2": 0.0, "w_huu_ich": 0.0, "w_toanbo": 0.0, "mndbt": 0.0, "mndgc": 0.0, "mnc": 0.0, "dt_tuoi": 0.0}}, {"type": "Feature", "geometry": {"type": "Point", "coordinates": [106.373303, 20.34128]}, "properties": {"ma": "H40.TL0006.CO002", "ten": "C. Hạ Miêu II", "loai": "Cống", "vung": "ĐB Sông Hồng", "tinh": "36", "don_vi": "Đang cập nhật", "luu_vuc": "Sông Hồng", "flv_km2": 0.0, "w_huu_ich": 0.0, "w_toanbo": 0.0, "mndbt": 0.0, "mndgc": 0.0, "mnc": 0.0, "dt_tuoi": 0.0}}, {"type": "Feature", "geometry": {"type": "Point", "coordinates": [106.386216, 20.340219]}, "properties": {"ma": "H40.TL0006.CO003", "ten": "C. Cát Xuyên", "loai": "Cống", "vung": "ĐB Sông Hồng", "tinh": "36", "don_vi": "Đang cập nhật", "luu_vuc": "Sông Hồng", "flv_km2": 0.0, "w_huu_ich": 0.0, "w_toanbo": 0.0, "mndbt": 0.0, "mndgc": 0.0, "mnc": 0.0, "dt_tuoi": 0.0}}, {"type": "Feature", "geometry": {"type": "Point", "coordinates": [106.408679, 20.319974]}, "properties": {"ma": "H40.TL0006.CO004", "ten": "C. Tài", "loai": "Cống", "vung": "ĐB Sông Hồng", "tinh": "36", "don_vi": "Đang cập nhật", "luu_vuc": "Sông Hồng", "flv_km2": 0.0, "w_huu_ich": 0.0, "w_toanbo": 0.0, "mndbt": 0.0, "mndgc": 0.0, "mnc": 0.0, "dt_tuoi": 0.0}}, {"type": "Feature", "geometry": {"type": "Point", "coordinates": [106.430426, 20.298636]}, "properties": {"ma": "H40.TL0006.CO005", "ten": "C. Ngô Đồng", "loai": "Cống", "vung": "ĐB Sông Hồng", "tinh": "36", "don_vi": "Đang cập nhật", "luu_vuc": "Sông Hồng", "flv_km2": 0.0, "w_huu_ich": 0.0, "w_toanbo": 0.0, "mndbt": 0.0, "mndgc": 0.0, "mnc": 0.0, "dt_tuoi": 0.0}}, {"type": "Feature", "geometry": {"type": "Point", "coordinates": [106.45221, 20.287068]}, "properties": {"ma": "H40.TL0006.CO006", "ten": "C. Cồn Nhất", "loai": "Cống", "vung": "ĐB Sông Hồng", "tinh": "36", "don_vi": "Đang cập nhật", "luu_vuc": "Sông Hồng", "flv_km2": 0.0, "w_huu_ich": 0.0, "w_toanbo": 0.0, "mndbt": 0.0, "mndgc": 0.0, "mnc": 0.0, "dt_tuoi": 0.0}}, {"type": "Feature", "geometry": {"type": "Point", "coordinates": [106.156, 20.1099]}, "properties": {"ma": "H40.TL0012.CO001", "ten": "C. Bình Hải II", "loai": "Cống", "vung": "ĐB Sông Hồng", "tinh": "36", "don_vi": "Đang cập nhật", "luu_vuc": "Sông Hồng", "flv_km2": 0.0, "w_huu_ich": 0.0, "w_toanbo": 0.0, "mndbt": 0.0, "mndgc": 0.0, "mnc": 0.0, "dt_tuoi": 0.0}}, {"type": "Feature", "geometry": {"type": "Point", "coordinates": [106.147148, 20.076872]}, "properties": {"ma": "H40.TL0012.CO002", "ten": "C. Âm Sa", "loai": "Cống", "vung": "ĐB Sông Hồng", "tinh": "36", "don_vi": "Đang cập nhật", "luu_vuc": "Sông Hồng", "flv_km2": 0.0, "w_huu_ich": 0.0, "w_toanbo": 0.0, "mndbt": 0.0, "mndgc": 0.0, "mnc": 0.0, "dt_tuoi": 0.0}}, {"type": "Feature", "geometry": {"type": "Point", "coordinates": [106.190364, 20.204469]}, "properties": {"ma": "H40.TL0012.CO003", "ten": "C. Đại Tám", "loai": "Cống", "vung": "ĐB Sông Hồng", "tinh": "36", "don_vi": "Đang cập nhật", "luu_vuc": "Sông Hồng", "flv_km2": 0.0, "w_huu_ich": 0.0, "w_toanbo": 0.0, "mndbt": 0.0, "mndgc": 0.0, "mnc": 0.0, "dt_tuoi": 0.0}}, {"type": "Feature", "geometry": {"type": "Point", "coordinates": [106.188775, 20.194844]}, "properties": {"ma": "H40.TL0015.CO001", "ten": "C. Sẻ", "loai": "Cống", "vung": "ĐB Sông Hồng", "tinh": "36", "don_vi": "Đang cập nhật", "luu_vuc": "Sông Hồng", "flv_km2": 0.0, "w_huu_ich": 0.0, "w_toanbo": 0.0, "mndbt": 0.0, "mndgc": 0.0, "mnc": 0.0, "dt_tuoi": 0.0}}, {"type": "Feature", "geometry": {"type": "Point", "coordinates": [107.74, 16.36]}, "properties": {"ma": "Đang cập nhật", "ten": "Cống Cống Quan", "loai": "Cống", "vung": "Bắc Trung Bộ", "tinh": "46", "don_vi": "Đang cập nhật", "luu_vuc": "Sông Hương", "dt_tuoi": 17400.0}}, {"type": "Feature", "geometry": {"type": "Point", "coordinates": [106.207852, 10.099453]}, "properties": {"ma": "G10.TL0010.CO001", "ten": "Cống Vũng Liêm", "loai": "Cống", "vung": "Đồng bằng SCL", "tinh": "86", "don_vi": "Công ty TNHH MTV KTTL Miền Nam", "luu_vuc": "Sông Cửu Long", "nam_xd": 2007.0}}, {"type": "Feature", "geometry": {"type": "Point", "coordinates": [105.130781, 9.838632]}, "properties": {"ma": "G10.TL0008.CO001", "ten": "Cống Cái Lớn", "loai": "Cống", "nam_xd": "2021", "vung": "Đồng bằng SCL", "tinh": "91", "don_vi": "Công ty TNHH MTV KTTL Miền Nam", "luu_vuc": "Sông Cửu Long"}}, {"type": "Feature", "geometry": {"type": "Point", "coordinates": [105.14101, 9.851417]}, "properties": {"ma": "G10.TL0008.CO002", "ten": "Cống Cái Bé", "loai": "Cống", "nam_xd": "2021", "vung": "Đồng bằng SCL", "tinh": "91", "don_vi": "Công ty TNHH MTV KTTL Miền Nam", "luu_vuc": "Sông Cửu Long"}}, {"type": "Feature", "geometry": {"type": "Point", "coordinates": [105.108188, 9.857625]}, "properties": {"ma": "G10.TL0008.CO003", "ten": "Cống Âu Thuyền Xẻo Rô", "loai": "Cống", "vung": "Đồng bằng SCL", "tinh": "91", "don_vi": "Công ty TNHH MTV KTTL Miền Nam", "luu_vuc": "Sông Cửu Long", "nam_xd": 2002.0}}, {"type": "Feature", "geometry": {"type": "Point", "coordinates": [105.5189, 9.491723]}, "properties": {"ma": "G10.TL0009.CO001", "ten": "Cống Âu thuyền Ninh Quới", "loai": "Cống", "vung": "Đồng bằng SCL", "tinh": "95", "don_vi": "Công ty TNHH MTV KTTL Miền Nam", "luu_vuc": "Sông Cửu Long"}}, {"type": "Feature", "geometry": {"type": "Point", "coordinates": [106.005675, 9.886159]}, "properties": {"ma": "G10.TL0010.CO001", "ten": "Cống Bông Bót", "loai": "Cống", "vung": "Đồng bằng SCL", "tinh": "84", "don_vi": "Công ty TNHH MTV KTTL Miền Nam", "luu_vuc": "Sông Cửu Long", "nam_xd": 2007.0}}, {"type": "Feature", "geometry": {"type": "Point", "coordinates": [105.990014, 9.903795]}, "properties": {"ma": "G10.TL0010.CO002", "ten": "Cống Tân Dinh", "loai": "Cống", "vung": "Đồng bằng SCL", "tinh": "86", "don_vi": "Công ty TNHH MTV KTTL Miền Nam", "luu_vuc": "Sông Cửu Long", "nam_xd": 2004.0}}, {"type": "Feature", "geometry": {"type": "Point", "coordinates": [105.304384, 10.564989]}, "properties": {"ma": "G10.TL0022.CO001", "ten": "C. Cái Đầm", "loai": "Cống", "nam_xd": "1999", "vung": "Đồng bằng SCL", "tinh": "89", "don_vi": "BQL Bắc Vàm Nao", "luu_vuc": "Sông Cửu Long"}}, {"type": "Feature", "geometry": {"type": "Point", "coordinates": [105.217457, 10.669594]}, "properties": {"ma": "G10.TL0022.CO002", "ten": "C. Hòa Bình", "loai": "Cống", "nam_xd": "2006", "vung": "Đồng bằng SCL", "tinh": "89", "don_vi": "BQL Bắc Vàm Nao", "luu_vuc": "Sông Cửu Long"}}, {"type": "Feature", "geometry": {"type": "Point", "coordinates": [106.403652, 10.603663]}, "properties": {"ma": "G10.TL0025.CO001", "ten": "Cống Cây Gáo", "loai": "Cống", "nam_xd": "2000", "vung": "Đồng bằng SCL", "tinh": "80", "don_vi": "Huyện", "luu_vuc": "Sông Cửu Long"}}, {"type": "Feature", "geometry": {"type": "Point", "coordinates": [106.422457, 10.543298]}, "properties": {"ma": "G10.TL0025.CO002", "ten": "C. Châu Phê", "loai": "Cống", "nam_xd": "2000", "vung": "Đồng bằng SCL", "tinh": "80", "don_vi": "Trung tâm QLKTCTTL Long An", "luu_vuc": "Sông Cửu Long"}}, {"type": "Feature", "geometry": {"type": "Point", "coordinates": [106.341528, 10.388563]}, "properties": {"ma": "G10.TL0024.CO001", "ten": "C. Bảo Định", "loai": "Cống", "nam_xd": "2004", "vung": "Đồng bằng SCL", "tinh": "82", "don_vi": "Công ty TNHH MTV KTCTTL Tiền Giang", "luu_vuc": "Sông Cửu Long"}}, {"type": "Feature", "geometry": {"type": "Point", "coordinates": [106.308012, 10.34539]}, "properties": {"ma": "G10.TL0024.CO002", "ten": "C. Xoài Hột", "loai": "Cống", "nam_xd": "2018", "vung": "Đồng bằng SCL", "tinh": "82", "don_vi": "Công ty TNHH MTV KTCTTL Tiền Giang", "luu_vuc": "Sông Cửu Long"}}, {"type": "Feature", "geometry": {"type": "Point", "coordinates": [106.370147, 10.36459]}, "properties": {"ma": "G10.TL0024.CO003", "ten": "C. Gò Cát", "loai": "Cống", "nam_xd": "1999", "vung": "Đồng bằng SCL", "tinh": "82", "don_vi": "Công ty TNHH MTV KTCTTL Tiền Giang", "luu_vuc": "Sông Cửu Long"}}, {"type": "Feature", "geometry": {"type": "Point", "coordinates": [106.364951, 10.554863]}, "properties": {"ma": "G10.TL0024.CO004", "ten": "C. Rạch Chanh", "loai": "Cống", "nam_xd": "1991", "vung": "Đồng bằng SCL", "tinh": "80", "don_vi": "Trung tâm QLKTCTTL Long An", "luu_vuc": "Sông Cửu Long"}}, {"type": "Feature", "geometry": {"type": "Point", "coordinates": [106.411383, 10.533338]}, "properties": {"ma": "G10.TL0024.CO005", "ten": "C. Tân An", "loai": "Cống", "nam_xd": "2010", "vung": "Đồng bằng SCL", "tinh": "80", "don_vi": "Trung tâm QLKTCTTL Long An", "luu_vuc": "Sông Cửu Long"}}, {"type": "Feature", "geometry": {"type": "Point", "coordinates": [106.564472, 10.462758]}, "properties": {"ma": "G10.TL0024.CO006", "ten": "Cống Sông Cui", "loai": "Cống", "nam_xd": "2000", "vung": "Đồng bằng SCL", "tinh": "80", "don_vi": "Trung tâm QLKTCTTL Long An", "luu_vuc": "Sông Cửu Long"}}, {"type": "Feature", "geometry": {"type": "Point", "coordinates": [106.500569, 10.487938]}, "properties": {"ma": "G10.TL0024.CO007", "ten": "Cống, đập Tầm Vu", "loai": "Cống", "nam_xd": "0", "vung": "Đồng bằng SCL", "tinh": "80", "don_vi": "Trung tâm QLKTCTTL Long An", "luu_vuc": "Sông Cửu Long"}}, {"type": "Feature", "geometry": {"type": "Point", "coordinates": [106.468085, 10.505694]}, "properties": {"ma": "G10.TL0024.CO008", "ten": "Cống, đập Kỳ Son", "loai": "Cống", "nam_xd": "0", "vung": "Đồng bằng SCL", "tinh": "80", "don_vi": "Trung tâm QLKTCTTL Long An", "luu_vuc": "Sông Cửu Long"}}, {"type": "Feature", "geometry": {"type": "Point", "coordinates": [106.530643, 10.433855]}, "properties": {"ma": "G10.TL0022.CO001", "ten": "Cống Rạch Tràm", "loai": "Cống", "nam_xd": "0", "vung": "Đồng bằng SCL", "tinh": "80", "don_vi": "Trung tâm QLKTCTTL Long An", "luu_vuc": "Sông Cửu Long"}}, {"type": "Feature", "geometry": {"type": "Point", "coordinates": [106.44604, 10.527432]}, "properties": {"ma": "G10.TL0022.CO002", "ten": "C. Bình Tâm", "loai": "Cống", "nam_xd": "2013", "vung": "Đồng bằng SCL", "tinh": "80", "don_vi": "Trung tâm QLKTCTTL Long An", "luu_vuc": "Sông Cửu Long"}}, {"type": "Feature", "geometry": {"type": "Point", "coordinates": [104.981754, 10.109289]}, "properties": {"ma": "G10.TL0022.CO003", "ten": "C. Vàm Răng", "loai": "Cống", "nam_xd": "0", "vung": "Đồng bằng SCL", "tinh": "91", "don_vi": "Chi cục Thủy lợi Kiên Giang", "luu_vuc": "Sông Cửu Long"}}, {"type": "Feature", "geometry": {"type": "Point", "coordinates": [104.785722, 10.219345]}, "properties": {"ma": "G10.TL0022.CO004", "ten": "C. Vàm Rầy", "loai": "Cống", "nam_xd": "0", "vung": "Đồng bằng SCL", "tinh": "91", "don_vi": "Chi cục Thủy lợi Kiên Giang", "luu_vuc": "Sông Cửu Long"}}, {"type": "Feature", "geometry": {"type": "Point", "coordinates": [104.706113, 10.219609]}, "properties": {"ma": "G10.TL0022.CO005", "ten": "C. T5", "loai": "Cống", "nam_xd": "0", "vung": "Đồng bằng SCL", "tinh": "91", "don_vi": "Chi cục Thủy lợi Kiên Giang", "luu_vuc": "Sông Cửu Long"}}, {"type": "Feature", "geometry": {"type": "Point", "coordinates": [104.855155, 10.151776]}, "properties": {"ma": "G10.TL0022.CO006", "ten": "C. Luỳnh Huỳnh", "loai": "Cống", "nam_xd": "0", "vung": "Đồng bằng SCL", "tinh": "91", "don_vi": "Chi cục Thủy lợi Kiên Giang", "luu_vuc": "Sông Cửu Long"}}, {"type": "Feature", "geometry": {"type": "Point", "coordinates": [104.699251, 10.215017]}, "properties": {"ma": "G10.TL0022.CO007", "ten": "C. Lung Lớn 1", "loai": "Cống", "nam_xd": "0", "vung": "Đồng bằng SCL", "tinh": "91", "don_vi": "Chi cục Thủy lợi Kiên Giang", "luu_vuc": "Sông Cửu Long"}}, {"type": "Feature", "geometry": {"type": "Point", "coordinates": [104.915829, 10.096644]}, "properties": {"ma": "G10.TL0022.CO008", "ten": "C. Số 9", "loai": "Cống", "nam_xd": "0", "vung": "Đồng bằng SCL", "tinh": "91", "don_vi": "Chi cục Thủy lợi Kiên Giang", "luu_vuc": "Sông Cửu Long"}}, {"type": "Feature", "geometry": {"type": "Point", "coordinates": [104.727698, 10.229658]}, "properties": {"ma": "G10.TL0022.CO009", "ten": "C. Bình Giang 1", "loai": "Cống", "nam_xd": "0", "vung": "Đồng bằng SCL", "tinh": "91", "don_vi": "Chi cục Thủy lợi Kiên Giang", "luu_vuc": "Sông Cửu Long"}}, {"type": "Feature", "geometry": {"type": "Point", "coordinates": [104.597278, 10.255235]}, "properties": {"ma": "G10.TL0022.CO010", "ten": "C. Ba Hòn", "loai": "Cống", "nam_xd": "0", "vung": "Đồng bằng SCL", "tinh": "91", "don_vi": "Chi cục Thủy lợi Kiên Giang", "luu_vuc": "Sông Cửu Long"}}, {"type": "Feature", "geometry": {"type": "Point", "coordinates": [105.064707, 10.025196]}, "properties": {"ma": "G10.TL0022.CO011", "ten": "C. Kênh Cụt", "loai": "Cống", "nam_xd": "0", "vung": "Đồng bằng SCL", "tinh": "91", "don_vi": "Chi cục Thủy lợi Kiên Giang", "luu_vuc": "Sông Cửu Long"}}, {"type": "Feature", "geometry": {"type": "Point", "coordinates": [104.637608, 10.5282]}, "properties": {"ma": "G10.TL0022.CO012", "ten": "C. Đầm Chích", "loai": "Cống", "nam_xd": "0", "vung": "Đồng bằng SCL", "tinh": "91", "don_vi": "Chi cục Thủy lợi Kiên Giang", "luu_vuc": "Sông Cửu Long"}}, {"type": "Feature", "geometry": {"type": "Point", "coordinates": [104.750682, 10.228039]}, "properties": {"ma": "G10.TL0022.CO013", "ten": "C. T6", "loai": "Cống", "nam_xd": "0", "vung": "Đồng bằng SCL", "tinh": "91", "don_vi": "Chi cục Thủy lợi Kiên Giang", "luu_vuc": "Sông Cửu Long"}}, {"type": "Feature", "geometry": {"type": "Point", "coordinates": [105.055693, 10.039072]}, "properties": {"ma": "G10.TL0022.CO014", "ten": "C. Kênh Số 2", "loai": "Cống", "nam_xd": "0", "vung": "Đồng bằng SCL", "tinh": "91", "don_vi": "Chi cục Thủy lợi Kiên Giang", "luu_vuc": "Sông Cửu Long"}}, {"type": "Feature", "geometry": {"type": "Point", "coordinates": [104.569939, 10.449007]}, "properties": {"ma": "G10.TL0022.CO015", "ten": "C. Hà Giang", "loai": "Cống", "nam_xd": "0", "vung": "Đồng bằng SCL", "tinh": "91", "don_vi": "Chi cục Thủy lợi Kiên Giang", "luu_vuc": "Sông Cửu Long"}}, {"type": "Feature", "geometry": {"type": "Point", "coordinates": [105.077834, 10.00999]}, "properties": {"ma": "G10.TL0022.CO016", "ten": "C. Cống Sông Kiên", "loai": "Cống", "nam_xd": "0", "vung": "Đồng bằng SCL", "tinh": "91", "don_vi": "Chi cục Thủy lợi Kiên Giang", "luu_vuc": "Sông Cửu Long"}}, {"type": "Feature", "geometry": {"type": "Point", "coordinates": [104.770682, 10.223061]}, "properties": {"ma": "G10.TL0022.CO017", "ten": "C. Bình Giang 2", "loai": "Cống", "nam_xd": "0", "vung": "Đồng bằng SCL", "tinh": "91", "don_vi": "Chi cục Thủy lợi Kiên Giang", "luu_vuc": "Sông Cửu Long"}}, {"type": "Feature", "geometry": {"type": "Point", "coordinates": [104.956088, 10.102097]}, "properties": {"ma": "G10.TL0022.CO018", "ten": "C. Số 7", "loai": "Cống", "nam_xd": "0", "vung": "Đồng bằng SCL", "tinh": "91", "don_vi": "Chi cục Thủy lợi Kiên Giang", "luu_vuc": "Sông Cửu Long"}}, {"type": "Feature", "geometry": {"type": "Point", "coordinates": [104.989969, 10.105789]}, "properties": {"ma": "G10.TL0022.CO019", "ten": "C. Tà Lúa", "loai": "Cống", "nam_xd": "0", "vung": "Đồng bằng SCL", "tinh": "91", "don_vi": "Chi cục Thủy lợi Kiên Giang", "luu_vuc": "Sông Cửu Long"}}, {"type": "Feature", "geometry": {"type": "Point", "coordinates": [105.023783, 10.070624]}, "properties": {"ma": "G10.TL0022.CO020", "ten": "C. Cầu Số 3", "loai": "Cống", "nam_xd": "0", "vung": "Đồng bằng SCL", "tinh": "91", "don_vi": "Chi cục Thủy lợi Kiên Giang", "luu_vuc": "Sông Cửu Long"}}, {"type": "Feature", "geometry": {"type": "Point", "coordinates": [104.609658, 10.390524]}, "properties": {"ma": "G10.TL0022.CO021", "ten": "C. Nông Trường B", "loai": "Cống", "nam_xd": "0", "vung": "Đồng bằng SCL", "tinh": "91", "don_vi": "Chi cục Thủy lợi Kiên Giang", "luu_vuc": "Sông Cửu Long"}}, {"type": "Feature", "geometry": {"type": "Point", "coordinates": [104.560538, 10.344173]}, "properties": {"ma": "G10.TL0022.CO022", "ten": "C. Nông Trường", "loai": "Cống", "nam_xd": "0", "vung": "Đồng bằng SCL", "tinh": "91", "don_vi": "Chi cục Thủy lợi Kiên Giang", "luu_vuc": "Sông Cửu Long"}}, {"type": "Feature", "geometry": {"type": "Point", "coordinates": [104.864211, 10.129386]}, "properties": {"ma": "G10.TL0022.CO023", "ten": "C. Tà Lức", "loai": "Cống", "nam_xd": "0", "vung": "Đồng bằng SCL", "tinh": "91", "don_vi": "Chi cục Thủy lợi Kiên Giang", "luu_vuc": "Sông Cửu Long"}}, {"type": "Feature", "geometry": {"type": "Point", "coordinates": [104.934033, 10.603124]}, "properties": {"ma": "G10.TL0022.CO024", "ten": "C. Tràn Xuân Tô", "loai": "Cống", "nam_xd": "0", "vung": "Đồng bằng SCL", "tinh": "89", "don_vi": "Công ty TNHH MTV KTTL An Giang", "luu_vuc": "Sông Cửu Long"}}, {"type": "Feature", "geometry": {"type": "Point", "coordinates": [105.012911, 10.656808]}, "properties": {"ma": "G10.TL0022.CO025", "ten": "C. Trà Sư", "loai": "Cống", "nam_xd": "2021", "vung": "Đồng bằng SCL", "tinh": "89", "don_vi": "Công ty TNHH MTV KTTL An Giang", "luu_vuc": "Sông Cửu Long"}}, {"type": "Feature", "geometry": {"type": "Point", "coordinates": [105.024103, 10.663301]}, "properties": {"ma": "G10.TL0022.CO026", "ten": "C. Tha La", "loai": "Cống", "nam_xd": "2021", "vung": "Đồng bằng SCL", "tinh": "89", "don_vi": "Công ty TNHH MTV KTTL An Giang", "luu_vuc": "Sông Cửu Long"}}, {"type": "Feature", "geometry": {"type": "Point", "coordinates": [106.283044, 10.342823]}, "properties": {"ma": "H58.TL0046.CO001", "ten": "C. Âu Nguyễn Tấn Thành", "loai": "Cống", "nam_xd": "2022", "vung": "Đồng bằng SCL", "tinh": "82", "don_vi": "Công ty TNHH MTV KTCTTL Tiền Giang", "luu_vuc": "Sông Cửu Long"}}, {"type": "Feature", "geometry": {"type": "Point", "coordinates": [106.246491, 10.327504]}, "properties": {"ma": "H58.TL0047.CO002", "ten": "C. Rạch Gầm", "loai": "Cống", "nam_xd": "0", "vung": "Đồng bằng SCL", "tinh": "82", "don_vi": "Công ty TNHH MTV KTCTTL Tiền Giang", "luu_vuc": "Sông Cửu Long"}}, {"type": "Feature", "geometry": {"type": "Point", "coordinates": [106.210537, 10.324412]}, "properties": {"ma": "H58.TL0048.CO003", "ten": "C. Phú Phong", "loai": "Cống", "nam_xd": "0", "vung": "Đồng bằng SCL", "tinh": "82", "don_vi": "Công ty TNHH MTV KTCTTL Tiền Giang", "luu_vuc": "Sông Cửu Long"}}, {"type": "Feature", "geometry": {"type": "Point", "coordinates": [106.15099, 10.309764]}, "properties": {"ma": "H58.TL0049.CO004", "ten": "C. Mù U", "loai": "Cống", "nam_xd": "0", "vung": "Đồng bằng SCL", "tinh": "82", "don_vi": "Công ty TNHH MTV KTCTTL Tiền Giang", "luu_vuc": "Sông Cửu Long"}}, {"type": "Feature", "geometry": {"type": "Point", "coordinates": [106.054613, 10.331389]}, "properties": {"ma": "H58.TL0050.CO005", "ten": "C. Giồng Tre 2", "loai": "Cống", "nam_xd": "0", "vung": "Đồng bằng SCL", "tinh": "82", "don_vi": "Công ty TNHH MTV KTCTTL Tiền Giang", "luu_vuc": "Sông Cửu Long"}}, {"type": "Feature", "geometry": {"type": "Point", "coordinates": [106.113556, 10.345108]}, "properties": {"ma": "H58.TL0051.CO006", "ten": "C. Bầu Điền", "loai": "Cống", "nam_xd": "2013", "vung": "Đồng bằng SCL", "tinh": "82", "don_vi": "Công ty TNHH MTV KTCTTL Tiền Giang", "luu_vuc": "Sông Cửu Long"}}, {"type": "Feature", "geometry": {"type": "Point", "coordinates": [106.143303, 10.345573]}, "properties": {"ma": "H58.TL0052.CO007", "ten": "C. Mười Nén", "loai": "Cống", "nam_xd": "0", "vung": "Đồng bằng SCL", "tinh": "82", "don_vi": "Huyện", "luu_vuc": "Sông Cửu Long"}}, {"type": "Feature", "geometry": {"type": "Point", "coordinates": [106.087669, 10.367514]}, "properties": {"ma": "H58.TL0053.CO008", "ten": "C. Cầu Ván", "loai": "Cống", "nam_xd": "0", "vung": "Đồng bằng SCL", "tinh": "82", "don_vi": "Huyện", "luu_vuc": "Sông Cửu Long"}}, {"type": "Feature", "geometry": {"type": "Point", "coordinates": [106.058345, 10.330464]}, "properties": {"ma": "H58.TL0054.CO009", "ten": "C. Cái Lá", "loai": "Cống", "nam_xd": "0", "vung": "Đồng bằng SCL", "tinh": "82", "don_vi": "Huyện", "luu_vuc": "Sông Cửu Long"}}, {"type": "Feature", "geometry": {"type": "Point", "coordinates": [106.082609, 10.354247]}, "properties": {"ma": "H58.TL0055.CO010", "ten": "C. Thầy Thanh", "loai": "Cống", "nam_xd": "0", "vung": "Đồng bằng SCL", "tinh": "82", "don_vi": "Công ty TNHH MTV KTCTTL Tiền Giang", "luu_vuc": "Sông Cửu Long"}}, {"type": "Feature", "geometry": {"type": "Point", "coordinates": [106.084926, 10.374631]}, "properties": {"ma": "H58.TL0056.CO011", "ten": "C. Thanh Niên", "loai": "Cống", "nam_xd": "2010", "vung": "Đồng bằng SCL", "tinh": "82", "don_vi": "Công ty TNHH MTV KTCTTL Tiền Giang", "luu_vuc": "Sông Cửu Long"}}, {"type": "Feature", "geometry": {"type": "Point", "coordinates": [106.172474, 10.314145]}, "properties": {"ma": "H58.TL0057.CO012", "ten": "C. Hai Tân", "loai": "Cống", "nam_xd": "0", "vung": "Đồng bằng SCL", "tinh": "82", "don_vi": "Công ty TNHH MTV KTCTTL Tiền Giang", "luu_vuc": "Sông Cửu Long"}}, {"type": "Feature", "geometry": {"type": "Point", "coordinates": [106.084459, 10.411256]}, "properties": {"ma": "H58.TL0058.CO013", "ten": "C. Giồng Tre 1", "loai": "Cống", "nam_xd": "2019", "vung": "Đồng bằng SCL", "tinh": "82", "don_vi": "Công ty TNHH MTV KTCTTL Tiền Giang", "luu_vuc": "Sông Cửu Long"}}, {"type": "Feature", "geometry": {"type": "Point", "coordinates": [106.251848, 10.409226]}, "properties": {"ma": "H58.TL0059.CO014", "ten": "C. Cây Còng", "loai": "Cống", "nam_xd": "0", "vung": "Đồng bằng SCL", "tinh": "82", "don_vi": "Công ty TNHH MTV KTCTTL Tiền Giang", "luu_vuc": "Sông Cửu Long"}}, {"type": "Feature", "geometry": {"type": "Point", "coordinates": [106.058521, 10.38548]}, "properties": {"ma": "H58.TL0060.CO015", "ten": "C. Cầu Kênh", "loai": "Cống", "nam_xd": "2009", "vung": "Đồng bằng SCL", "tinh": "82", "don_vi": "Công ty TNHH MTV KTCTTL Tiền Giang", "luu_vuc": "Sông Cửu Long"}}, {"type": "Feature", "geometry": {"type": "Point", "coordinates": [106.135765, 10.306608]}, "properties": {"ma": "H58.TL0061.CO016", "ten": "C. Cái Sơn", "loai": "Cống", "nam_xd": "0", "vung": "Đồng bằng SCL", "tinh": "82", "don_vi": "Công ty TNHH MTV KTCTTL Tiền Giang", "luu_vuc": "Sông Cửu Long"}}, {"type": "Feature", "geometry": {"type": "Point", "coordinates": [106.364236, 10.556529]}, "properties": {"ma": "G10.TL0024.CO001", "ten": "Âu thuyền Rạch Chanh", "loai": "Cống", "nam_xd": "0", "vung": "Đồng bằng SCL", "tinh": "80", "don_vi": "Huyện", "luu_vuc": "Sông Cửu Long"}}, {"type": "Feature", "geometry": {"type": "Point", "coordinates": [106.343379, 10.584992]}, "properties": {"ma": "G10.TL0024.CO002", "ten": "C. Bắc Đông", "loai": "Cống", "nam_xd": "1993", "vung": "Đồng bằng SCL", "tinh": "80", "don_vi": "Trung tâm QLKTCTTL Long An", "luu_vuc": "Sông Cửu Long"}}, {"type": "Feature", "geometry": {"type": "Point", "coordinates": [106.222788, 10.084315]}, "properties": {"ma": "G10.TL0010.CO001", "ten": "C. Nàng Âm", "loai": "Cống", "nam_xd": "2007", "vung": "Đồng bằng SCL", "tinh": "86", "don_vi": "BQL ĐTXD các công trình Nông nghiệp & PTNT tỉnh Vĩnh Long", "luu_vuc": "Sông Cửu Long"}}, {"type": "Feature", "geometry": {"type": "Point", "coordinates": [106.307076, 9.996362]}, "properties": {"ma": "G10.TL0010.CO002", "ten": "C. Láng Thé", "loai": "Cống", "nam_xd": "2004", "vung": "Đồng bằng SCL", "tinh": "84", "don_vi": "Công ty TNHH MTV KTCTTL Trà Vinh", "luu_vuc": "Sông Cửu Long"}}, {"type": "Feature", "geometry": {"type": "Point", "coordinates": [106.140749, 9.761351]}, "properties": {"ma": "G10.TL0010.CO003", "ten": "C. Cần Chông", "loai": "Cống", "nam_xd": "2005", "vung": "Đồng bằng SCL", "tinh": "84", "don_vi": "Công ty TNHH MTV KTCTTL Trà Vinh", "luu_vuc": "Sông Cửu Long"}}, {"type": "Feature", "geometry": {"type": "Point", "coordinates": [106.25048, 10.062563]}, "properties": {"ma": "G10.TL0010.CO004", "ten": "Cái Hóp", "loai": "Cống", "nam_xd": "2002", "vung": "Đồng bằng SCL", "tinh": "84", "don_vi": "Công ty TNHH MTV KTCTTL Trà Vinh", "luu_vuc": "Sông Cửu Long"}}, {"type": "Feature", "geometry": {"type": "Point", "coordinates": [106.444771, 9.867525]}, "properties": {"ma": "G10.TL0010.CO005", "ten": "C. Vĩnh Kim", "loai": "Cống", "nam_xd": "2002", "vung": "Đồng bằng SCL", "tinh": "84", "don_vi": "Công ty TNHH MTV KTCTTL Trà Vinh", "luu_vuc": "Sông Cửu Long"}}, {"type": "Feature", "geometry": {"type": "Point", "coordinates": [106.055399, 9.820895]}, "properties": {"ma": "G10.TL0010.CO006", "ten": "C. Rạch Rum", "loai": "Cống", "nam_xd": "2004", "vung": "Đồng bằng SCL", "tinh": "84", "don_vi": "Công ty TNHH MTV KTCTTL Trà Vinh", "luu_vuc": "Sông Cửu Long"}}, {"type": "Feature", "geometry": {"type": "Point", "coordinates": [106.521881, 9.727619]}, "properties": {"ma": "G10.TL0010.CO007", "ten": "C. Bến Chùa", "loai": "Cống", "nam_xd": "2004", "vung": "Đồng bằng SCL", "tinh": "84", "don_vi": "Công ty TNHH MTV KTCTTL Trà Vinh", "luu_vuc": "Sông Cửu Long"}}, {"type": "Feature", "geometry": {"type": "Point", "coordinates": [106.521198, 9.72981]}, "properties": {"ma": "G10.TL0010.CO008", "ten": "C. Thâu Râu", "loai": "Cống", "nam_xd": "1994", "vung": "Đồng bằng SCL", "tinh": "84", "don_vi": "Công ty TNHH MTV KTCTTL Trà Vinh", "luu_vuc": "Sông Cửu Long"}}, {"type": "Feature", "geometry": {"type": "Point", "coordinates": [106.081863, 9.796603]}, "properties": {"ma": "G10.TL0010.CO009", "ten": "C. Mỹ Văn", "loai": "Cống", "nam_xd": "2005", "vung": "Đồng bằng SCL", "tinh": "84", "don_vi": "Công ty TNHH MTV KTCTTL Trà Vinh", "luu_vuc": "Sông Cửu Long"}}, {"type": "Feature", "geometry": {"type": "Point", "coordinates": [106.343685, 9.88969]}, "properties": {"ma": "G10.TL0010.CO010", "ten": "C. Tầm Phương", "loai": "Cống", "nam_xd": "2004", "vung": "Đồng bằng SCL", "tinh": "84", "don_vi": "Công ty TNHH MTV KTCTTL Trà Vinh", "luu_vuc": "Sông Cửu Long"}}, {"type": "Feature", "geometry": {"type": "Point", "coordinates": [106.449514, 9.867984]}, "properties": {"ma": "G10.TL0010.CO011", "ten": "C. Vĩnh Bình", "loai": "Cống", "nam_xd": "2001", "vung": "Đồng bằng SCL", "tinh": "84", "don_vi": "Công ty TNHH MTV KTCTTL Trà Vinh", "luu_vuc": "Sông Cửu Long"}}, {"type": "Feature", "geometry": {"type": "Point", "coordinates": [106.178687, 9.710934]}, "properties": {"ma": "G10.TL0010.CO012", "ten": "C. Vàm Buôn", "loai": "Cống", "nam_xd": "1999", "vung": "Đồng bằng SCL", "tinh": "84", "don_vi": "Công ty TNHH MTV KTCTTL Trà Vinh", "luu_vuc": "Sông Cửu Long"}}, {"type": "Feature", "geometry": {"type": "Point", "coordinates": [106.258619, 9.695639]}, "properties": {"ma": "G10.TL0010.CO013", "ten": "C. Trà Cú", "loai": "Cống", "nam_xd": "1995", "vung": "Đồng bằng SCL", "tinh": "84", "don_vi": "Công ty TNHH MTV KTCTTL Trà Vinh", "luu_vuc": "Sông Cửu Long"}}, {"type": "Feature", "geometry": {"type": "Point", "coordinates": [106.443429, 9.867296]}, "properties": {"ma": "G10.TL0010.CO014", "ten": "C. Chà Và", "loai": "Cống", "nam_xd": "1999", "vung": "Đồng bằng SCL", "tinh": "84", "don_vi": "Công ty TNHH MTV KTCTTL Trà Vinh", "luu_vuc": "Sông Cửu Long"}}, {"type": "Feature", "geometry": {"type": "Point", "coordinates": [106.35046, 9.871813]}, "properties": {"ma": "G10.TL0010.CO015", "ten": "C. Đa Lộc", "loai": "Cống", "nam_xd": "2004", "vung": "Đồng bằng SCL", "tinh": "84", "don_vi": "Công ty TNHH MTV KTCTTL Trà Vinh", "luu_vuc": "Sông Cửu Long"}}, {"type": "Feature", "geometry": {"type": "Point", "coordinates": [106.443429, 9.867296]}, "properties": {"ma": "G10.TL0010.CO016", "ten": "C. Nhà Thờ", "loai": "Cống", "nam_xd": "1997", "vung": "Đồng bằng SCL", "tinh": "84", "don_vi": "Công ty TNHH MTV KTCTTL Trà Vinh", "luu_vuc": "Sông Cửu Long"}}, {"type": "Feature", "geometry": {"type": "Point", "coordinates": [106.38168, 9.656862]}, "properties": {"ma": "G10.TL0010.CO017", "ten": "C. La Bang", "loai": "Cống", "nam_xd": "2004", "vung": "Đồng bằng SCL", "tinh": "84", "don_vi": "Công ty TNHH MTV KTCTTL Trà Vinh", "luu_vuc": "Sông Cửu Long"}}, {"type": "Feature", "geometry": {"type": "Point", "coordinates": [106.408336, 9.814069]}, "properties": {"ma": "G10.TL0010.CO018", "ten": "C. Hiệp Hòa", "loai": "Cống", "nam_xd": "2004", "vung": "Đồng bằng SCL", "tinh": "84", "don_vi": "Công ty TNHH MTV KTCTTL Trà Vinh", "luu_vuc": "Sông Cửu Long"}}, {"type": "Feature", "geometry": {"type": "Point", "coordinates": [106.230649, 9.703427]}, "properties": {"ma": "G10.TL0010.CO019", "ten": "C. Mù U", "loai": "Cống", "nam_xd": "2007", "vung": "Đồng bằng SCL", "tinh": "84", "don_vi": "Công ty TNHH MTV KTCTTL Trà Vinh", "luu_vuc": "Sông Cửu Long"}}, {"type": "Feature", "geometry": {"type": "Point", "coordinates": [106.37625, 9.949056]}, "properties": {"ma": "G10.TL0010.CO020", "ten": "C. Rạch Kinh", "loai": "Cống", "nam_xd": "0", "vung": "Đồng bằng SCL", "tinh": "84", "don_vi": "Công ty TNHH MTV KTCTTL Trà Vinh", "luu_vuc": "Sông Cửu Long"}}, {"type": "Feature", "geometry": {"type": "Point", "coordinates": [106.400047, 9.867714]}, "properties": {"ma": "G10.TL0010.CO021", "ten": "C. Nhà Thờ 2", "loai": "Cống", "nam_xd": "2006", "vung": "Đồng bằng SCL", "tinh": "84", "don_vi": "Công ty TNHH MTV KTCTTL Trà Vinh", "luu_vuc": "Sông Cửu Long"}}, {"type": "Feature", "geometry": {"type": "Point", "coordinates": [106.415449, 9.902109]}, "properties": {"ma": "G10.TL0010.CO022", "ten": "C. Ngãi Hiệp", "loai": "Cống", "nam_xd": "2003", "vung": "Đồng bằng SCL", "tinh": "84", "don_vi": "Công ty TNHH MTV KTCTTL Trà Vinh", "luu_vuc": "Sông Cửu Long"}}, {"type": "Feature", "geometry": {"type": "Point", "coordinates": [106.500848, 9.734122]}, "properties": {"ma": "G10.TL0010.CO023", "ten": "C. Đồng Tây", "loai": "Cống", "nam_xd": "2006", "vung": "Đồng bằng SCL", "tinh": "84", "don_vi": "Công ty TNHH MTV KTCTTL Trà Vinh", "luu_vuc": "Sông Cửu Long"}}, {"type": "Feature", "geometry": {"type": "Point", "coordinates": [106.304888, 9.638245]}, "properties": {"ma": "G10.TL0010.CO024", "ten": "C. Đại An", "loai": "Cống", "nam_xd": "1995", "vung": "Đồng bằng SCL", "tinh": "84", "don_vi": "Công ty TNHH MTV KTCTTL Trà Vinh", "luu_vuc": "Sông Cửu Long"}}, {"type": "Feature", "geometry": {"type": "Point", "coordinates": [106.396231, 9.877414]}, "properties": {"ma": "G10.TL0010.CO025", "ten": "C. Bàng Đa", "loai": "Cống", "nam_xd": "2006", "vung": "Đồng bằng SCL", "tinh": "84", "don_vi": "Công ty TNHH MTV KTCTTL Trà Vinh", "luu_vuc": "Sông Cửu Long"}}, {"type": "Feature", "geometry": {"type": "Point", "coordinates": [106.159179, 9.723335]}, "properties": {"ma": "G10.TL0010.CO026", "ten": "C. Bắc Trang", "loai": "Cống", "nam_xd": "1998", "vung": "Đồng bằng SCL", "tinh": "84", "don_vi": "Công ty TNHH MTV KTCTTL Trà Vinh", "luu_vuc": "Sông Cửu Long"}}, {"type": "Feature", "geometry": {"type": "Point", "coordinates": [106.078474, 9.449616]}, "properties": {"ma": "G10.TL0009.CO002", "ten": "C. Tổng Cáng", "loai": "Cống", "nam_xd": "1975", "vung": "Đồng bằng SCL", "tinh": "94", "don_vi": "Công ty cổ phần thủy lợi Sóc Trăng", "luu_vuc": "Sông Cửu Long"}}, {"type": "Feature", "geometry": {"type": "Point", "coordinates": [105.804974, 9.557719]}, "properties": {"ma": "G10.TL0009.CO003", "ten": "C. Tam Sóc 2", "loai": "Cống", "nam_xd": "1995", "vung": "Đồng bằng SCL", "tinh": "94", "don_vi": "Công ty cổ phần thủy lợi Sóc Trăng", "luu_vuc": "Sông Cửu Long"}}, {"type": "Feature", "geometry": {"type": "Point", "coordinates": [105.804703, 9.558868]}, "properties": {"ma": "G10.TL0009.CO004", "ten": "C. Tam Sóc 1", "loai": "Cống", "nam_xd": "1995", "vung": "Đồng bằng SCL", "tinh": "94", "don_vi": "Công ty cổ phần thủy lợi Sóc Trăng", "luu_vuc": "Sông Cửu Long"}}, {"type": "Feature", "geometry": {"type": "Point", "coordinates": [105.55958, 9.527232]}, "properties": {"ma": "G10.TL0009.CO005", "ten": "C. Nàng Rền", "loai": "Cống", "nam_xd": "0", "vung": "Đồng bằng SCL", "tinh": "94", "don_vi": "Công ty cổ phần thủy lợi Sóc Trăng", "luu_vuc": "Sông Cửu Long"}}, {"type": "Feature", "geometry": {"type": "Point", "coordinates": [105.796182, 9.565725]}, "properties": {"ma": "G10.TL0009.CO006", "ten": "C. Mỹ Phước", "loai": "Cống", "nam_xd": "1994", "vung": "Đồng bằng SCL", "tinh": "94", "don_vi": "Công ty cổ phần thủy lợi Sóc Trăng", "luu_vuc": "Sông Cửu Long"}}, {"type": "Feature", "geometry": {"type": "Point", "coordinates": [106.038363, 9.621643]}, "properties": {"ma": "G10.TL0009.CO007", "ten": "C. Cái Oanh", "loai": "Cống", "nam_xd": "1986", "vung": "Đồng bằng SCL", "tinh": "94", "don_vi": "Công ty cổ phần thủy lợi Sóc Trăng", "luu_vuc": "Sông Cửu Long"}}, {"type": "Feature", "geometry": {"type": "Point", "coordinates": [105.814297, 9.596667]}, "properties": {"ma": "G10.TL0009.CO008", "ten": "C. Xẻo Gừa", "loai": "Cống", "nam_xd": "1990", "vung": "Đồng bằng SCL", "tinh": "94", "don_vi": "Công ty cổ phần thủy lợi Sóc Trăng", "luu_vuc": "Sông Cửu Long"}}, {"type": "Feature", "geometry": {"type": "Point", "coordinates": [106.201419, 9.480704]}, "properties": {"ma": "G10.TL0009.CO009", "ten": "C. Tầm Vu", "loai": "Cống", "nam_xd": "2000", "vung": "Đồng bằng SCL", "tinh": "94", "don_vi": "Công ty cổ phần thủy lợi Sóc Trăng", "luu_vuc": "Sông Cửu Long"}}, {"type": "Feature", "geometry": {"type": "Point", "coordinates": [106.03676, 9.453123]}, "properties": {"ma": "G10.TL0009.CO010", "ten": "C. Chín Sáu", "loai": "Cống", "nam_xd": "2000", "vung": "Đồng bằng SCL", "tinh": "94", "don_vi": "Công ty cổ phần thủy lợi Sóc Trăng", "luu_vuc": "Sông Cửu Long"}}, {"type": "Feature", "geometry": {"type": "Point", "coordinates": [106.204052, 9.499053]}, "properties": {"ma": "G10.TL0009.CO011", "ten": "C. Bảy Giá", "loai": "Cống", "nam_xd": "1986", "vung": "Đồng bằng SCL", "tinh": "94", "don_vi": "Công ty cổ phần thủy lợi Sóc Trăng", "luu_vuc": "Sông Cửu Long"}}, {"type": "Feature", "geometry": {"type": "Point", "coordinates": [106.115153, 9.65442]}, "properties": {"ma": "G10.TL0009.CO012", "ten": "C. Bao Biển", "loai": "Cống", "nam_xd": "0", "vung": "Đồng bằng SCL", "tinh": "94", "don_vi": "Công ty cổ phần thủy lợi Sóc Trăng", "luu_vuc": "Sông Cửu Long"}}, {"type": "Feature", "geometry": {"type": "Point", "coordinates": [105.925209, 9.374112]}, "properties": {"ma": "G10.TL0009.CO013", "ten": "C. Vàm Trà Nho", "loai": "Cống", "nam_xd": "0", "vung": "Đồng bằng SCL", "tinh": "94", "don_vi": "Công ty cổ phần thủy lợi Sóc Trăng", "luu_vuc": "Sông Cửu Long"}}, {"type": "Feature", "geometry": {"type": "Point", "coordinates": [105.880168, 9.355895]}, "properties": {"ma": "G10.TL0009.CO014", "ten": "C. Vàm Om Nỏ", "loai": "Cống", "nam_xd": "0", "vung": "Đồng bằng SCL", "tinh": "94", "don_vi": "Công ty cổ phần thủy lợi Sóc Trăng", "luu_vuc": "Sông Cửu Long"}}, {"type": "Feature", "geometry": {"type": "Point", "coordinates": [105.568694, 9.539663]}, "properties": {"ma": "G10.TL0009.CO015", "ten": "C. Kênh Mới", "loai": "Cống", "nam_xd": "0", "vung": "Đồng bằng SCL", "tinh": "94", "don_vi": "Công ty cổ phần thủy lợi Sóc Trăng", "luu_vuc": "Sông Cửu Long"}}, {"type": "Feature", "geometry": {"type": "Point", "coordinates": [106.135137, 9.422579]}, "properties": {"ma": "G10.TL0009.CO016", "ten": "C. Gòi", "loai": "Cống", "nam_xd": "1976", "vung": "Đồng bằng SCL", "tinh": "94", "don_vi": "Công ty cổ phần thủy lợi Sóc Trăng", "luu_vuc": "Sông Cửu Long"}}, {"type": "Feature", "geometry": {"type": "Point", "coordinates": [105.588403, 9.556082]}, "properties": {"ma": "G10.TL0009.CO017", "ten": "C. Đá", "loai": "Cống", "nam_xd": "0", "vung": "Đồng bằng SCL", "tinh": "94", "don_vi": "Công ty cổ phần thủy lợi Sóc Trăng", "luu_vuc": "Sông Cửu Long"}}, {"type": "Feature", "geometry": {"type": "Point", "coordinates": [105.855493, 9.761617]}, "properties": {"ma": "G10.TL0009.CO018", "ten": "C. Ba Rinh", "loai": "Cống", "nam_xd": "0", "vung": "Đồng bằng SCL", "tinh": "94", "don_vi": "Công ty cổ phần thủy lợi Sóc Trăng", "luu_vuc": "Sông Cửu Long"}}, {"type": "Feature", "geometry": {"type": "Point", "coordinates": [106.176234, 9.549951]}, "properties": {"ma": "G10.TL0009.CO019", "ten": "C. Ngàn Rô", "loai": "Cống", "nam_xd": "1985", "vung": "Đồng bằng SCL", "tinh": "94", "don_vi": "Công ty cổ phần thủy lợi Sóc Trăng", "luu_vuc": "Sông Cửu Long"}}, {"type": "Feature", "geometry": {"type": "Point", "coordinates": [105.553262, 9.524791]}, "properties": {"ma": "G10.TL0009.CO020", "ten": "C. Út Sáng", "loai": "Cống", "nam_xd": "0", "vung": "Đồng bằng SCL", "tinh": "94", "don_vi": "Công ty cổ phần thủy lợi Sóc Trăng", "luu_vuc": "Sông Cửu Long"}}, {"type": "Feature", "geometry": {"type": "Point", "coordinates": [105.552293, 9.522387]}, "properties": {"ma": "G10.TL0009.CO021", "ten": "C. Năm Kiệu", "loai": "Cống", "nam_xd": "0", "vung": "Đồng bằng SCL", "tinh": "94", "don_vi": "Công ty cổ phần thủy lợi Sóc Trăng", "luu_vuc": "Sông Cửu Long"}}, {"type": "Feature", "geometry": {"type": "Point", "coordinates": [106.191532, 9.521667]}, "properties": {"ma": "G10.TL0009.CO022", "ten": "C. Kênh 3", "loai": "Cống", "nam_xd": "1977", "vung": "Đồng bằng SCL", "tinh": "94", "don_vi": "Công ty cổ phần thủy lợi Sóc Trăng", "luu_vuc": "Sông Cửu Long"}}, {"type": "Feature", "geometry": {"type": "Point", "coordinates": [106.049344, 9.446041]}, "properties": {"ma": "G10.TL0009.CO023", "ten": "C. Giầy Lăng", "loai": "Cống", "nam_xd": "0", "vung": "Đồng bằng SCL", "tinh": "94", "don_vi": "Công ty cổ phần thủy lợi Sóc Trăng", "luu_vuc": "Sông Cửu Long"}}, {"type": "Feature", "geometry": {"type": "Point", "coordinates": [105.968584, 9.341547]}, "properties": {"ma": "G10.TL0009.CO024", "ten": "C. Dù Há", "loai": "Cống", "nam_xd": "0", "vung": "Đồng bằng SCL", "tinh": "94", "don_vi": "Công ty cổ phần thủy lợi Sóc Trăng", "luu_vuc": "Sông Cửu Long"}}, {"type": "Feature", "geometry": {"type": "Point", "coordinates": [106.03276, 9.613294]}, "properties": {"ma": "G10.TL0009.CO025", "ten": "C. Chòi Mòi", "loai": "Cống", "nam_xd": "0", "vung": "Đồng bằng SCL", "tinh": "94", "don_vi": "Công ty cổ phần thủy lợi Sóc Trăng", "luu_vuc": "Sông Cửu Long"}}, {"type": "Feature", "geometry": {"type": "Point", "coordinates": [106.07136, 9.71977]}, "properties": {"ma": "G10.TL0009.CO026", "ten": "C. Bà Xẩm", "loai": "Cống", "nam_xd": "0", "vung": "Đồng bằng SCL", "tinh": "94", "don_vi": "Công ty cổ phần thủy lợi Sóc Trăng", "luu_vuc": "Sông Cửu Long"}}, {"type": "Feature", "geometry": {"type": "Point", "coordinates": [105.071503, 9.237803]}, "properties": {"ma": "G10.TL0009.CO028", "ten": "C. Âu thuyền Tắc Thủ", "loai": "Cống", "nam_xd": "0", "vung": "Đồng bằng SCL", "tinh": "96", "don_vi": "Trung tâm QLKTCTTL Cà Mau", "luu_vuc": "Sông Cửu Long"}}, {"type": "Feature", "geometry": {"type": "Point", "coordinates": [105.139304, 9.316176]}, "properties": {"ma": "G10.TL0009.CO029", "ten": "C.Láng Trâm", "loai": "Cống", "nam_xd": "0", "vung": "Đồng bằng SCL", "tinh": "96", "don_vi": "Trung tâm QLKTCTTL Cà Mau", "luu_vuc": "Sông Cửu Long"}}, {"type": "Feature", "geometry": {"type": "Point", "coordinates": [105.411112, 9.233478]}, "properties": {"ma": "G10.TL0009.CO030", "ten": "C. Hộ Phòng", "loai": "Cống", "nam_xd": "1998", "vung": "Đồng bằng SCL", "tinh": "95", "don_vi": "Trung tâm QLKTCTTL Bạc Liêu", "luu_vuc": "Sông Cửu Long"}}, {"type": "Feature", "geometry": {"type": "Point", "coordinates": [105.454423, 9.243836]}, "properties": {"ma": "G10.TL0009.CO031", "ten": "C. Giá Rai", "loai": "Cống", "nam_xd": "1998", "vung": "Đồng bằng SCL", "tinh": "95", "don_vi": "Trung tâm QLKTCTTL Bạc Liêu", "luu_vuc": "Sông Cửu Long"}}, {"type": "Feature", "geometry": {"type": "Point", "coordinates": [105.513844, 9.485653]}, "properties": {"ma": "G10.TL0009.CO032", "ten": "C. Ninh Qưới", "loai": "Cống", "nam_xd": "2018", "vung": "Đồng bằng SCL", "tinh": "95", "don_vi": "Trung tâm QLKTCTTL Bạc Liêu", "luu_vuc": "Sông Cửu Long"}}, {"type": "Feature", "geometry": {"type": "Point", "coordinates": [105.463296, 9.434811]}, "properties": {"ma": "G10.TL0009.CO033", "ten": "C. Phước Long", "loai": "Cống", "nam_xd": "2005", "vung": "Đồng bằng SCL", "tinh": "95", "don_vi": "Trung tâm QLKTCTTL Bạc Liêu", "luu_vuc": "Sông Cửu Long"}}, {"type": "Feature", "geometry": {"type": "Point", "coordinates": [105.429294, 9.406038]}, "properties": {"ma": "G10.TL0009.CO034", "ten": "C. Vĩnh Phong", "loai": "Cống", "nam_xd": "2011", "vung": "Đồng bằng SCL", "tinh": "95", "don_vi": "Trung tâm QLKTCTTL Bạc Liêu", "luu_vuc": "Sông Cửu Long"}}, {"type": "Feature", "geometry": {"type": "Point", "coordinates": [105.491499, 9.582778]}, "properties": {"ma": "G10.TL0009.CO035", "ten": "C. Xẻo Rô", "loai": "Cống", "nam_xd": "2011", "vung": "Đồng bằng SCL", "tinh": "95", "don_vi": "Trung tâm QLKTCTTL Bạc Liêu", "luu_vuc": "Sông Cửu Long"}}, {"type": "Feature", "geometry": {"type": "Point", "coordinates": [105.446298, 9.262831]}, "properties": {"ma": "G10.TL0009.CO036", "ten": "C. Vĩnh Phong 16", "loai": "Cống", "nam_xd": "2010", "vung": "Đồng bằng SCL", "tinh": "95", "don_vi": "Trung tâm QLKTCTTL Bạc Liêu", "luu_vuc": "Sông Cửu Long"}}, {"type": "Feature", "geometry": {"type": "Point", "coordinates": [105.812784, 9.356336]}, "properties": {"ma": "G10.TL0009.CO037", "ten": "C. Thông Lưu", "loai": "Cống", "nam_xd": "2005", "vung": "Đồng bằng SCL", "tinh": "95", "don_vi": "Trung tâm QLKTCTTL Bạc Liêu", "luu_vuc": "Sông Cửu Long"}}, {"type": "Feature", "geometry": {"type": "Point", "coordinates": [105.496627, 9.505603]}, "properties": {"ma": "G10.TL0009.CO038", "ten": "C. Le Le", "loai": "Cống", "nam_xd": "2010", "vung": "Đồng bằng SCL", "tinh": "95", "don_vi": "Trung tâm QLKTCTTL Bạc Liêu", "luu_vuc": "Sông Cửu Long"}}, {"type": "Feature", "geometry": {"type": "Point", "coordinates": [105.484991, 9.459022]}, "properties": {"ma": "G10.TL0009.CO039", "ten": "C. Hòa Bình", "loai": "Cống", "nam_xd": "1999", "vung": "Đồng bằng SCL", "tinh": "95", "don_vi": "Trung tâm QLKTCTTL Bạc Liêu", "luu_vuc": "Sông Cửu Long"}}, {"type": "Feature", "geometry": {"type": "Point", "coordinates": [105.542034, 9.586221]}, "properties": {"ma": "G10.TL0009.CO040", "ten": "C. Dì Oán", "loai": "Cống", "nam_xd": "2011", "vung": "Đồng bằng SCL", "tinh": "95", "don_vi": "Trung tâm QLKTCTTL Bạc Liêu", "luu_vuc": "Sông Cửu Long"}}, {"type": "Feature", "geometry": {"type": "Point", "coordinates": [105.366237, 9.213366]}, "properties": {"ma": "G10.TL0009.CO041", "ten": "C. Cây Gừa", "loai": "Cống", "nam_xd": "2013", "vung": "Đồng bằng SCL", "tinh": "95", "don_vi": "Trung tâm QLKTCTTL Bạc Liêu", "luu_vuc": "Sông Cửu Long"}}, {"type": "Feature", "geometry": {"type": "Point", "coordinates": [105.473333, 9.339766]}, "properties": {"ma": "G10.TL0009.CO042", "ten": "C. Vĩnh Phong 8", "loai": "Cống", "nam_xd": "2010", "vung": "Đồng bằng SCL", "tinh": "95", "don_vi": "Trung tâm QLKTCTTL Bạc Liêu", "luu_vuc": "Sông Cửu Long"}}, {"type": "Feature", "geometry": {"type": "Point", "coordinates": [105.464272, 9.353816]}, "properties": {"ma": "G10.TL0009.CO043", "ten": "C. Vĩnh Phong 6", "loai": "Cống", "nam_xd": "2011", "vung": "Đồng bằng SCL", "tinh": "95", "don_vi": "Trung tâm QLKTCTTL Bạc Liêu", "luu_vuc": "Sông Cửu Long"}}, {"type": "Feature", "geometry": {"type": "Point", "coordinates": [105.452919, 9.249509]}, "properties": {"ma": "G10.TL0009.CO044", "ten": "C. Vĩnh Phong 18", "loai": "Cống", "nam_xd": "2012", "vung": "Đồng bằng SCL", "tinh": "95", "don_vi": "Trung tâm QLKTCTTL Bạc Liêu", "luu_vuc": "Sông Cửu Long"}}, {"type": "Feature", "geometry": {"type": "Point", "coordinates": [105.437272, 9.282026]}, "properties": {"ma": "G10.TL0009.CO045", "ten": "C. Vĩnh Phong 14", "loai": "Cống", "nam_xd": "2012", "vung": "Đồng bằng SCL", "tinh": "95", "don_vi": "Trung tâm QLKTCTTL Bạc Liêu", "luu_vuc": "Sông Cửu Long"}}, {"type": "Feature", "geometry": {"type": "Point", "coordinates": [105.429298, 9.298298]}, "properties": {"ma": "G10.TL0009.CO046", "ten": "C. Vĩnh Phong 12", "loai": "Cống", "nam_xd": "2010", "vung": "Đồng bằng SCL", "tinh": "95", "don_vi": "Trung tâm QLKTCTTL Bạc Liêu", "luu_vuc": "Sông Cửu Long"}}, {"type": "Feature", "geometry": {"type": "Point", "coordinates": [105.42482, 9.307493]}, "properties": {"ma": "G10.TL0009.CO047", "ten": "C. Vĩnh Phong 10", "loai": "Cống", "nam_xd": "2011", "vung": "Đồng bằng SCL", "tinh": "95", "don_vi": "Trung tâm QLKTCTTL Bạc Liêu", "luu_vuc": "Sông Cửu Long"}}, {"type": "Feature", "geometry": {"type": "Point", "coordinates": [105.584491, 9.277782]}, "properties": {"ma": "G10.TL0009.CO048", "ten": "C. Vĩnh Mỹ (Cầu Số 2)", "loai": "Cống", "nam_xd": "1998", "vung": "Đồng bằng SCL", "tinh": "95", "don_vi": "Trung tâm QLKTCTTL Bạc Liêu", "luu_vuc": "Sông Cửu Long"}}, {"type": "Feature", "geometry": {"type": "Point", "coordinates": [105.466653, 9.336501]}, "properties": {"ma": "G10.TL0009.CO049", "ten": "C. Thầy út", "loai": "Cống", "nam_xd": "2010", "vung": "Đồng bằng SCL", "tinh": "95", "don_vi": "Trung tâm QLKTCTTL Bạc Liêu", "luu_vuc": "Sông Cửu Long"}}, {"type": "Feature", "geometry": {"type": "Point", "coordinates": [105.552709, 9.548597]}, "properties": {"ma": "G10.TL0009.CO050", "ten": "C. Sóc So", "loai": "Cống", "nam_xd": "2011", "vung": "Đồng bằng SCL", "tinh": "95", "don_vi": "Trung tâm QLKTCTTL Bạc Liêu", "luu_vuc": "Sông Cửu Long"}}, {"type": "Feature", "geometry": {"type": "Point", "coordinates": [105.546428, 9.518498]}, "properties": {"ma": "G10.TL0009.CO051", "ten": "C. Sáu Hỷ", "loai": "Cống", "nam_xd": "2010", "vung": "Đồng bằng SCL", "tinh": "95", "don_vi": "Trung tâm QLKTCTTL Bạc Liêu", "luu_vuc": "Sông Cửu Long"}}, {"type": "Feature", "geometry": {"type": "Point", "coordinates": [105.463477, 9.542505]}, "properties": {"ma": "G10.TL0009.CO052", "ten": "C. Rạch Cà", "loai": "Cống", "nam_xd": "2011", "vung": "Đồng bằng SCL", "tinh": "95", "don_vi": "Trung tâm QLKTCTTL Bạc Liêu", "luu_vuc": "Sông Cửu Long"}}, {"type": "Feature", "geometry": {"type": "Point", "coordinates": [105.475817, 9.58365]}, "properties": {"ma": "G10.TL0009.CO053", "ten": "C. Ngàn Trâu", "loai": "Cống", "nam_xd": "2010", "vung": "Đồng bằng SCL", "tinh": "95", "don_vi": "Trung tâm QLKTCTTL Bạc Liêu", "luu_vuc": "Sông Cửu Long"}}, {"type": "Feature", "geometry": {"type": "Point", "coordinates": [105.442175, 9.314138]}, "properties": {"ma": "G10.TL0009.CO054", "ten": "C. Lung Mướp", "loai": "Cống", "nam_xd": "2008", "vung": "Đồng bằng SCL", "tinh": "95", "don_vi": "Trung tâm QLKTCTTL Bạc Liêu", "luu_vuc": "Sông Cửu Long"}}, {"type": "Feature", "geometry": {"type": "Point", "coordinates": [105.346956, 9.20386]}, "properties": {"ma": "G10.TL0009.CO055", "ten": "C. Lầu Bằng", "loai": "Cống", "nam_xd": "1998", "vung": "Đồng bằng SCL", "tinh": "95", "don_vi": "Trung tâm QLKTCTTL Bạc Liêu", "luu_vuc": "Sông Cửu Long"}}, {"type": "Feature", "geometry": {"type": "Point", "coordinates": [105.288991, 9.18489]}, "properties": {"ma": "G10.TL0009.CO056", "ten": "C. Láng Trâm", "loai": "Cống", "nam_xd": "1998", "vung": "Đồng bằng SCL", "tinh": "95", "don_vi": "Trung tâm QLKTCTTL Bạc Liêu", "luu_vuc": "Sông Cửu Long"}}, {"type": "Feature", "geometry": {"type": "Point", "coordinates": [105.510792, 9.583392]}, "properties": {"ma": "G10.TL0009.CO057", "ten": "C. Lái Viết 2", "loai": "Cống", "nam_xd": "2010", "vung": "Đồng bằng SCL", "tinh": "95", "don_vi": "Trung tâm QLKTCTTL Bạc Liêu", "luu_vuc": "Sông Cửu Long"}}, {"type": "Feature", "geometry": {"type": "Point", "coordinates": [105.522195, 9.495897]}, "properties": {"ma": "G10.TL0009.CO058", "ten": "C. Lái Viết", "loai": "Cống", "nam_xd": "2010", "vung": "Đồng bằng SCL", "tinh": "95", "don_vi": "Trung tâm QLKTCTTL Bạc Liêu", "luu_vuc": "Sông Cửu Long"}}, {"type": "Feature", "geometry": {"type": "Point", "coordinates": [105.531802, 9.504628]}, "properties": {"ma": "G10.TL0009.CO059", "ten": "C. Cô Cai", "loai": "Cống", "nam_xd": "2011", "vung": "Đồng bằng SCL", "tinh": "95", "don_vi": "Trung tâm QLKTCTTL Bạc Liêu", "luu_vuc": "Sông Cửu Long"}}, {"type": "Feature", "geometry": {"type": "Point", "coordinates": [105.440005, 9.27533]}, "properties": {"ma": "G10.TL0009.CO060", "ten": "C. Cây Dương", "loai": "Cống", "nam_xd": "2009", "vung": "Đồng bằng SCL", "tinh": "95", "don_vi": "Trung tâm QLKTCTTL Bạc Liêu", "luu_vuc": "Sông Cửu Long"}}, {"type": "Feature", "geometry": {"type": "Point", "coordinates": [105.67687, 9.304047]}, "properties": {"ma": "G10.TL0009.CO061", "ten": "C. Cầu Sập", "loai": "Cống", "nam_xd": "1996", "vung": "Đồng bằng SCL", "tinh": "95", "don_vi": "Trung tâm QLKTCTTL Bạc Liêu", "luu_vuc": "Sông Cửu Long"}}, {"type": "Feature", "geometry": {"type": "Point", "coordinates": [105.460175, 9.546181]}, "properties": {"ma": "G10.TL0009.CO062", "ten": "C. Bà Hiền", "loai": "Cống", "nam_xd": "2012", "vung": "Đồng bằng SCL", "tinh": "95", "don_vi": "Trung tâm QLKTCTTL Bạc Liêu", "luu_vuc": "Sông Cửu Long"}}, {"type": "Feature", "geometry": {"type": "Point", "coordinates": [105.476059, 9.528243]}, "properties": {"ma": "G10.TL0009.CO063", "ten": "C. Ba Đồng", "loai": "Cống", "nam_xd": "2010", "vung": "Đồng bằng SCL", "tinh": "95", "don_vi": "Trung tâm QLKTCTTL Bạc Liêu", "luu_vuc": "Sông Cửu Long"}}, {"type": "Feature", "geometry": {"type": "Point", "coordinates": [104.960409, 9.849871]}, "properties": {"ma": "G10.TL0008.CO001", "ten": "C. Kênh Thứ Sáu", "loai": "Cống", "nam_xd": "0", "vung": "Đồng bằng SCL", "tinh": "91", "don_vi": "Chi cục Thủy lợi Kiên Giang", "luu_vuc": "Sông Cửu Long"}}, {"type": "Feature", "geometry": {"type": "Point", "coordinates": [104.9919, 9.886838]}, "properties": {"ma": "G10.TL0008.CO002", "ten": "C. Kênh Thứ Ba", "loai": "Cống", "nam_xd": "0", "vung": "Đồng bằng SCL", "tinh": "91", "don_vi": "Chi cục Thủy lợi Kiên Giang", "luu_vuc": "Sông Cửu Long"}}, {"type": "Feature", "geometry": {"type": "Point", "coordinates": [104.917584, 9.832117]}, "properties": {"ma": "G10.TL0008.CO003", "ten": "C. Xẻo Quao", "loai": "Cống", "nam_xd": "2013", "vung": "Đồng bằng SCL", "tinh": "91", "don_vi": "Chi cục Thủy lợi Kiên Giang", "luu_vuc": "Sông Cửu Long"}}, {"type": "Feature", "geometry": {"type": "Point", "coordinates": [104.897589, 9.72884]}, "properties": {"ma": "G10.TL0008.CO004", "ten": "C. Xẻo Nhào", "loai": "Cống", "nam_xd": "2018", "vung": "Đồng bằng SCL", "tinh": "91", "don_vi": "Chi cục Thủy lợi Kiên Giang", "luu_vuc": "Sông Cửu Long"}}, {"type": "Feature", "geometry": {"type": "Point", "coordinates": [104.975392, 9.86911]}, "properties": {"ma": "G10.TL0008.CO005", "ten": "C. Kênh Thứ Năm", "loai": "Cống", "nam_xd": "0", "vung": "Đồng bằng SCL", "tinh": "91", "don_vi": "Chi cục Thủy lợi Kiên Giang", "luu_vuc": "Sông Cửu Long"}}, {"type": "Feature", "geometry": {"type": "Point", "coordinates": [104.853305, 9.650614]}, "properties": {"ma": "G10.TL0008.CO006", "ten": "C. Chủ Vàng", "loai": "Cống", "nam_xd": "0", "vung": "Đồng bằng SCL", "tinh": "91", "don_vi": "Chi cục Thủy lợi Kiên Giang", "luu_vuc": "Sông Cửu Long"}}, {"type": "Feature", "geometry": {"type": "Point", "coordinates": [104.842022, 9.568989]}, "properties": {"ma": "G10.TL0008.CO007", "ten": "C. Kim Quy", "loai": "Cống", "nam_xd": "1998", "vung": "Đồng bằng SCL", "tinh": "91", "don_vi": "Chi cục Thủy lợi Kiên Giang", "luu_vuc": "Sông Cửu Long"}}, {"type": "Feature", "geometry": {"type": "Point", "coordinates": [104.892815, 9.804452]}, "properties": {"ma": "G10.TL0008.CO008", "ten": "C. Kênh Thứ Tám", "loai": "Cống", "nam_xd": "0", "vung": "Đồng bằng SCL", "tinh": "91", "don_vi": "Chi cục Thủy lợi Kiên Giang", "luu_vuc": "Sông Cửu Long"}}, {"type": "Feature", "geometry": {"type": "Point", "coordinates": [104.905065, 9.823603]}, "properties": {"ma": "G10.TL0008.CO009", "ten": "C. Xẻo Bần", "loai": "Cống", "nam_xd": "0", "vung": "Đồng bằng SCL", "tinh": "91", "don_vi": "Chi cục Thủy lợi Kiên Giang", "luu_vuc": "Sông Cửu Long"}}, {"type": "Feature", "geometry": {"type": "Point", "coordinates": [104.861217, 9.693336]}, "properties": {"ma": "G10.TL0008.CO010", "ten": "C. Rọ Ghe", "loai": "Cống", "nam_xd": "2013", "vung": "Đồng bằng SCL", "tinh": "91", "don_vi": "Chi cục Thủy lợi Kiên Giang", "luu_vuc": "Sông Cửu Long"}}, {"type": "Feature", "geometry": {"type": "Point", "coordinates": [105.028033, 9.923667]}, "properties": {"ma": "G10.TL0008.CO011", "ten": "C. Kênh Thứ Nhất", "loai": "Cống", "nam_xd": "0", "vung": "Đồng bằng SCL", "tinh": "91", "don_vi": "Chi cục Thủy lợi Kiên Giang", "luu_vuc": "Sông Cửu Long"}}, {"type": "Feature", "geometry": {"type": "Point", "coordinates": [104.87873, 9.768368]}, "properties": {"ma": "G10.TL0008.CO012", "ten": "C. Kênh Thứ Mười", "loai": "Cống", "nam_xd": "0", "vung": "Đồng bằng SCL", "tinh": "91", "don_vi": "Chi cục Thủy lợi Kiên Giang", "luu_vuc": "Sông Cửu Long"}}, {"type": "Feature", "geometry": {"type": "Point", "coordinates": [104.884714, 9.7856]}, "properties": {"ma": "G10.TL0008.CO013", "ten": "C. Kênh Thứ Chín", "loai": "Cống", "nam_xd": "0", "vung": "Đồng bằng SCL", "tinh": "91", "don_vi": "Chi cục Thủy lợi Kiên Giang", "luu_vuc": "Sông Cửu Long"}}, {"type": "Feature", "geometry": {"type": "Point", "coordinates": [105.03612, 9.54425]}, "properties": {"ma": "G10.TL0008.CO014", "ten": "C. Kênh 16", "loai": "Cống", "nam_xd": "2022", "vung": "Đồng bằng SCL", "tinh": "91", "don_vi": "Chi cục Thủy lợi Kiên Giang", "luu_vuc": "Sông Cửu Long"}}, {"type": "Feature", "geometry": {"type": "Point", "coordinates": [105.128507, 9.663727]}, "properties": {"ma": "G10.TL0008.CO015", "ten": "C. Kênh 3", "loai": "Cống", "nam_xd": "2018", "vung": "Đồng bằng SCL", "tinh": "91", "don_vi": "Chi cục Thủy lợi Kiên Giang", "luu_vuc": "Sông Cửu Long"}}, {"type": "Feature", "geometry": {"type": "Point", "coordinates": [104.867313, 9.725429]}, "properties": {"ma": "G10.TL0008.CO016", "ten": "C. Xẻo Lá", "loai": "Cống", "nam_xd": "0", "vung": "Đồng bằng SCL", "tinh": "91", "don_vi": "Chi cục Thủy lợi Kiên Giang", "luu_vuc": "Sông Cửu Long"}}, {"type": "Feature", "geometry": {"type": "Point", "coordinates": [104.857063, 9.665114]}, "properties": {"ma": "G10.TL0008.CO017", "ten": "C. Xẻo Đôi (AM)", "loai": "Cống", "nam_xd": "0", "vung": "Đồng bằng SCL", "tinh": "91", "don_vi": "Chi cục Thủy lợi Kiên Giang", "luu_vuc": "Sông Cửu Long"}}, {"type": "Feature", "geometry": {"type": "Point", "coordinates": [104.847105, 9.614143]}, "properties": {"ma": "G10.TL0008.CO018", "ten": "C. Mương Đào", "loai": "Cống", "nam_xd": "0", "vung": "Đồng bằng SCL", "tinh": "91", "don_vi": "Chi cục Thủy lợi Kiên Giang", "luu_vuc": "Sông Cửu Long"}}, {"type": "Feature", "geometry": {"type": "Point", "coordinates": [104.847966, 9.624337]}, "properties": {"ma": "G10.TL0008.CO019", "ten": "C. Mười Thân", "loai": "Cống", "nam_xd": "0", "vung": "Đồng bằng SCL", "tinh": "91", "don_vi": "Chi cục Thủy lợi Kiên Giang", "luu_vuc": "Sông Cửu Long"}}, {"type": "Feature", "geometry": {"type": "Point", "coordinates": [105.008191, 9.905217]}, "properties": {"ma": "G10.TL0008.CO020", "ten": "C. Kênh Thứ Hai", "loai": "Cống", "nam_xd": "0", "vung": "Đồng bằng SCL", "tinh": "91", "don_vi": "Chi cục Thủy lợi Kiên Giang", "luu_vuc": "Sông Cửu Long"}}, {"type": "Feature", "geometry": {"type": "Point", "coordinates": [104.841778, 9.545219]}, "properties": {"ma": "G10.TL0008.CO021", "ten": "C. Cây Gõ", "loai": "Cống", "nam_xd": "0", "vung": "Đồng bằng SCL", "tinh": "91", "don_vi": "Chi cục Thủy lợi Kiên Giang", "luu_vuc": "Sông Cửu Long"}}, {"type": "Feature", "geometry": {"type": "Point", "coordinates": [105.457779, 9.601148]}, "properties": {"ma": "G10.TL0008.CO022", "ten": "Cống Năm Căn", "loai": "Cống", "nam_xd": "2017", "vung": "Đồng bằng SCL", "tinh": "93", "don_vi": "TT KN&DVNN Hậu Giang", "luu_vuc": "Sông Cửu Long"}}, {"type": "Feature", "geometry": {"type": "Point", "coordinates": [105.415611, 9.748781]}, "properties": {"ma": "G10.TL0008.CO023", "ten": "Cống Ông Dèo", "loai": "Cống", "nam_xd": "2008", "vung": "Đồng bằng SCL", "tinh": "93", "don_vi": "TT KN&DVNN Hậu Giang", "luu_vuc": "Sông Cửu Long"}}, {"type": "Feature", "geometry": {"type": "Point", "coordinates": [105.42703, 9.759656]}, "properties": {"ma": "G10.TL0008.CO024", "ten": "Cống Cái Sình", "loai": "Cống", "nam_xd": "2015", "vung": "Đồng bằng SCL", "tinh": "93", "don_vi": "TT KN&DVNN Hậu Giang", "luu_vuc": "Sông Cửu Long"}}, {"type": "Feature", "geometry": {"type": "Point", "coordinates": [105.414382, 9.750211]}, "properties": {"ma": "G10.TL0008.CO025", "ten": "Cống Kênh Mới", "loai": "Cống", "nam_xd": "2016", "vung": "Đồng bằng SCL", "tinh": "93", "don_vi": "TT KN&DVNN Hậu Giang", "luu_vuc": "Sông Cửu Long"}}, {"type": "Feature", "geometry": {"type": "Point", "coordinates": [105.4619, 9.696137]}, "properties": {"ma": "G10.TL0008.CO026", "ten": "Cống Nhà Thờ", "loai": "Cống", "nam_xd": "0", "vung": "Đồng bằng SCL", "tinh": "93", "don_vi": "TT KN&DVNN Hậu Giang", "luu_vuc": "Sông Cửu Long"}}, {"type": "Feature", "geometry": {"type": "Point", "coordinates": [105.390568, 9.734891]}, "properties": {"ma": "G10.TL0008.CO027", "ten": "Cống Hóc Hỏa 1", "loai": "Cống", "nam_xd": "2017", "vung": "Đồng bằng SCL", "tinh": "93", "don_vi": "TT KN&DVNN Hậu Giang", "luu_vuc": "Sông Cửu Long"}}, {"type": "Feature", "geometry": {"type": "Point", "coordinates": [106.410304, 10.33654]}, "properties": {"ma": "H58.TL0179.CO001", "ten": "Cống Âu Thuyền Xẻo Rô", "loai": "Cống", "nam_xd": "1978", "vung": "Đồng bằng SCL", "tinh": "82", "don_vi": "Công ty TNHH MTV KTCTTL Tiền Giang", "luu_vuc": "Sông Cửu Long"}}, {"type": "Feature", "geometry": {"type": "Point", "coordinates": [106.673252, 10.387412]}, "properties": {"ma": "H58.TL0180.CO002", "ten": "C. Xuân Hòa", "loai": "Cống", "nam_xd": "2018", "vung": "Đồng bằng SCL", "tinh": "82", "don_vi": "Công ty TNHH MTV KTCTTL Tiền Giang", "luu_vuc": "Sông Cửu Long"}}, {"type": "Feature", "geometry": {"type": "Point", "coordinates": [106.547054, 10.301439]}, "properties": {"ma": "H58.TL0181.CO003", "ten": "C. Sơn Qui", "loai": "Cống", "nam_xd": "1989", "vung": "Đồng bằng SCL", "tinh": "82", "don_vi": "Công ty TNHH MTV KTCTTL Tiền Giang", "luu_vuc": "Sông Cửu Long"}}, {"type": "Feature", "geometry": {"type": "Point", "coordinates": [106.658072, 10.385258]}, "properties": {"ma": "H58.TL0182.CO004", "ten": "C. Vàm Giồng", "loai": "Cống", "nam_xd": "1978", "vung": "Đồng bằng SCL", "tinh": "82", "don_vi": "Công ty TNHH MTV KTCTTL Tiền Giang", "luu_vuc": "Sông Cửu Long"}}, {"type": "Feature", "geometry": {"type": "Point", "coordinates": [106.66209, 10.357454]}, "properties": {"ma": "H58.TL0183.CO005", "ten": "C. Gò Công", "loai": "Cống", "nam_xd": "2017", "vung": "Đồng bằng SCL", "tinh": "82", "don_vi": "Công ty TNHH MTV KTCTTL Tiền Giang", "luu_vuc": "Sông Cửu Long"}}, {"type": "Feature", "geometry": {"type": "Point", "coordinates": [106.557945, 10.41036]}, "properties": {"ma": "H58.TL0184.CO006", "ten": "C. Nguyễn Văn Côn", "loai": "Cống", "nam_xd": "1986", "vung": "Đồng bằng SCL", "tinh": "82", "don_vi": "Công ty TNHH MTV KTCTTL Tiền Giang", "luu_vuc": "Sông Cửu Long"}}, {"type": "Feature", "geometry": {"type": "Point", "coordinates": [106.446174, 10.344917]}, "properties": {"ma": "H58.TL0185.CO007", "ten": "C. Số 3 Sông Tra", "loai": "Cống", "nam_xd": "2018", "vung": "Đồng bằng SCL", "tinh": "82", "don_vi": "Công ty TNHH MTV KTCTTL Tiền Giang", "luu_vuc": "Sông Cửu Long"}}, {"type": "Feature", "geometry": {"type": "Point", "coordinates": [106.68598, 10.354699]}, "properties": {"ma": "H58.TL0186.CO008", "ten": "C. Thủ Ngữ", "loai": "Cống", "nam_xd": "2017", "vung": "Đồng bằng SCL", "tinh": "82", "don_vi": "Công ty TNHH MTV KTCTTL Tiền Giang", "luu_vuc": "Sông Cửu Long"}}, {"type": "Feature", "geometry": {"type": "Point", "coordinates": [106.691887, 10.432617]}, "properties": {"ma": "H58.TL0187.CO009", "ten": "C. Salisete", "loai": "Cống", "nam_xd": "1998", "vung": "Đồng bằng SCL", "tinh": "82", "don_vi": "Công ty TNHH MTV KTCTTL Tiền Giang", "luu_vuc": "Sông Cửu Long"}}, {"type": "Feature", "geometry": {"type": "Point", "coordinates": [106.736872, 10.276012]}, "properties": {"ma": "H58.TL0188.CO010", "ten": "C. Vàm Tháp", "loai": "Cống", "nam_xd": "1973", "vung": "Đồng bằng SCL", "tinh": "82", "don_vi": "Công ty TNHH MTV KTCTTL Tiền Giang", "luu_vuc": "Sông Cửu Long"}}, {"type": "Feature", "geometry": {"type": "Point", "coordinates": [106.709056, 10.307973]}, "properties": {"ma": "H58.TL0189.CO011", "ten": "C. Vàm Kênh", "loai": "Cống", "nam_xd": "1989", "vung": "Đồng bằng SCL", "tinh": "82", "don_vi": "Công ty TNHH MTV KTCTTL Tiền Giang", "luu_vuc": "Sông Cửu Long"}}, {"type": "Feature", "geometry": {"type": "Point", "coordinates": [106.48689, 10.614808]}, "properties": {"ma": "H39.TL0190.CO001", "ten": "C. Long Uông", "loai": "Cống", "nam_xd": "0", "vung": "Đồng bằng SCL", "tinh": "80", "don_vi": "Trung tâm QLKTCTTL Long An", "luu_vuc": "Sông Cửu Long"}}, {"type": "Feature", "geometry": {"type": "Point", "coordinates": [106.669233, 10.610331]}, "properties": {"ma": "H39.TL0191.CO002", "ten": "Cống, đập Rạch Chanh", "loai": "Cống", "nam_xd": "0", "vung": "Đồng bằng SCL", "tinh": "80", "don_vi": "Trung tâm QLKTCTTL Long An", "luu_vuc": "Sông Cửu Long"}}, {"type": "Feature", "geometry": {"type": "Point", "coordinates": [106.574308, 10.494932]}, "properties": {"ma": "H39.TL0192.CO003", "ten": "Cống Trị Yên", "loai": "Cống", "nam_xd": "2012", "vung": "Đồng bằng SCL", "tinh": "80", "don_vi": "Trung tâm QLKTCTTL Long An", "luu_vuc": "Sông Cửu Long"}}, {"type": "Feature", "geometry": {"type": "Point", "coordinates": [106.512755, 10.553512]}, "properties": {"ma": "H39.TL0193.CO004", "ten": "Cống, đập Bến Trễ", "loai": "Cống", "nam_xd": "2002", "vung": "Đồng bằng SCL", "tinh": "80", "don_vi": "Trung tâm QLKTCTTL Long An", "luu_vuc": "Sông Cửu Long"}}, {"type": "Feature", "geometry": {"type": "Point", "coordinates": [106.66418, 10.515268]}, "properties": {"ma": "H39.TL0194.CO005", "ten": "C. Nhựt Tảo", "loai": "Cống", "nam_xd": "1990", "vung": "Đồng bằng SCL", "tinh": "80", "don_vi": "Trung tâm QLKTCTTL Long An", "luu_vuc": "Sông Cửu Long"}}, {"type": "Feature", "geometry": {"type": "Point", "coordinates": [106.666245, 10.576472]}, "properties": {"ma": "H39.TL0195.CO006", "ten": "Cống, đập Ông Hiếu", "loai": "Cống", "nam_xd": "2006", "vung": "Đồng bằng SCL", "tinh": "80", "don_vi": "Trung tâm QLKTCTTL Long An", "luu_vuc": "Sông Cửu Long"}}, {"type": "Feature", "geometry": {"type": "Point", "coordinates": [106.519048, 10.567812]}, "properties": {"ma": "H39.TL0196.CO007", "ten": "Cống, đập Mồng Gà", "loai": "Cống", "nam_xd": "1996", "vung": "Đồng bằng SCL", "tinh": "80", "don_vi": "Trung tâm QLKTCTTL Long An", "luu_vuc": "Sông Cửu Long"}}, {"type": "Feature", "geometry": {"type": "Point", "coordinates": [105.127095, 9.884083]}, "properties": {"ma": "G10.TL0008.CO001", "ten": "Cống, đập Đôi Ma", "loai": "Cống", "nam_xd": "0", "vung": "Đồng bằng SCL", "tinh": "91", "don_vi": "Chi cục Thủy lợi Kiên Giang", "luu_vuc": "Sông Cửu Long"}}, {"type": "Feature", "geometry": {"type": "Point", "coordinates": [105.109102, 9.921751]}, "properties": {"ma": "G10.TL0008.CO002", "ten": "C. Cà Lang", "loai": "Cống", "nam_xd": "0", "vung": "Đồng bằng SCL", "tinh": "91", "don_vi": "Chi cục Thủy lợi Kiên Giang", "luu_vuc": "Sông Cửu Long"}}, {"type": "Feature", "geometry": {"type": "Point", "coordinates": [105.368258, 9.768317]}, "properties": {"ma": "G10.TL0008.CO003", "ten": "C. Tà Niên", "loai": "Cống", "nam_xd": "2002", "vung": "Đồng bằng SCL", "tinh": "91", "don_vi": "Chi cục Thủy lợi Kiên Giang", "luu_vuc": "Sông Cửu Long"}}, {"type": "Feature", "geometry": {"type": "Point", "coordinates": [105.114872, 9.90849]}, "properties": {"ma": "G10.TL0008.CO004", "ten": "C. KH9-C", "loai": "Cống", "nam_xd": "0", "vung": "Đồng bằng SCL", "tinh": "91", "don_vi": "Chi cục Thủy lợi Kiên Giang", "luu_vuc": "Sông Cửu Long"}}, {"type": "Feature", "geometry": {"type": "Point", "coordinates": [105.121072, 9.900375]}, "properties": {"ma": "G10.TL0008.CO005", "ten": "C. Âu Thuyền Vàm Bà Lịch", "loai": "Cống", "nam_xd": "0", "vung": "Đồng bằng SCL", "tinh": "91", "don_vi": "Chi cục Thủy lợi Kiên Giang", "luu_vuc": "Sông Cửu Long"}}, {"type": "Feature", "geometry": {"type": "Point", "coordinates": [105.477549, 9.885604]}, "properties": {"ma": "G10.TL0023.CO001", "ten": "C. Đập Đá", "loai": "Cống", "nam_xd": "2005", "vung": "Đồng bằng SCL", "tinh": "91", "don_vi": "Chi cục Thủy lợi Kiên Giang", "luu_vuc": "Sông Cửu Long"}}, {"type": "Feature", "geometry": {"type": "Point", "coordinates": [105.411211, 9.818727]}, "properties": {"ma": "G10.TL0023.CO002", "ten": "C. KH8-C", "loai": "Cống", "nam_xd": "2005", "vung": "Đồng bằng SCL", "tinh": "91", "don_vi": "Chi cục Thủy lợi Kiên Giang", "luu_vuc": "Sông Cửu Long"}}, {"type": "Feature", "geometry": {"type": "Point", "coordinates": [105.450531, 9.851201]}, "properties": {"ma": "G10.TL0023.CO003", "ten": "C. Ông Dèo", "loai": "Cống", "nam_xd": "2005", "vung": "Đồng bằng SCL", "tinh": "91", "don_vi": "Chi cục Thủy lợi Kiên Giang", "luu_vuc": "Sông Cửu Long"}}, {"type": "Feature", "geometry": {"type": "Point", "coordinates": [105.440462, 9.767761]}, "properties": {"ma": "G10.TL0023.CO004", "ten": "C. Lộ 62Đ", "loai": "Cống", "nam_xd": "2008", "vung": "Đồng bằng SCL", "tinh": "93", "don_vi": "TT KN&DVNN Hậu Giang", "luu_vuc": "Sông Cửu Long"}}, {"type": "Feature", "geometry": {"type": "Point", "coordinates": [105.471383, 9.782661]}, "properties": {"ma": "G10.TL0023.CO005", "ten": "Cống Ông Dèo", "loai": "Cống", "nam_xd": "2017", "vung": "Đồng bằng SCL", "tinh": "93", "don_vi": "TT KN&DVNN Hậu Giang", "luu_vuc": "Sông Cửu Long"}}, {"type": "Feature", "geometry": {"type": "Point", "coordinates": [105.460817, 9.77695]}, "properties": {"ma": "G10.TL0023.CO006", "ten": "Cống Mương Lộ 3/2", "loai": "Cống", "nam_xd": "2014", "vung": "Đồng bằng SCL", "tinh": "93", "don_vi": "TT KN&DVNN Hậu Giang", "luu_vuc": "Sông Cửu Long"}}, {"type": "Feature", "geometry": {"type": "Point", "coordinates": [105.4153, 9.755673]}, "properties": {"ma": "G10.TL0023.CO007", "ten": "Cống Cái Nhúc", "loai": "Cống", "nam_xd": "2006", "vung": "Đồng bằng SCL", "tinh": "93", "don_vi": "TT KN&DVNN Hậu Giang", "luu_vuc": "Sông Cửu Long"}}, {"type": "Feature", "geometry": {"type": "Point", "coordinates": [105.494744, 9.807011]}, "properties": {"ma": "G10.TL0023.CO008", "ten": "Cống Ba Voi", "loai": "Cống", "nam_xd": "2016", "vung": "Đồng bằng SCL", "tinh": "93", "don_vi": "TT KN&DVNN Hậu Giang", "luu_vuc": "Sông Cửu Long"}}, {"type": "Feature", "geometry": {"type": "Point", "coordinates": [105.630787, 9.927733]}, "properties": {"ma": "G10.TL0023.CO009", "ten": "Cống Ba Liên", "loai": "Cống", "nam_xd": "2006", "vung": "Đồng bằng SCL", "tinh": "93", "don_vi": "TT KN&DVNN Hậu Giang", "luu_vuc": "Sông Cửu Long"}}, {"type": "Feature", "geometry": {"type": "Point", "coordinates": [105.582393, 9.885267]}, "properties": {"ma": "G10.TL0023.CO010", "ten": "Cống Bà Đầm C", "loai": "Cống", "nam_xd": "2006", "vung": "Đồng bằng SCL", "tinh": "93", "don_vi": "TT KN&DVNN Hậu Giang", "luu_vuc": "Sông Cửu Long"}}, {"type": "Feature", "geometry": {"type": "Point", "coordinates": [105.565485, 9.870093]}, "properties": {"ma": "G10.TL0023.CO011", "ten": "Cống hở 7000", "loai": "Cống", "nam_xd": "2006", "vung": "Đồng bằng SCL", "tinh": "93", "don_vi": "TT KN&DVNN Hậu Giang", "luu_vuc": "Sông Cửu Long"}}, {"type": "Feature", "geometry": {"type": "Point", "coordinates": [105.467953, 9.788083]}, "properties": {"ma": "G10.TL0023.CO012", "ten": "Cống 9500", "loai": "Cống", "nam_xd": "2014", "vung": "Đồng bằng SCL", "tinh": "93", "don_vi": "TT KN&DVNN Hậu Giang", "luu_vuc": "Sông Cửu Long"}}, {"type": "Feature", "geometry": {"type": "Point", "coordinates": [105.542447, 9.847882]}, "properties": {"ma": "G10.TL0023.CO013", "ten": "Cống 62", "loai": "Cống", "nam_xd": "2017", "vung": "Đồng bằng SCL", "tinh": "93", "don_vi": "TT KN&DVNN Hậu Giang", "luu_vuc": "Sông Cửu Long"}}, {"type": "Feature", "geometry": {"type": "Point", "coordinates": [105.552475, 9.857]}, "properties": {"ma": "G10.TL0023.CO014", "ten": "Cống 13000 Nam Xà No", "loai": "Cống", "nam_xd": "2017", "vung": "Đồng bằng SCL", "tinh": "93", "don_vi": "TT KN&DVNN Hậu Giang", "luu_vuc": "Sông Cửu Long"}}, {"type": "Feature", "geometry": {"type": "Point", "coordinates": [105.499478, 9.814014]}, "properties": {"ma": "G10.TL0023.CO015", "ten": "Cống 11500 Nam Xà No", "loai": "Cống", "nam_xd": "2014", "vung": "Đồng bằng SCL", "tinh": "93", "don_vi": "TT KN&DVNN Hậu Giang", "luu_vuc": "Sông Cửu Long"}}, {"type": "Feature", "geometry": {"type": "Point", "coordinates": [105.458291, 9.777116]}, "properties": {"ma": "G10.TL0023.CO016", "ten": "Cống Thầy Ký", "loai": "Cống", "nam_xd": "2014", "vung": "Đồng bằng SCL", "tinh": "93", "don_vi": "TT KN&DVNN Hậu Giang", "luu_vuc": "Sông Cửu Long"}}, {"type": "Feature", "geometry": {"type": "Point", "coordinates": [105.516597, 9.827708]}, "properties": {"ma": "G10.TL0023.CO017", "ten": "Cống Tắc Huyện Phương", "loai": "Cống", "nam_xd": "2006", "vung": "Đồng bằng SCL", "tinh": "93", "don_vi": "TT KN&DVNN Hậu Giang", "luu_vuc": "Sông Cửu Long"}}, {"type": "Feature", "geometry": {"type": "Point", "coordinates": [105.478486, 9.79553]}, "properties": {"ma": "G10.TL0023.CO018", "ten": "Cống Sáu Kim", "loai": "Cống", "vung": "Đồng bằng SCL", "tinh": "93", "don_vi": "TT KN&DVNN Hậu Giang", "luu_vuc": "Sông Cửu Long"}}, {"type": "Feature", "geometry": {"type": "Point", "coordinates": [105.536053, 9.841941]}, "properties": {"ma": "G10.TL0023.CO019", "ten": "Cống Nhà Thờ", "loai": "Cống", "nam_xd": "2017", "vung": "Đồng bằng SCL", "tinh": "93", "don_vi": "TT KN&DVNN Hậu Giang", "luu_vuc": "Sông Cửu Long"}}, {"type": "Feature", "geometry": {"type": "Point", "coordinates": [105.533493, 10.007066]}, "properties": {"ma": "G10.TL0023.CO020", "ten": "Cống 14000 Nam Xà No", "loai": "Cống", "nam_xd": "0", "vung": "Đồng bằng SCL", "tinh": "92", "don_vi": "Chi cục Thủy lợi Cần Thơ", "luu_vuc": "Sông Cửu Long"}}, {"type": "Feature", "geometry": {"type": "Point", "coordinates": [105.590592, 10.087208]}, "properties": {"ma": "G10.TL0023.CO021", "ten": "C. Bà Đầm-Đ", "loai": "Cống", "nam_xd": "0", "vung": "Đồng bằng SCL", "tinh": "92", "don_vi": "Chi cục Thủy lợi Cần Thơ", "luu_vuc": "Sông Cửu Long"}}, {"type": "Feature", "geometry": {"type": "Point", "coordinates": [105.642389, 10.048087]}, "properties": {"ma": "G10.TL0023.CO022", "ten": "C. Vàm Nhơn", "loai": "Cống", "nam_xd": "0", "vung": "Đồng bằng SCL", "tinh": "92", "don_vi": "Chi cục Thủy lợi Cần Thơ", "luu_vuc": "Sông Cửu Long"}}, {"type": "Feature", "geometry": {"type": "Point", "coordinates": [104.849578, 9.355535]}, "properties": {"ma": "H12.TL0224.CO001", "ten": "C. Tây Đinh", "loai": "Cống", "nam_xd": "2014", "vung": "Đồng bằng SCL", "tinh": "96", "don_vi": "Trung tâm QLKTCTTL Cà Mau", "luu_vuc": "Sông Cửu Long"}}, {"type": "Feature", "geometry": {"type": "Point", "coordinates": [105.27413, 9.081654]}, "properties": {"ma": "H12.TL0225.CO001", "ten": "C. Biện Nhị", "loai": "Cống", "nam_xd": "2013", "vung": "Đồng bằng SCL", "tinh": "96", "don_vi": "Trung tâm QLKTCTTL Cà Mau", "luu_vuc": "Sông Cửu Long"}}, {"type": "Feature", "geometry": {"type": "Point", "coordinates": [105.012014, 8.856]}, "properties": {"ma": "H12.TL0226.CO002", "ten": "C. Khâu Mét", "loai": "Cống", "nam_xd": "2017", "vung": "Đồng bằng SCL", "tinh": "96", "don_vi": "Trung tâm QLKTCTTL Cà Mau", "luu_vuc": "Sông Cửu Long"}}, {"type": "Feature", "geometry": {"type": "Point", "coordinates": [104.941113, 8.914671]}, "properties": {"ma": "H12.TL0227.CO003", "ten": "C. Bào Chấu", "loai": "Cống", "nam_xd": "2016", "vung": "Đồng bằng SCL", "tinh": "96", "don_vi": "Trung tâm QLKTCTTL Cà Mau", "luu_vuc": "Sông Cửu Long"}}, {"type": "Feature", "geometry": {"type": "Point", "coordinates": [105.375515, 9.049319]}, "properties": {"ma": "H12.TL0228.CO004", "ten": "C. Vàm Đinh", "loai": "Cống", "nam_xd": "2018", "vung": "Đồng bằng SCL", "tinh": "96", "don_vi": "Trung tâm QLKTCTTL Cà Mau", "luu_vuc": "Sông Cửu Long"}}, {"type": "Feature", "geometry": {"type": "Point", "coordinates": [105.24351, 9.084787]}, "properties": {"ma": "H12.TL0229.CO005", "ten": "C. Miễu Thiết", "loai": "Cống", "nam_xd": "2014", "vung": "Đồng bằng SCL", "tinh": "96", "don_vi": "Trung tâm QLKTCTTL Cà Mau", "luu_vuc": "Sông Cửu Long"}}, {"type": "Feature", "geometry": {"type": "Point", "coordinates": [105.369621, 9.006877]}, "properties": {"ma": "H12.TL0230.CO006", "ten": "C. Ký Thuật", "loai": "Cống", "nam_xd": "2016", "vung": "Đồng bằng SCL", "tinh": "96", "don_vi": "Trung tâm QLKTCTTL Cà Mau", "luu_vuc": "Sông Cửu Long"}}, {"type": "Feature", "geometry": {"type": "Point", "coordinates": [105.368784, 9.025031]}, "properties": {"ma": "H12.TL0231.CO007", "ten": "C. Hoc Môn", "loai": "Cống", "nam_xd": "2012", "vung": "Đồng bằng SCL", "tinh": "96", "don_vi": "Trung tâm QLKTCTTL Cà Mau", "luu_vuc": "Sông Cửu Long"}}, {"type": "Feature", "geometry": {"type": "Point", "coordinates": [105.323868, 9.069285]}, "properties": {"ma": "H12.TL0232.CO008", "ten": "C. Hiệp Hải", "loai": "Cống", "nam_xd": "2016", "vung": "Đồng bằng SCL", "tinh": "96", "don_vi": "Trung tâm QLKTCTTL Cà Mau", "luu_vuc": "Sông Cửu Long"}}, {"type": "Feature", "geometry": {"type": "Point", "coordinates": [105.219594, 9.083527]}, "properties": {"ma": "H12.TL0233.CO009", "ten": "C. Hai Hạt", "loai": "Cống", "nam_xd": "2017", "vung": "Đồng bằng SCL", "tinh": "96", "don_vi": "Trung tâm QLKTCTTL Cà Mau", "luu_vuc": "Sông Cửu Long"}}, {"type": "Feature", "geometry": {"type": "Point", "coordinates": [104.819779, 9.178693]}, "properties": {"ma": "H12.TL0234.CO010", "ten": "C. Dân Quân", "loai": "Cống", "nam_xd": "2007", "vung": "Đồng bằng SCL", "tinh": "96", "don_vi": "Trung tâm QLKTCTTL Cà Mau", "luu_vuc": "Sông Cửu Long"}}, {"type": "Feature", "geometry": {"type": "Point", "coordinates": [104.969006, 9.071625]}, "properties": {"ma": "H12.TL0235.CO011", "ten": "C. Đá Bạc", "loai": "Cống", "nam_xd": "2016", "vung": "Đồng bằng SCL", "tinh": "96", "don_vi": "Trung tâm QLKTCTTL Cà Mau", "luu_vuc": "Sông Cửu Long"}}, {"type": "Feature", "geometry": {"type": "Point", "coordinates": [104.802874, 8.898243]}, "properties": {"ma": "H12.TL0236.CO012", "ten": "C. Rạch Ráng", "loai": "Cống", "nam_xd": "2018", "vung": "Đồng bằng SCL", "tinh": "96", "don_vi": "Trung tâm QLKTCTTL Cà Mau", "luu_vuc": "Sông Cửu Long"}}, {"type": "Feature", "geometry": {"type": "Point", "coordinates": [104.859584, 8.898332]}, "properties": {"ma": "H12.TL0237.CO013", "ten": "C. Công Nghiệp", "loai": "Cống", "nam_xd": "2015", "vung": "Đồng bằng SCL", "tinh": "96", "don_vi": "Trung tâm QLKTCTTL Cà Mau", "luu_vuc": "Sông Cửu Long"}}, {"type": "Feature", "geometry": {"type": "Point", "coordinates": [104.862608, 8.910734]}, "properties": {"ma": "H12.TL0238.CO014", "ten": "C. Công Nghiệp", "loai": "Cống", "nam_xd": "2016", "vung": "Đồng bằng SCL", "tinh": "96", "don_vi": "Trung tâm QLKTCTTL Cà Mau", "luu_vuc": "Sông Cửu Long"}}, {"type": "Feature", "geometry": {"type": "Point", "coordinates": [105.102816, 9.155631]}, "properties": {"ma": "H12.TL0239.CO015", "ten": "C. Cái Cám", "loai": "Cống", "nam_xd": "2010", "vung": "Đồng bằng SCL", "tinh": "96", "don_vi": "Trung tâm QLKTCTTL Cà Mau", "luu_vuc": "Sông Cửu Long"}}, {"type": "Feature", "geometry": {"type": "Point", "coordinates": [105.207967, 9.087432]}, "properties": {"ma": "H12.TL0240.CO016", "ten": "Cống KG2", "loai": "Cống", "nam_xd": "2010", "vung": "Đồng bằng SCL", "tinh": "96", "don_vi": "Trung tâm QLKTCTTL Cà Mau", "luu_vuc": "Sông Cửu Long"}}, {"type": "Feature", "geometry": {"type": "Point", "coordinates": [104.86634, 9.052526]}, "properties": {"ma": "H12.TL0241.CO017", "ten": "C. Xã Đạt", "loai": "Cống", "nam_xd": "2018", "vung": "Đồng bằng SCL", "tinh": "96", "don_vi": "Trung tâm QLKTCTTL Cà Mau", "luu_vuc": "Sông Cửu Long"}}, {"type": "Feature", "geometry": {"type": "Point", "coordinates": [104.968877, 9.197079]}, "properties": {"ma": "H12.TL0242.CO018", "ten": "C. Trùm Thuật Nam", "loai": "Cống", "nam_xd": "2015", "vung": "Đồng bằng SCL", "tinh": "96", "don_vi": "Trung tâm QLKTCTTL Cà Mau", "luu_vuc": "Sông Cửu Long"}}, {"type": "Feature", "geometry": {"type": "Point", "coordinates": [104.824192, 9.274083]}, "properties": {"ma": "H12.TL0243.CO019", "ten": "C. Trảng Cò", "loai": "Cống", "nam_xd": "2018", "vung": "Đồng bằng SCL", "tinh": "96", "don_vi": "Trung tâm QLKTCTTL Cà Mau", "luu_vuc": "Sông Cửu Long"}}, {"type": "Feature", "geometry": {"type": "Point", "coordinates": [105.03495, 9.23818]}, "properties": {"ma": "H12.TL0244.CO020", "ten": "C. T25", "loai": "Cống", "nam_xd": "2015", "vung": "Đồng bằng SCL", "tinh": "96", "don_vi": "Trung tâm QLKTCTTL Cà Mau", "luu_vuc": "Sông Cửu Long"}}, {"type": "Feature", "geometry": {"type": "Point", "coordinates": [104.879688, 9.055099]}, "properties": {"ma": "H12.TL0245.CO021", "ten": "C. T21", "loai": "Cống", "nam_xd": "2008", "vung": "Đồng bằng SCL", "tinh": "96", "don_vi": "Trung tâm QLKTCTTL Cà Mau", "luu_vuc": "Sông Cửu Long"}}, {"type": "Feature", "geometry": {"type": "Point", "coordinates": [104.943329, 9.054292]}, "properties": {"ma": "H12.TL0246.CO022", "ten": "C. Rạch Lùm", "loai": "Cống", "nam_xd": "2016", "vung": "Đồng bằng SCL", "tinh": "96", "don_vi": "Trung tâm QLKTCTTL Cà Mau", "luu_vuc": "Sông Cửu Long"}}, {"type": "Feature", "geometry": {"type": "Point", "coordinates": [105.303178, 9.083404]}, "properties": {"ma": "H12.TL0247.CO023", "ten": "C. Rạch Bần", "loai": "Cống", "nam_xd": "2016", "vung": "Đồng bằng SCL", "tinh": "96", "don_vi": "Trung tâm QLKTCTTL Cà Mau", "luu_vuc": "Sông Cửu Long"}}, {"type": "Feature", "geometry": {"type": "Point", "coordinates": [104.968877, 9.197079]}, "properties": {"ma": "H12.TL0248.CO024", "ten": "C. Quảng Lởi", "loai": "Cống", "nam_xd": "2007", "vung": "Đồng bằng SCL", "tinh": "96", "don_vi": "Trung tâm QLKTCTTL Cà Mau", "luu_vuc": "Sông Cửu Long"}}, {"type": "Feature", "geometry": {"type": "Point", "coordinates": [104.978429, 8.837683]}, "properties": {"ma": "H12.TL0249.CO025", "ten": "C. Minh Hà", "loai": "Cống", "nam_xd": "2017", "vung": "Đồng bằng SCL", "tinh": "96", "don_vi": "Trung tâm QLKTCTTL Cà Mau", "luu_vuc": "Sông Cửu Long"}}, {"type": "Feature", "geometry": {"type": "Point", "coordinates": [104.897403, 9.027309]}, "properties": {"ma": "H12.TL0250.CO026", "ten": "C. Má Tám", "loai": "Cống", "nam_xd": "2018", "vung": "Đồng bằng SCL", "tinh": "96", "don_vi": "Trung tâm QLKTCTTL Cà Mau", "luu_vuc": "Sông Cửu Long"}}, {"type": "Feature", "geometry": {"type": "Point", "coordinates": [105.218324, 8.938183]}, "properties": {"ma": "H12.TL0251.CO027", "ten": "C. Lung Trường", "loai": "Cống", "nam_xd": "2015", "vung": "Đồng bằng SCL", "tinh": "96", "don_vi": "Trung tâm QLKTCTTL Cà Mau", "luu_vuc": "Sông Cửu Long"}}, {"type": "Feature", "geometry": {"type": "Point", "coordinates": [104.83951, 9.347064]}, "properties": {"ma": "H12.TL0252.CO028", "ten": "C. Lô 3", "loai": "Cống", "nam_xd": "2017", "vung": "Đồng bằng SCL", "tinh": "96", "don_vi": "Trung tâm QLKTCTTL Cà Mau", "luu_vuc": "Sông Cửu Long"}}, {"type": "Feature", "geometry": {"type": "Point", "coordinates": [104.815823, 9.102242]}, "properties": {"ma": "H12.TL0253.CO029", "ten": "C. Kênh Xáng Mới", "loai": "Cống", "nam_xd": "2010", "vung": "Đồng bằng SCL", "tinh": "96", "don_vi": "Trung tâm QLKTCTTL Cà Mau", "luu_vuc": "Sông Cửu Long"}}, {"type": "Feature", "geometry": {"type": "Point", "coordinates": [104.881976, 8.957214]}, "properties": {"ma": "H12.TL0254.CO030", "ten": "C. Kênh Tư", "loai": "Cống", "nam_xd": "2018", "vung": "Đồng bằng SCL", "tinh": "96", "don_vi": "Trung tâm QLKTCTTL Cà Mau", "luu_vuc": "Sông Cửu Long"}}, {"type": "Feature", "geometry": {"type": "Point", "coordinates": [104.859634, 8.980127]}, "properties": {"ma": "H12.TL0255.CO031", "ten": "C. Kênh Số 1 (giáp Bà Tiệm)", "loai": "Cống", "nam_xd": "2016", "vung": "Đồng bằng SCL", "tinh": "96", "don_vi": "Trung tâm QLKTCTTL Cà Mau", "luu_vuc": "Sông Cửu Long"}}, {"type": "Feature", "geometry": {"type": "Point", "coordinates": [104.836665, 9.413543]}, "properties": {"ma": "H12.TL0256.CO032", "ten": "C. Kênh Số 1", "loai": "Cống", "nam_xd": "2016", "vung": "Đồng bằng SCL", "tinh": "96", "don_vi": "Trung tâm QLKTCTTL Cà Mau", "luu_vuc": "Sông Cửu Long"}}, {"type": "Feature", "geometry": {"type": "Point", "coordinates": [104.912144, 9.059794]}, "properties": {"ma": "H12.TL0257.CO033", "ten": "C. Hương Mai", "loai": "Cống", "nam_xd": "2010", "vung": "Đồng bằng SCL", "tinh": "96", "don_vi": "Trung tâm QLKTCTTL Cà Mau", "luu_vuc": "Sông Cửu Long"}}, {"type": "Feature", "geometry": {"type": "Point", "coordinates": [105.315581, 9.072702]}, "properties": {"ma": "H12.TL0258.CO034", "ten": "C. Công Nghiệp", "loai": "Cống", "nam_xd": "2016", "vung": "Đồng bằng SCL", "tinh": "96", "don_vi": "Trung tâm QLKTCTTL Cà Mau", "luu_vuc": "Sông Cửu Long"}}, {"type": "Feature", "geometry": {"type": "Point", "coordinates": [104.808845, 8.924938]}, "properties": {"ma": "H12.TL0259.CO035", "ten": "C. Chà Là", "loai": "Cống", "nam_xd": "2016", "vung": "Đồng bằng SCL", "tinh": "96", "don_vi": "Trung tâm QLKTCTTL Cà Mau", "luu_vuc": "Sông Cửu Long"}}, {"type": "Feature", "geometry": {"type": "Point", "coordinates": [104.947669, 8.86572]}, "properties": {"ma": "H12.TL0260.CO036", "ten": "C. Cái Cám (Giáp ĐBT)", "loai": "Cống", "nam_xd": "2016", "vung": "Đồng bằng SCL", "tinh": "96", "don_vi": "Trung tâm QLKTCTTL Cà Mau", "luu_vuc": "Sông Cửu Long"}}, {"type": "Feature", "geometry": {"type": "Point", "coordinates": [105.177166, 8.945116]}, "properties": {"ma": "H12.TL0261.CO037", "ten": "C. Cả Nảy", "loai": "Cống", "nam_xd": "2017", "vung": "Đồng bằng SCL", "tinh": "96", "don_vi": "Trung tâm QLKTCTTL Cà Mau", "luu_vuc": "Sông Cửu Long"}}, {"type": "Feature", "geometry": {"type": "Point", "coordinates": [104.958588, 9.062968]}, "properties": {"ma": "H12.TL0262.CO038", "ten": "C. Bảy Thi - Kênh Ngang", "loai": "Cống", "nam_xd": "2018", "vung": "Đồng bằng SCL", "tinh": "96", "don_vi": "Trung tâm QLKTCTTL Cà Mau", "luu_vuc": "Sông Cửu Long"}}, {"type": "Feature", "geometry": {"type": "Point", "coordinates": [104.852041, 8.883504]}, "properties": {"ma": "H12.TL0263.CO039", "ten": "C. Chủ Ến", "loai": "Cống", "nam_xd": "2016", "vung": "Đồng bằng SCL", "tinh": "96", "don_vi": "Trung tâm QLKTCTTL Cà Mau", "luu_vuc": "Sông Cửu Long"}}, {"type": "Feature", "geometry": {"type": "Point", "coordinates": [104.845976, 8.987439]}, "properties": {"ma": "H12.TL0264.CO040", "ten": "C.Kết Nghĩa", "loai": "Cống", "nam_xd": "2016", "vung": "Đồng bằng SCL", "tinh": "96", "don_vi": "Trung tâm QLKTCTTL Cà Mau", "luu_vuc": "Sông Cửu Long"}}, {"type": "Feature", "geometry": {"type": "Point", "coordinates": [104.864853, 8.914488]}, "properties": {"ma": "H12.TL0265.CO041", "ten": "C. Tự Lực", "loai": "Cống", "nam_xd": "2016", "vung": "Đồng bằng SCL", "tinh": "96", "don_vi": "Trung tâm QLKTCTTL Cà Mau", "luu_vuc": "Sông Cửu Long"}}, {"type": "Feature", "geometry": {"type": "Point", "coordinates": [105.292599, 9.089011]}, "properties": {"ma": "H12.TL0266.CO042", "ten": "C. Tân Điền", "loai": "Cống", "nam_xd": "2012", "vung": "Đồng bằng SCL", "tinh": "96", "don_vi": "Trung tâm QLKTCTTL Cà Mau", "luu_vuc": "Sông Cửu Long"}}, {"type": "Feature", "geometry": {"type": "Point", "coordinates": [105.042274, 9.117003]}, "properties": {"ma": "H12.TL0267.CO043", "ten": "C. Tam Bộ", "loai": "Cống", "nam_xd": "2013", "vung": "Đồng bằng SCL", "tinh": "96", "don_vi": "Trung tâm QLKTCTTL Cà Mau", "luu_vuc": "Sông Cửu Long"}}, {"type": "Feature", "geometry": {"type": "Point", "coordinates": [105.062637, 9.139866]}, "properties": {"ma": "H12.TL0268.CO044", "ten": "C. Sông Đốc 6 (Đường Cuốc)", "loai": "Cống", "nam_xd": "2016", "vung": "Đồng bằng SCL", "tinh": "96", "don_vi": "Trung tâm QLKTCTTL Cà Mau", "luu_vuc": "Sông Cửu Long"}}, {"type": "Feature", "geometry": {"type": "Point", "coordinates": [105.087163, 9.167566]}, "properties": {"ma": "H12.TL0269.CO045", "ten": "C. Sông Đốc 4", "loai": "Cống", "nam_xd": "2015", "vung": "Đồng bằng SCL", "tinh": "96", "don_vi": "Trung tâm QLKTCTTL Cà Mau", "luu_vuc": "Sông Cửu Long"}}, {"type": "Feature", "geometry": {"type": "Point", "coordinates": [104.963668, 8.856197]}, "properties": {"ma": "H12.TL0270.CO046", "ten": "C. Sông Đốc 1 (Rạch Rẫy)", "loai": "Cống", "nam_xd": "2016", "vung": "Đồng bằng SCL", "tinh": "96", "don_vi": "Trung tâm QLKTCTTL Cà Mau", "luu_vuc": "Sông Cửu Long"}}, {"type": "Feature", "geometry": {"type": "Point", "coordinates": [105.231965, 8.97478]}, "properties": {"ma": "H12.TL0271.CO047", "ten": "C. So Đủa Nhỏ", "loai": "Cống", "nam_xd": "2015", "vung": "Đồng bằng SCL", "tinh": "96", "don_vi": "Trung tâm QLKTCTTL Cà Mau", "luu_vuc": "Sông Cửu Long"}}, {"type": "Feature", "geometry": {"type": "Point", "coordinates": [104.854521, 8.981653]}, "properties": {"ma": "H12.TL0272.CO048", "ten": "C. Sáu Thước", "loai": "Cống", "nam_xd": "2016", "vung": "Đồng bằng SCL", "tinh": "96", "don_vi": "Trung tâm QLKTCTTL Cà Mau", "luu_vuc": "Sông Cửu Long"}}, {"type": "Feature", "geometry": {"type": "Point", "coordinates": [104.826806, 8.970453]}, "properties": {"ma": "H12.TL0273.CO049", "ten": "C. Sáu Thọ", "loai": "Cống", "nam_xd": "2015", "vung": "Đồng bằng SCL", "tinh": "96", "don_vi": "Trung tâm QLKTCTTL Cà Mau", "luu_vuc": "Sông Cửu Long"}}, {"type": "Feature", "geometry": {"type": "Point", "coordinates": [104.845779, 8.872593]}, "properties": {"ma": "H12.TL0274.CO001", "ten": "C. Rạch Cái Nước Biển", "loai": "Cống", "nam_xd": "2017", "vung": "Đồng bằng SCL", "tinh": "96", "don_vi": "Trung tâm QLKTCTTL Cà Mau", "luu_vuc": "Sông Cửu Long"}}, {"type": "Feature", "geometry": {"type": "Point", "coordinates": [104.91165, 8.882546]}, "properties": {"ma": "H12.TL0275.CO002", "ten": "C. Mỹ Hưng", "loai": "Cống", "nam_xd": "2017", "vung": "Đồng bằng SCL", "tinh": "96", "don_vi": "Trung tâm QLKTCTTL Cà Mau", "luu_vuc": "Sông Cửu Long"}}, {"type": "Feature", "geometry": {"type": "Point", "coordinates": [104.941448, 8.868243]}, "properties": {"ma": "H12.TL0276.CO003", "ten": "C. Lung Tràm", "loai": "Cống", "nam_xd": "2016", "vung": "Đồng bằng SCL", "tinh": "96", "don_vi": "Trung tâm QLKTCTTL Cà Mau", "luu_vuc": "Sông Cửu Long"}}, {"type": "Feature", "geometry": {"type": "Point", "coordinates": [105.223036, 8.953602]}, "properties": {"ma": "H12.TL0277.CO004", "ten": "C. Lung Bổn 2", "loai": "Cống", "nam_xd": "2015", "vung": "Đồng bằng SCL", "tinh": "96", "don_vi": "Trung tâm QLKTCTTL Cà Mau", "luu_vuc": "Sông Cửu Long"}}, {"type": "Feature", "geometry": {"type": "Point", "coordinates": [105.208428, 8.971619]}, "properties": {"ma": "H12.TL0278.CO005", "ten": "C. Lò Gạch", "loai": "Cống", "nam_xd": "2015", "vung": "Đồng bằng SCL", "tinh": "96", "don_vi": "Trung tâm QLKTCTTL Cà Mau", "luu_vuc": "Sông Cửu Long"}}, {"type": "Feature", "geometry": {"type": "Point", "coordinates": [105.218294, 8.932693]}, "properties": {"ma": "H12.TL0279.CO006", "ten": "C. Lô 21", "loai": "Cống", "nam_xd": "2015", "vung": "Đồng bằng SCL", "tinh": "96", "don_vi": "Trung tâm QLKTCTTL Cà Mau", "luu_vuc": "Sông Cửu Long"}}, {"type": "Feature", "geometry": {"type": "Point", "coordinates": [105.155859, 8.959643]}, "properties": {"ma": "H12.TL0280.CO007", "ten": "C. Lô  2", "loai": "Cống", "nam_xd": "2015", "vung": "Đồng bằng SCL", "tinh": "96", "don_vi": "Trung tâm QLKTCTTL Cà Mau", "luu_vuc": "Sông Cửu Long"}}, {"type": "Feature", "geometry": {"type": "Point", "coordinates": [104.816215, 8.97374]}, "properties": {"ma": "H12.TL0281.CO008", "ten": "C. Kênh Lý", "loai": "Cống", "nam_xd": "2016", "vung": "Đồng bằng SCL", "tinh": "96", "don_vi": "Trung tâm QLKTCTTL Cà Mau", "luu_vuc": "Sông Cửu Long"}}, {"type": "Feature", "geometry": {"type": "Point", "coordinates": [104.86936, 8.926918]}, "properties": {"ma": "H12.TL0282.CO009", "ten": "C. Kênh Lô II - 3", "loai": "Cống", "nam_xd": "2016", "vung": "Đồng bằng SCL", "tinh": "96", "don_vi": "Trung tâm QLKTCTTL Cà Mau", "luu_vuc": "Sông Cửu Long"}}, {"type": "Feature", "geometry": {"type": "Point", "coordinates": [104.913393, 9.202642]}, "properties": {"ma": "H12.TL0283.CO010", "ten": "C. Kênh Đứng", "loai": "Cống", "nam_xd": "2016", "vung": "Đồng bằng SCL", "tinh": "96", "don_vi": "Trung tâm QLKTCTTL Cà Mau", "luu_vuc": "Sông Cửu Long"}}, {"type": "Feature", "geometry": {"type": "Point", "coordinates": [104.86122, 9.138045]}, "properties": {"ma": "H12.TL0284.CO011", "ten": "C. Kênh Đứng", "loai": "Cống", "nam_xd": "2016", "vung": "Đồng bằng SCL", "tinh": "96", "don_vi": "Trung tâm QLKTCTTL Cà Mau", "luu_vuc": "Sông Cửu Long"}}, {"type": "Feature", "geometry": {"type": "Point", "coordinates": [104.876212, 8.946205]}, "properties": {"ma": "H12.TL0285.CO012", "ten": "C. Đường Ranh Tây", "loai": "Cống", "nam_xd": "2016", "vung": "Đồng bằng SCL", "tinh": "96", "don_vi": "Trung tâm QLKTCTTL Cà Mau", "luu_vuc": "Sông Cửu Long"}}, {"type": "Feature", "geometry": {"type": "Point", "coordinates": [105.210024, 8.962637]}, "properties": {"ma": "H12.TL0286.CO013", "ten": "C. Cái Nước Biển", "loai": "Cống", "nam_xd": "2015", "vung": "Đồng bằng SCL", "tinh": "96", "don_vi": "Trung tâm QLKTCTTL Cà Mau", "luu_vuc": "Sông Cửu Long"}}, {"type": "Feature", "geometry": {"type": "Point", "coordinates": [105.16091, 8.94477]}, "properties": {"ma": "H12.TL0287.CO014", "ten": "C. Cả Kiến", "loai": "Cống", "nam_xd": "2014", "vung": "Đồng bằng SCL", "tinh": "96", "don_vi": "Trung tâm QLKTCTTL Cà Mau", "luu_vuc": "Sông Cửu Long"}}, {"type": "Feature", "geometry": {"type": "Point", "coordinates": [106.405123, 10.138618]}, "properties": {"ma": "H07.TL0288.CO001", "ten": "C. Bảy Thi", "loai": "Cống", "nam_xd": "0", "vung": "Đồng bằng SCL", "tinh": "83", "don_vi": "Công ty TNHH MTV KTCTTL Bến Tre", "luu_vuc": "Sông Cửu Long"}}, {"type": "Feature", "geometry": {"type": "Point", "coordinates": [106.633933, 10.146121]}, "properties": {"ma": "H07.TL0289.CO002", "ten": "C. Thủ Cửu", "loai": "Cống", "nam_xd": "2002", "vung": "Đồng bằng SCL", "tinh": "83", "don_vi": "Công ty TNHH MTV KTCTTL Bến Tre", "luu_vuc": "Sông Cửu Long"}}, {"type": "Feature", "geometry": {"type": "Point", "coordinates": [106.458135, 10.068087]}, "properties": {"ma": "H07.TL0290.CO003", "ten": "Cống đập Ba Lai", "loai": "Cống", "nam_xd": "0", "vung": "Đồng bằng SCL", "tinh": "83", "don_vi": "Công ty TNHH MTV KTCTTL Bến Tre", "luu_vuc": "Sông Cửu Long"}}, {"type": "Feature", "geometry": {"type": "Point", "coordinates": [106.645408, 10.227261]}, "properties": {"ma": "H07.TL0291.CO004", "ten": "C. Sơn Đốc 2", "loai": "Cống", "nam_xd": "0", "vung": "Đồng bằng SCL", "tinh": "83", "don_vi": "Công ty TNHH MTV KTCTTL Bến Tre", "luu_vuc": "Sông Cửu Long"}}, {"type": "Feature", "geometry": {"type": "Point", "coordinates": [106.567169, 10.251687]}, "properties": {"ma": "H07.TL0292.CO005", "ten": "Cống Định Trung", "loai": "Cống", "nam_xd": "0", "vung": "Đồng bằng SCL", "tinh": "83", "don_vi": "Công ty TNHH MTV KTCTTL Bến Tre", "luu_vuc": "Sông Cửu Long"}}, {"type": "Feature", "geometry": {"type": "Point", "coordinates": [106.257925, 10.265555]}, "properties": {"ma": "H07.TL0293.CO006", "ten": "C. Cái Cau", "loai": "Cống", "nam_xd": "0", "vung": "Đồng bằng SCL", "tinh": "83", "don_vi": "Công ty TNHH MTV KTCTTL Bến Tre", "luu_vuc": "Sông Cửu Long"}}, {"type": "Feature", "geometry": {"type": "Point", "coordinates": [106.325603, 10.247726]}, "properties": {"ma": "H07.TL0294.CO007", "ten": "Cống Bái Đắc", "loai": "Cống", "nam_xd": "0", "vung": "Đồng bằng SCL", "tinh": "83", "don_vi": "Công ty TNHH MTV KTCTTL Bến Tre", "luu_vuc": "Sông Cửu Long"}}, {"type": "Feature", "geometry": {"type": "Point", "coordinates": [106.286402, 10.274667]}, "properties": {"ma": "H07.TL0295.CO008", "ten": "C. Sông Mã", "loai": "Cống", "nam_xd": "0", "vung": "Đồng bằng SCL", "tinh": "83", "don_vi": "Công ty TNHH MTV KTCTTL Bến Tre", "luu_vuc": "Sông Cửu Long"}}, {"type": "Feature", "geometry": {"type": "Point", "coordinates": [106.393993, 10.154173]}, "properties": {"ma": "H07.TL0296.CO009", "ten": "C. Ông Đốc (An Hiệp Mới)", "loai": "Cống", "nam_xd": "0", "vung": "Đồng bằng SCL", "tinh": "83", "don_vi": "Công ty TNHH MTV KTCTTL Bến Tre", "luu_vuc": "Sông Cửu Long"}}, {"type": "Feature", "geometry": {"type": "Point", "coordinates": [106.381332, 9.990719]}, "properties": {"ma": "H07.TL0297.CO010", "ten": "C. Cầu Kênh", "loai": "Cống", "nam_xd": "1986", "vung": "Đồng bằng SCL", "tinh": "83", "don_vi": "Công ty TNHH MTV KTCTTL Bến Tre", "luu_vuc": "Sông Cửu Long"}}, {"type": "Feature", "geometry": {"type": "Point", "coordinates": [106.462328, 10.067083]}, "properties": {"ma": "H07.TL0298.CO011", "ten": "C. Vàm Đồn", "loai": "Cống", "nam_xd": "2001", "vung": "Đồng bằng SCL", "tinh": "83", "don_vi": "Công ty TNHH MTV KTCTTL Bến Tre", "luu_vuc": "Sông Cửu Long"}}, {"type": "Feature", "geometry": {"type": "Point", "coordinates": [106.613326, 10.238271]}, "properties": {"ma": "H07.TL0299.CO012", "ten": "C. Sơn Đốc", "loai": "Cống", "nam_xd": "0", "vung": "Đồng bằng SCL", "tinh": "83", "don_vi": "Công ty TNHH MTV KTCTTL Bến Tre", "luu_vuc": "Sông Cửu Long"}}, {"type": "Feature", "geometry": {"type": "Point", "coordinates": [106.602559, 10.240792]}, "properties": {"ma": "H07.TL0300.CO013", "ten": "C. Tân Định", "loai": "Cống", "nam_xd": "0", "vung": "Đồng bằng SCL", "tinh": "83", "don_vi": "Công ty TNHH MTV KTCTTL Bến Tre", "luu_vuc": "Sông Cửu Long"}}, {"type": "Feature", "geometry": {"type": "Point", "coordinates": [106.265238, 10.313551]}, "properties": {"ma": "H07.TL0301.CO014", "ten": "C. Lộc Thuận", "loai": "Cống", "nam_xd": "2020", "vung": "Đồng bằng SCL", "tinh": "83", "don_vi": "Công ty TNHH MTV KTCTTL Bến Tre", "luu_vuc": "Sông Cửu Long"}}, {"type": "Feature", "geometry": {"type": "Point", "coordinates": [106.615202, 10.157642]}, "properties": {"ma": "H07.TL0302.CO015", "ten": "C. Cái Sơn(Bốn Thôn)", "loai": "Cống", "nam_xd": "1990", "vung": "Đồng bằng SCL", "tinh": "83", "don_vi": "Công ty TNHH MTV KTCTTL Bến Tre", "luu_vuc": "Sông Cửu Long"}}, {"type": "Feature", "geometry": {"type": "Point", "coordinates": [106.682255, 10.082347]}, "properties": {"ma": "H07.TL0303.CO016", "ten": "C. Vàm Hồ", "loai": "Cống", "nam_xd": "2011", "vung": "Đồng bằng SCL", "tinh": "83", "don_vi": "Công ty TNHH MTV KTCTTL Bến Tre", "luu_vuc": "Sông Cửu Long"}}, {"type": "Feature", "geometry": {"type": "Point", "coordinates": [106.660448, 10.119137]}, "properties": {"ma": "H07.TL0304.CO017", "ten": "C. Ruộng Muối", "loai": "Cống", "nam_xd": "2011", "vung": "Đồng bằng SCL", "tinh": "83", "don_vi": "Công ty TNHH MTV KTCTTL Bến Tre", "luu_vuc": "Sông Cửu Long"}}, {"type": "Feature", "geometry": {"type": "Point", "coordinates": [106.503593, 10.127911]}, "properties": {"ma": "H07.TL0305.CO018", "ten": "C. Rạch Nò (Mới)", "loai": "Cống", "nam_xd": "1991", "vung": "Đồng bằng SCL", "tinh": "83", "don_vi": "Công ty TNHH MTV KTCTTL Bến Tre", "luu_vuc": "Sông Cửu Long"}}, {"type": "Feature", "geometry": {"type": "Point", "coordinates": [106.285044, 10.164076]}, "properties": {"ma": "H07.TL0306.CO019", "ten": "C. Cây Da", "loai": "Cống", "nam_xd": "0", "vung": "Đồng bằng SCL", "tinh": "83", "don_vi": "Công ty TNHH MTV KTCTTL Bến Tre", "luu_vuc": "Sông Cửu Long"}}, {"type": "Feature", "geometry": {"type": "Point", "coordinates": [106.422969, 10.312144]}, "properties": {"ma": "H07.TL0307.CO020", "ten": "C. Giồng Keo", "loai": "Cống", "nam_xd": "2020", "vung": "Đồng bằng SCL", "tinh": "83", "don_vi": "Công ty TNHH MTV KTCTTL Bến Tre", "luu_vuc": "Sông Cửu Long"}}, {"type": "Feature", "geometry": {"type": "Point", "coordinates": [106.218873, 10.235909]}, "properties": {"ma": "H07.TL0308.CO021", "ten": "C. Vàm Ngựa", "loai": "Cống", "nam_xd": "0", "vung": "Đồng bằng SCL", "tinh": "83", "don_vi": "Công ty TNHH MTV KTCTTL Bến Tre", "luu_vuc": "Sông Cửu Long"}}, {"type": "Feature", "geometry": {"type": "Point", "coordinates": [106.442171, 10.241588]}, "properties": {"ma": "H07.TL0309.CO022", "ten": "C. Kênh Lộ", "loai": "Cống", "nam_xd": "0", "vung": "Đồng bằng SCL", "tinh": "83", "don_vi": "Công ty TNHH MTV KTCTTL Bến Tre", "luu_vuc": "Sông Cửu Long"}}, {"type": "Feature", "geometry": {"type": "Point", "coordinates": [106.376187, 10.232805]}, "properties": {"ma": "H07.TL0310.CO023", "ten": "C. An Thuận 3", "loai": "Cống", "nam_xd": "0", "vung": "Đồng bằng SCL", "tinh": "83", "don_vi": "Công ty TNHH MTV KTCTTL Bến Tre", "luu_vuc": "Sông Cửu Long"}}, {"type": "Feature", "geometry": {"type": "Point", "coordinates": [106.597411, 10.041921]}, "properties": {"ma": "H07.TL0311.CO024", "ten": "C. An Thuận", "loai": "Cống", "nam_xd": "1990", "vung": "Đồng bằng SCL", "tinh": "83", "don_vi": "Công ty TNHH MTV KTCTTL Bến Tre", "luu_vuc": "Sông Cửu Long"}}, {"type": "Feature", "geometry": {"type": "Point", "coordinates": [106.513045, 10.265036]}, "properties": {"ma": "H07.TL0312.CO025", "ten": "C. Hai Cửa", "loai": "Cống", "nam_xd": "1978", "vung": "Đồng bằng SCL", "tinh": "83", "don_vi": "Công ty TNHH MTV KTCTTL Bến Tre", "luu_vuc": "Sông Cửu Long"}}, {"type": "Feature", "geometry": {"type": "Point", "coordinates": [106.557502, 10.255441]}, "properties": {"ma": "H07.TL0313.CO026", "ten": "C. Vinh Điền", "loai": "Cống", "nam_xd": "0", "vung": "Đồng bằng SCL", "tinh": "83", "don_vi": "Công ty TNHH MTV KTCTTL Bến Tre", "luu_vuc": "Sông Cửu Long"}}, {"type": "Feature", "geometry": {"type": "Point", "coordinates": [106.558009, 10.012778]}, "properties": {"ma": "H07.TL0314.CO027", "ten": "C. Bà Nhuộm", "loai": "Cống", "nam_xd": "2001", "vung": "Đồng bằng SCL", "tinh": "83", "don_vi": "Công ty TNHH MTV KTCTTL Bến Tre", "luu_vuc": "Sông Cửu Long"}}, {"type": "Feature", "geometry": {"type": "Point", "coordinates": [106.635951, 10.135759]}, "properties": {"ma": "H07.TL0315.CO028", "ten": "C. Mương Đào", "loai": "Cống", "nam_xd": "2011", "vung": "Đồng bằng SCL", "tinh": "83", "don_vi": "Công ty TNHH MTV KTCTTL Bến Tre", "luu_vuc": "Sông Cửu Long"}}, {"type": "Feature", "geometry": {"type": "Point", "coordinates": [106.527586, 10.029845]}, "properties": {"ma": "H07.TL0316.CO029", "ten": "C. Giồng Trơn", "loai": "Cống", "nam_xd": "2001", "vung": "Đồng bằng SCL", "tinh": "83", "don_vi": "Công ty TNHH MTV KTCTTL Bến Tre", "luu_vuc": "Sông Cửu Long"}}, {"type": "Feature", "geometry": {"type": "Point", "coordinates": [106.600431, 10.187623]}, "properties": {"ma": "H07.TL0317.CO030", "ten": "C. Cái Bông", "loai": "Cống", "nam_xd": "1989", "vung": "Đồng bằng SCL", "tinh": "83", "don_vi": "Công ty TNHH MTV KTCTTL Bến Tre", "luu_vuc": "Sông Cửu Long"}}, {"type": "Feature", "geometry": {"type": "Point", "coordinates": [105.735085, 9.228104]}, "properties": {"ma": "H04.TL0318.CO001", "ten": "C. Ao Vuông", "loai": "Cống", "nam_xd": "0", "vung": "Đồng bằng SCL", "tinh": "95", "don_vi": "Trung tâm QLKTCTTL Bạc Liêu", "luu_vuc": "Sông Cửu Long"}}, {"type": "Feature", "geometry": {"type": "Point", "coordinates": [105.580618, 9.141912]}, "properties": {"ma": "H04.TL0319.CO002", "ten": "C. Cầu Nhà Mát", "loai": "Cống", "nam_xd": "0", "vung": "Đồng bằng SCL", "tinh": "95", "don_vi": "Trung tâm QLKTCTTL Bạc Liêu", "luu_vuc": "Sông Cửu Long"}}, {"type": "Feature", "geometry": {"type": "Point", "coordinates": [105.494881, 9.106747]}, "properties": {"ma": "H04.TL0320.CO003", "ten": "C. Cầu Cái Cùng", "loai": "Cống", "vung": "Đồng bằng SCL", "tinh": "95", "don_vi": "Trung tâm QLKTCTTL Bạc Liêu", "luu_vuc": "Sông Cửu Long"}}, {"type": "Feature", "geometry": {"type": "Point", "coordinates": [105.668637, 9.182388]}, "properties": {"ma": "H04.TL0321.CO004", "ten": "C. Cầu Huyện Kệ", "loai": "Cống", "vung": "Đồng bằng SCL", "tinh": "95", "don_vi": "Trung tâm QLKTCTTL Bạc Liêu", "luu_vuc": "Sông Cửu Long", "dt_tuoi": 350.0}}, {"type": "Feature", "geometry": {"type": "Point", "coordinates": [105.166218, 9.19129]}, "properties": {"ma": "G10.TL0009.CO027", "ten": "C. Cà Mau", "loai": "Cống", "nam_xd": "2000", "vung": "Đồng bằng SCL", "tinh": "96", "don_vi": "Trung tâm QLKTCTTL Cà Mau", "luu_vuc": "Sông Cửu Long"}}]}