{"type": "FeatureCollection", "name": "ho_thuyloi", "crs": {"type": "name", "properties": {"name": "urn:ogc:def:crs:OGC:1.3:CRS84"}}, "features": [{"type": "Feature", "geometry": {"type": "Point", "coordinates": [103.089577, 21.453092]}, "properties": {"ma": "H18.TL0007.HC001", "ten": "Hồ Pa Khoang", "loai": "Hồ chứa", "vung": "MN phía Bắc", "tinh": "11", "don_vi": "Công ty KTCTTL Điện Biên", "luu_vuc": "Sông Đà", "flv_km2": 77.2, "w_huu_ich": 39.2, "w_toanbo": 37.2, "mndbt": 925.25, "mndgc": 0.0, "mnc": 911.0, "dt_tuoi": 3317.0}}, {"type": "Feature", "geometry": {"type": "Point", "coordinates": [104.981059, 21.43217]}, "properties": {"ma": "H44.TL0003.HC001", "ten": "Hồ Dộc Giang", "loai": "Hồ chứa", "vung": "ĐB Sông Hồng", "tinh": "25", "don_vi": "Công ty KTCTTL Phú Thọ", "luu_vuc": "Sông Lô", "flv_km2": 1.96, "w_huu_ich": 1.0, "w_toanbo": 1.293, "mndbt": 48.2, "mndgc": 0.0, "mnc": 46.3, "dt_tuoi": 25.6}}, {"type": "Feature", "geometry": {"type": "Point", "coordinates": [105.012778, 21.576111]}, "properties": {"ma": "H44.TL0004.HC001", "ten": "Hồ Lửa Việt", "loai": "Hồ chứa", "vung": "ĐB Sông Hồng", "tinh": "25", "don_vi": "Công ty KTCTTL Phú Thọ", "luu_vuc": "Sông Lô", "flv_km2": 22.5, "w_huu_ich": 5.7, "w_toanbo": 6.14, "mndbt": 26.5, "mndgc": 0.0, "mnc": 24.8, "dt_tuoi": 399.8}}, {"type": "Feature", "geometry": {"type": "Point", "coordinates": [105.417261, 18.538244]}, "properties": {"ma": "H27.TL0014.HC001", "ten": "Hồ Cao Thắng", "loai": "Hồ chứa", "nam_xd": "1996", "vung": "Bắc Trung Bộ", "tinh": "42", "don_vi": "Đang cập nhật", "luu_vuc": "Sông Cả", "flv_km2": 7.0, "w_huu_ich": 3.0, "w_toanbo": 3.0, "mndbt": 25.0, "mndgc": 0.0, "mnc": 15.0, "dt_tuoi": 440.0}}, {"type": "Feature", "geometry": {"type": "Point", "coordinates": [106.279497, 18.01235]}, "properties": {"ma": "G10.TL0029.HC001", "ten": "Hồ Kim Sơn", "loai": "Hồ chứa", "nam_xd": "1993", "vung": "Bắc Trung Bộ", "tinh": "42", "don_vi": "Bộ NN&PTNT", "luu_vuc": "Sông Nghèn", "flv_km2": 10.0, "w_huu_ich": 13.0, "w_toanbo": 18.0, "mndbt": 97.0, "mndgc": 98.0, "mnc": 89.0, "dt_tuoi": 710.0}}, {"type": "Feature", "geometry": {"type": "Point", "coordinates": [107.1301, 16.764911]}, "properties": {"ma": "H50.TL0004.HC001", "ten": "Hồ Ái Tử", "loai": "Hồ chứa", "nam_xd": "2002", "vung": "Bắc Trung Bộ", "tinh": "45", "don_vi": "Công ty KTCTTL Quảng Trị", "luu_vuc": "Sông Thạch Hãn", "flv_km2": 18.0, "w_huu_ich": 14.0, "w_toanbo": 15.0, "mndbt": 18.0, "mndgc": 19.0, "mnc": 10.0, "dt_tuoi": 0.0}}, {"type": "Feature", "geometry": {"type": "Point", "coordinates": [107.103522, 16.797156]}, "properties": {"ma": "H50.TL0005.HC001", "ten": "Hồ Trung Chỉ", "loai": "Hồ chứa", "nam_xd": "2007", "vung": "Bắc Trung Bộ", "tinh": "45", "don_vi": "Công ty KTCTTL Quảng Trị", "luu_vuc": "Sông Thạch Hãn", "flv_km2": 3.0, "w_huu_ich": 2.0, "w_toanbo": 2.0, "mndbt": 17.0, "mndgc": 18.0, "mnc": 12.0, "dt_tuoi": 0.0}}, {"type": "Feature", "geometry": {"type": "Point", "coordinates": [107.153028, 16.726592]}, "properties": {"ma": "H50.TL0011.HC001", "ten": "Hồ Triệu Thượng 1", "loai": "Hồ chứa", "nam_xd": "1979", "vung": "Bắc Trung Bộ", "tinh": "45", "don_vi": "Công ty KTCTTL Quảng Trị", "luu_vuc": "Sông Thạch Hãn", "flv_km2": 4.0, "w_huu_ich": 3.0, "w_toanbo": 4.0, "mndbt": 16.0, "mndgc": 16.0, "mnc": 10.0, "dt_tuoi": 0.0}}, {"type": "Feature", "geometry": {"type": "Point", "coordinates": [109.074, 14.2078]}, "properties": {"ma": "H08.TL0019.HC001", "ten": "Hồ Diêm Tiêu", "loai": "Hồ chứa", "vung": "Nam Trung Bộ", "tinh": "52", "don_vi": "Công ty KTCTTL Bình Định", "luu_vuc": "Sông Kôn", "flv_km2": 6.0, "w_huu_ich": 6.0, "w_toanbo": 6.6, "mndbt": 46.5, "mndgc": 47.4, "mnc": 39.0, "dt_tuoi": 200.0}}, {"type": "Feature", "geometry": {"type": "Point", "coordinates": [109.181863, 14.051923]}, "properties": {"ma": "H08.TL0020.HC001", "ten": "Hồ Chánh Hùng", "loai": "Hồ chứa", "vung": "Nam Trung Bộ", "tinh": "52", "don_vi": "Công ty KTCTTL Bình Định", "luu_vuc": "Sông Kôn", "flv_km2": 2.8, "w_huu_ich": 2.6, "w_toanbo": 2.9, "mndbt": 17.0, "mndgc": 19.0, "mnc": 8.0, "dt_tuoi": 244.0}}, {"type": "Feature", "geometry": {"type": "Point", "coordinates": [105.421126, 21.550244]}, "properties": {"ma": "H60.TL0006.HC001", "ten": "Hồ Hoa Lũng", "loai": "Hồ chứa", "vung": "MN phía Bắc", "tinh": "08", "don_vi": "Ban QLKT Tuyên Quang", "luu_vuc": "Sông Gâm - Chảy", "flv_km2": 8.0, "w_huu_ich": 0.7, "w_toanbo": 0.79, "mndbt": 78.8, "mndgc": 0.0, "mnc": 67.0, "dt_tuoi": 0.0}}, {"type": "Feature", "geometry": {"type": "Point", "coordinates": [103.893385, 21.278508]}, "properties": {"ma": "H52.TL0005.HC001", "ten": "Hồ Cơ Muông", "loai": "Hồ chứa", "vung": "MN phía Bắc", "tinh": "14", "don_vi": "Công ty KTCTTL Sơn La", "luu_vuc": "Sông Đà", "flv_km2": 0.0, "w_huu_ich": 1.3, "w_toanbo": 0.0, "mndbt": 0.0, "mndgc": 0.0, "mnc": 0.0, "dt_tuoi": 0.0}}, {"type": "Feature", "geometry": {"type": "Point", "coordinates": [109.035, 14.3181]}, "properties": {"ma": "H08.TL0021.HC001", "ten": "Hồ Vạn Định", "loai": "Hồ chứa", "vung": "Nam Trung Bộ", "tinh": "52", "don_vi": "Công ty KTCTTL Bình Định", "luu_vuc": "Sông Lại Giang", "flv_km2": 4.4, "w_huu_ich": 3.3, "w_toanbo": 3.3, "mndbt": 5.9, "mndgc": 0.0, "mnc": 0.0, "dt_tuoi": 256.0}}, {"type": "Feature", "geometry": {"type": "Point", "coordinates": [108.988951, 14.563214]}, "properties": {"ma": "H08.TL0022.HC001", "ten": "Hồ Mỹ Bình", "loai": "Hồ chứa", "vung": "Nam Trung Bộ", "tinh": "52", "don_vi": "Công ty KTCTTL Bình Định", "luu_vuc": "Sông Lại Giang", "flv_km2": 20.5, "w_huu_ich": 5.1, "w_toanbo": 5.5, "mndbt": 29.0, "mndgc": 30.3, "mnc": 18.5, "dt_tuoi": 124.0}}, {"type": "Feature", "geometry": {"type": "Point", "coordinates": [109.0023, 14.2754]}, "properties": {"ma": "H08.TL0023.HC001", "ten": "Hồ Thạch Khê", "loai": "Hồ chứa", "vung": "Nam Trung Bộ", "tinh": "52", "don_vi": "Công ty KTCTTL Bình Định", "luu_vuc": "Sông Lại Giang", "flv_km2": 13.6, "w_huu_ich": 7.2, "w_toanbo": 7.4, "mndbt": 57.3, "mndgc": 59.3, "mnc": 45.0, "dt_tuoi": 172.0}}, {"type": "Feature", "geometry": {"type": "Point", "coordinates": [109.105779, 14.376605]}, "properties": {"ma": "H08.TL0024.HC001", "ten": "Hồ Phú Hà", "loai": "Hồ chứa", "vung": "Nam Trung Bộ", "tinh": "52", "don_vi": "Công ty KTCTTL Bình Định", "luu_vuc": "Sông Lại Giang", "flv_km2": 10.2, "w_huu_ich": 3.8, "w_toanbo": 4.9, "mndbt": 18.6, "mndgc": 20.9, "mnc": 11.5, "dt_tuoi": 84.0}}, {"type": "Feature", "geometry": {"type": "Point", "coordinates": [109.002287, 13.809143]}, "properties": {"ma": "H08.TL0002.HC001", "ten": "Hồ Núi Một", "loai": "Hồ chứa", "vung": "Nam Trung Bộ", "tinh": "52", "don_vi": "Công ty KTCTTL Bình Định", "luu_vuc": "Sông Kôn", "flv_km2": 110.0, "w_huu_ich": 108.6, "w_toanbo": 110.0, "mndbt": 46.2, "mndgc": 48.7, "mnc": 25.0, "dt_tuoi": 2709.0}}, {"type": "Feature", "geometry": {"type": "Point", "coordinates": [109.163521, 13.273671]}, "properties": {"ma": "H45.TL0001.HC001", "ten": "Hồ Đồng Tròn", "loai": "Hồ chứa", "vung": "Nam Trung Bộ", "tinh": "54", "don_vi": "Công ty KTCTTL Đồng Cam", "luu_vuc": "Sông Kỳ Lộ", "flv_km2": 69.5, "w_huu_ich": 18.3, "w_toanbo": 19.6, "mndbt": 35.5, "mndgc": 35.9, "mnc": 18.0, "dt_tuoi": 1950.0}}, {"type": "Feature", "geometry": {"type": "Point", "coordinates": [109.0386, 13.2888]}, "properties": {"ma": "H45.TL0002.HC001", "ten": "Hồ Phú Xuân", "loai": "Hồ chứa", "nam_xd": "1994", "vung": "Nam Trung Bộ", "tinh": "54", "don_vi": "Công ty KTCTTL Đồng Cam", "luu_vuc": "Sông Kỳ Lộ", "flv_km2": 126.0, "w_huu_ich": 8.6, "w_toanbo": 11.2, "mndbt": 36.5, "mndgc": 39.0, "mnc": 29.3, "dt_tuoi": 1500.0}}, {"type": "Feature", "geometry": {"type": "Point", "coordinates": [108.8204, 11.8637]}, "properties": {"ma": "H43.TL0016.HC001", "ten": "Hồ Trà Co", "loai": "Hồ chứa", "vung": "Nam Trung Bộ", "tinh": "58", "don_vi": "Công ty KTCTTL Ninh Thuận", "luu_vuc": "Sông Cái Phan Rang", "flv_km2": 94.0, "w_huu_ich": 8.8, "w_toanbo": 10.1, "mndbt": 159.0, "mndgc": 0.0, "mnc": 150.0, "dt_tuoi": 942.0}}, {"type": "Feature", "geometry": {"type": "Point", "coordinates": [108.994029, 13.106471]}, "properties": {"ma": "H45.TL0003.HC001", "ten": "Hồ Suối Vực", "loai": "Hồ chứa", "nam_xd": "2015", "vung": "Nam Trung Bộ", "tinh": "54", "don_vi": "Công ty KTCTTL Đồng Cam", "luu_vuc": "Sông Ba", "flv_km2": 40.5, "w_huu_ich": 9.9, "w_toanbo": 10.5, "mndbt": 88.1, "mndgc": 89.7, "mnc": 75.0, "dt_tuoi": 790.0}}, {"type": "Feature", "geometry": {"type": "Point", "coordinates": [109.3416, 12.9204]}, "properties": {"ma": "H45.TL0008.HC001", "ten": "Hồ Đồng Khôn", "loai": "Hồ chứa", "nam_xd": "1998", "vung": "Nam Trung Bộ", "tinh": "54", "don_vi": "Công ty KTCTTL Đồng Cam", "luu_vuc": "Sông Ba", "flv_km2": 7.5, "w_huu_ich": 2.6, "w_toanbo": 2.7, "mndbt": 23.2, "mndgc": 25.2, "mnc": 11.6, "dt_tuoi": 200.0}}, {"type": "Feature", "geometry": {"type": "Point", "coordinates": [108.862956, 12.962705]}, "properties": {"ma": "H45.TL0009.HC001", "ten": "Hồ La Bách", "loai": "Hồ chứa", "nam_xd": "2012", "vung": "Nam Trung Bộ", "tinh": "54", "don_vi": "Công ty KTCTTL Đồng Cam", "luu_vuc": "Sông Ba", "flv_km2": 7.5, "w_huu_ich": 2.2, "w_toanbo": 2.6, "mndbt": 202.2, "mndgc": 204.0, "mnc": 194.0, "dt_tuoi": 278.0}}, {"type": "Feature", "geometry": {"type": "Point", "coordinates": [108.772707, 12.942915]}, "properties": {"ma": "H45.TL0010.HC001", "ten": "Hồ Tân Lập", "loai": "Hồ chứa", "nam_xd": "1998", "vung": "Nam Trung Bộ", "tinh": "54", "don_vi": "Công ty KTCTTL Đồng Cam", "luu_vuc": "Sông Ba", "flv_km2": 5.5, "w_huu_ich": 1.0, "w_toanbo": 1.6, "mndbt": 61.0, "mndgc": 62.7, "mnc": 58.0, "dt_tuoi": 100.0}}, {"type": "Feature", "geometry": {"type": "Point", "coordinates": [108.836872, 12.940692]}, "properties": {"ma": "H45.TL0011.HC001", "ten": "Hồ Eadin 1", "loai": "Hồ chứa", "nam_xd": "1990", "vung": "Nam Trung Bộ", "tinh": "54", "don_vi": "Công ty KTCTTL Đồng Cam", "luu_vuc": "Sông Ba", "flv_km2": 4.5, "w_huu_ich": 1.0, "w_toanbo": 1.0, "mndbt": 397.8, "mndgc": 399.2, "mnc": 387.8, "dt_tuoi": 200.0}}, {"type": "Feature", "geometry": {"type": "Point", "coordinates": [108.810673, 12.946092]}, "properties": {"ma": "H45.TL0012.HC001", "ten": "Hồ Chữ Y", "loai": "Hồ chứa", "vung": "Nam Trung Bộ", "tinh": "54", "don_vi": "Công ty KTCTTL Đồng Cam", "luu_vuc": "Sông Ba", "flv_km2": 2.7, "w_huu_ich": 1.0, "w_toanbo": 1.3, "mndbt": 410.8, "mndgc": 412.4, "mnc": 406.7, "dt_tuoi": 302.0}}, {"type": "Feature", "geometry": {"type": "Point", "coordinates": [108.968831, 13.09403]}, "properties": {"ma": "H45.TL0013.HC001", "ten": "Hồ Ba Võ", "loai": "Hồ chứa", "nam_xd": "1996", "vung": "Nam Trung Bộ", "tinh": "54", "don_vi": "Công ty KTCTTL Đồng Cam", "luu_vuc": "Sông Ba", "flv_km2": 5.5, "w_huu_ich": 0.6, "w_toanbo": 0.7, "mndbt": 359.2, "mndgc": 360.0, "mnc": 357.2, "dt_tuoi": 450.0}}, {"type": "Feature", "geometry": {"type": "Point", "coordinates": [108.817463, 12.931226]}, "properties": {"ma": "H45.TL0014.HC001", "ten": "Hồ EaMkeng", "loai": "Hồ chứa", "vung": "Nam Trung Bộ", "tinh": "54", "don_vi": "Công ty KTCTTL Đồng Cam", "luu_vuc": "Sông Ba", "flv_km2": 7.0, "w_huu_ich": 0.25, "w_toanbo": 0.287, "mndbt": 0.0, "mndgc": 0.0, "mnc": 0.0, "dt_tuoi": 150.0}}, {"type": "Feature", "geometry": {"type": "Point", "coordinates": [107.6768, 10.7866]}, "properties": {"ma": "H11.TL0018.HC001", "ten": "Hồ Sông Dinh 3", "loai": "Hồ chứa", "vung": "Nam Trung Bộ", "tinh": "60", "don_vi": "Công ty KTCTTL Bình Thuận", "luu_vuc": "Sông nhỏ", "flv_km2": 620.0, "w_huu_ich": 42.8, "w_toanbo": 58.1, "mndbt": 46.0, "mndgc": 48.9, "mnc": 40.0, "dt_tuoi": 2228.0}}, {"type": "Feature", "geometry": {"type": "Point", "coordinates": [108.5264, 12.804]}, "properties": {"ma": "H15.TL0008.HC001", "ten": "Hồ Ea Knốp", "loai": "Hồ chứa", "vung": "Tây Nguyên", "tinh": "66", "don_vi": "Công ty KTCTTL Đắk Lắk", "luu_vuc": "Sông Ba", "flv_km2": 65.0, "w_huu_ich": 7.2, "w_toanbo": 8.3, "mndbt": 447.6, "mndgc": 0.0, "mnc": 441.6, "dt_tuoi": 340.0}}, {"type": "Feature", "geometry": {"type": "Point", "coordinates": [108.124028, 12.839723]}, "properties": {"ma": "H15.TL0015.HC001", "ten": "Hồ Buôn Jong", "loai": "Hồ chứa", "vung": "Tây Nguyên", "tinh": "66", "don_vi": "Công ty KTCTTL Đắk Lắk", "luu_vuc": "Sông Srêpôk", "flv_km2": 101.0, "w_huu_ich": 15.2, "w_toanbo": 17.3, "mndbt": 506.8, "mndgc": 0.0, "mnc": 494.5, "dt_tuoi": 3139.0}}, {"type": "Feature", "geometry": {"type": "Point", "coordinates": [109.2386, 12.5016]}, "properties": {"ma": "H32.TL0015.HC001", "ten": "Hồ Hòn Khói", "loai": "Hồ chứa", "vung": "Nam Trung Bộ", "tinh": "56", "don_vi": "Công ty KTCTTL Khánh Hòa", "luu_vuc": "Sông nhỏ", "flv_km2": 9.8, "w_huu_ich": 0.8, "w_toanbo": 1.2, "mndbt": 20.0, "mndgc": 23.5, "mnc": 14.0, "dt_tuoi": 0.0}}, {"type": "Feature", "geometry": {"type": "Point", "coordinates": [109.0044, 12.3091]}, "properties": {"ma": "H32.TL0016.HC001", "ten": "Hồ Đá Mài", "loai": "Hồ chứa", "vung": "Nam Trung Bộ", "tinh": "56", "don_vi": "Công ty KTCTTL Khánh Hòa", "luu_vuc": "Sông Cái Nha Trang", "flv_km2": 5.6, "w_huu_ich": 2.5, "w_toanbo": 2.6, "mndbt": 25.1, "mndgc": 26.3, "mnc": 17.0, "dt_tuoi": 0.0}}, {"type": "Feature", "geometry": {"type": "Point", "coordinates": [105.573303, 20.851498]}, "properties": {"ma": "H28.TL0005.HC001", "ten": "Hồ Đồng Chanh", "loai": "Hồ chứa", "vung": "MN phía Bắc", "tinh": "17", "don_vi": "Công ty KTCTTL Hòa Bình", "luu_vuc": "Sông Đà", "flv_km2": 3.5, "w_huu_ich": 1.6, "w_toanbo": 2.0, "mndbt": 40.0, "mndgc": 0.0, "mnc": 32.9, "dt_tuoi": 0.0}}, {"type": "Feature", "geometry": {"type": "Point", "coordinates": [108.1261, 12.65]}, "properties": {"ma": "H15.TL0017.HC001", "ten": "Hồ Ea Chur Kăp hạ", "loai": "Hồ chứa", "vung": "Tây Nguyên", "tinh": "66", "don_vi": "Công ty KTCTTL Đắk Lắk", "luu_vuc": "Sông Srêpôk", "flv_km2": 34.0, "w_huu_ich": 5.0, "w_toanbo": 6.2, "mndbt": 508.0, "mndgc": 0.0, "mnc": 503.0, "dt_tuoi": 2000.0}}, {"type": "Feature", "geometry": {"type": "Point", "coordinates": [108.076146, 12.37265]}, "properties": {"ma": "H15.TL0018.HC001", "ten": "Hồ Buôn Triết", "loai": "Hồ chứa", "vung": "Tây Nguyên", "tinh": "66", "don_vi": "Công ty KTCTTL Đắk Lắk", "luu_vuc": "Sông Srêpôk", "flv_km2": 47.0, "w_huu_ich": 22.0, "w_toanbo": 25.0, "mndbt": 443.0, "mndgc": 0.0, "mnc": 429.0, "dt_tuoi": 2100.0}}, {"type": "Feature", "geometry": {"type": "Point", "coordinates": [108.453831, 12.789416]}, "properties": {"ma": "H15.TL0025.HC001", "ten": "Hồ Ea Kar", "loai": "Hồ chứa", "vung": "Tây Nguyên", "tinh": "66", "don_vi": "Công ty KTCTTL Đắk Lắk", "luu_vuc": "Sông Srêpôk", "flv_km2": 26.9, "w_huu_ich": 7.3, "w_toanbo": 8.2, "mndbt": 493.0, "mndgc": 0.0, "mnc": 488.5, "dt_tuoi": 515.0}}, {"type": "Feature", "geometry": {"type": "Point", "coordinates": [108.5517, 12.5936]}, "properties": {"ma": "H15.TL0027.HC001", "ten": "Hồ Ea Rớt", "loai": "Hồ chứa", "vung": "Tây Nguyên", "tinh": "66", "don_vi": "Công ty KTCTTL Đắk Lắk", "luu_vuc": "Sông Srêpôk", "flv_km2": 50.0, "w_huu_ich": 17.6, "w_toanbo": 18.5, "mndbt": 502.2, "mndgc": 0.0, "mnc": 489.3, "dt_tuoi": 215.0}}, {"type": "Feature", "geometry": {"type": "Point", "coordinates": [107.7944, 12.5934]}, "properties": {"ma": "H16.TL0003.HC001", "ten": "Hồ Đắk Diêr", "loai": "Hồ chứa", "vung": "Tây Nguyên", "tinh": "67", "don_vi": "Công ty KTCTTL Đắk Nông", "luu_vuc": "Sông Srêpôk", "flv_km2": 36.0, "w_huu_ich": 5.5, "w_toanbo": 5.9, "mndbt": 377.4, "mndgc": 0.0, "mnc": 371.0, "dt_tuoi": 1300.0}}, {"type": "Feature", "geometry": {"type": "Point", "coordinates": [107.615334, 12.39769]}, "properties": {"ma": "H16.TL0004.HC001", "ten": "Hồ Đắk Sắk", "loai": "Hồ chứa", "vung": "Tây Nguyên", "tinh": "67", "don_vi": "Công ty KTCTTL Đắk Nông", "luu_vuc": "Sông Srêpôk", "flv_km2": 19.0, "w_huu_ich": 6.4, "w_toanbo": 6.5, "mndbt": 742.8, "mndgc": 0.0, "mnc": 731.0, "dt_tuoi": 1400.0}}, {"type": "Feature", "geometry": {"type": "Point", "coordinates": [107.972545, 11.181455]}, "properties": {"ma": "H11.TL0021.HC001", "ten": "Hồ Saloun", "loai": "Hồ chứa", "vung": "Nam Trung Bộ", "tinh": "60", "don_vi": "Công ty KTCTTL Bình Thuận", "luu_vuc": "Sông Đồng Nai", "flv_km2": 12.0, "w_huu_ich": 0.9, "w_toanbo": 1.0, "mndbt": 439.0, "mndgc": 441.0, "mnc": 433.4, "dt_tuoi": 190.0}}, {"type": "Feature", "geometry": {"type": "Point", "coordinates": [107.8482, 12.4314]}, "properties": {"ma": "H16.TL0011.HC001", "ten": "Hồ Đắk Rồ", "loai": "Hồ chứa", "vung": "Tây Nguyên", "tinh": "67", "don_vi": "Công ty KTCTTL Đắk Nông", "luu_vuc": "Sông Srêpôk", "flv_km2": 100.3, "w_huu_ich": 11.8, "w_toanbo": 12.5, "mndbt": 458.8, "mndgc": 0.0, "mnc": 440.8, "dt_tuoi": 1300.0}}, {"type": "Feature", "geometry": {"type": "Point", "coordinates": [107.932392, 14.466479]}, "properties": {"ma": "H34.TL0001.HC001", "ten": "Hồ Cà Sâm", "loai": "Hồ chứa", "vung": "Tây Nguyên", "tinh": "62", "don_vi": "Công ty KTCTTL Kon Tum", "luu_vuc": "Sông Sê San", "flv_km2": 4.3, "w_huu_ich": 1.1, "w_toanbo": 1.3, "mndbt": 560.0, "mndgc": 561.3, "mnc": 553.8, "dt_tuoi": 73.0}}, {"type": "Feature", "geometry": {"type": "Point", "coordinates": [107.967063, 14.479436]}, "properties": {"ma": "H34.TL0002.HC001", "ten": "Hồ Đắk Trít", "loai": "Hồ chứa", "vung": "Tây Nguyên", "tinh": "62", "don_vi": "Công ty KTCTTL Kon Tum", "luu_vuc": "Sông Sê San", "flv_km2": 15.0, "w_huu_ich": 1.1, "w_toanbo": 1.5, "mndbt": 577.2, "mndgc": 0.0, "mnc": 570.5, "dt_tuoi": 180.0}}, {"type": "Feature", "geometry": {"type": "Point", "coordinates": [107.94933, 14.258442]}, "properties": {"ma": "H34.TL0004.HC001", "ten": "Hồ Ya Bang Thượng", "loai": "Hồ chứa", "vung": "Tây Nguyên", "tinh": "62", "don_vi": "Công ty KTCTTL Kon Tum", "luu_vuc": "Sông Sê San", "flv_km2": 7.1, "w_huu_ich": 2.0, "w_toanbo": 2.1, "mndbt": 628.1, "mndgc": 629.6, "mnc": 619.0, "dt_tuoi": 73.0}}, {"type": "Feature", "geometry": {"type": "Point", "coordinates": [107.606395, 14.666623]}, "properties": {"ma": "H34.TL0007.HC001", "ten": "Hồ Đắk Hơ Niêng", "loai": "Hồ chứa", "vung": "Tây Nguyên", "tinh": "62", "don_vi": "Công ty KTCTTL Kon Tum", "luu_vuc": "Sông Sê San", "flv_km2": 28.0, "w_huu_ich": 0.9, "w_toanbo": 1.3, "mndbt": 665.0, "mndgc": 665.8, "mnc": 661.8, "dt_tuoi": 300.0}}, {"type": "Feature", "geometry": {"type": "Point", "coordinates": [108.019539, 14.397335]}, "properties": {"ma": "H34.TL0010.HC001", "ten": "Hồ Đắk Chà Mòn", "loai": "Hồ chứa", "vung": "Tây Nguyên", "tinh": "62", "don_vi": "Công ty KTCTTL Kon Tum", "luu_vuc": "Sông Sê San", "flv_km2": 7.0, "w_huu_ich": 1.4, "w_toanbo": 1.6, "mndbt": 570.2, "mndgc": 571.0, "mnc": 560.7, "dt_tuoi": 135.0}}, {"type": "Feature", "geometry": {"type": "Point", "coordinates": [107.902529, 14.38139]}, "properties": {"ma": "H34.TL0011.HC001", "ten": "Hồ Đắk Sa Men", "loai": "Hồ chứa", "vung": "Tây Nguyên", "tinh": "62", "don_vi": "Công ty KTCTTL Kon Tum", "luu_vuc": "Sông Sê San", "flv_km2": 5.2, "w_huu_ich": 1.1, "w_toanbo": 1.4, "mndbt": 531.0, "mndgc": 0.0, "mnc": 525.5, "dt_tuoi": 40.0}}, {"type": "Feature", "geometry": {"type": "Point", "coordinates": [108.0464, 14.3314]}, "properties": {"ma": "H34.TL0012.HC001", "ten": "Hồ Đắk Rơ Wa", "loai": "Hồ chứa", "vung": "Tây Nguyên", "tinh": "62", "don_vi": "Công ty KTCTTL Kon Tum", "luu_vuc": "Sông Sê San", "flv_km2": 3.0, "w_huu_ich": 0.6, "w_toanbo": 0.8, "mndbt": 635.0, "mndgc": 0.0, "mnc": 629.2, "dt_tuoi": 54.0}}, {"type": "Feature", "geometry": {"type": "Point", "coordinates": [107.9435, 14.3273]}, "properties": {"ma": "H34.TL0016.HC001", "ten": "Hồ Tân Điền", "loai": "Hồ chứa", "vung": "Tây Nguyên", "tinh": "62", "don_vi": "Công ty KTCTTL Kon Tum", "luu_vuc": "Sông Sê San", "flv_km2": 5.0, "w_huu_ich": 0.8, "w_toanbo": 0.9, "mndbt": 600.6, "mndgc": 0.0, "mnc": 0.0, "dt_tuoi": 80.0}}, {"type": "Feature", "geometry": {"type": "Point", "coordinates": [107.669387, 14.802894]}, "properties": {"ma": "H34.TL0017.HC001", "ten": "Hồ Đắk Hơ Na", "loai": "Hồ chứa", "vung": "Tây Nguyên", "tinh": "62", "don_vi": "Công ty KTCTTL Kon Tum", "luu_vuc": "Sông Sê San", "flv_km2": 4.1, "w_huu_ich": 1.9, "w_toanbo": 2.1, "mndbt": 657.6, "mndgc": 658.3, "mnc": 652.0, "dt_tuoi": 150.0}}, {"type": "Feature", "geometry": {"type": "Point", "coordinates": [107.871734, 14.595551]}, "properties": {"ma": "H34.TL0018.HC001", "ten": "Hố Chè", "loai": "Hồ chứa", "vung": "Tây Nguyên", "tinh": "62", "don_vi": "Công ty KTCTTL Kon Tum", "luu_vuc": "Sông Sê San", "flv_km2": 2.5, "w_huu_ich": 0.6, "w_toanbo": 0.6, "mndbt": 598.5, "mndgc": 0.0, "mnc": 591.1, "dt_tuoi": 80.0}}, {"type": "Feature", "geometry": {"type": "Point", "coordinates": [107.850029, 14.816842]}, "properties": {"ma": "H34.TL0019.HC001", "ten": "Hồ Đắk Hnia", "loai": "Hồ chứa", "vung": "Tây Nguyên", "tinh": "62", "don_vi": "Công ty KTCTTL Kon Tum", "luu_vuc": "Sông Sê San", "flv_km2": 6.1, "w_huu_ich": 1.0, "w_toanbo": 1.1, "mndbt": 779.0, "mndgc": 780.9, "mnc": 771.0, "dt_tuoi": 95.0}}, {"type": "Feature", "geometry": {"type": "Point", "coordinates": [107.885201, 13.966094]}, "properties": {"ma": "H21.TL0003.HC001", "ten": "Hồ Ia Năng", "loai": "Hồ chứa", "vung": "Tây Nguyên", "tinh": "64", "don_vi": "Công ty KTCTTL Gia Lai", "luu_vuc": "Sông Sê San", "flv_km2": 4.9, "w_huu_ich": 0.5, "w_toanbo": 0.5, "mndbt": 603.1, "mndgc": 604.5, "mnc": 596.0, "dt_tuoi": 145.0}}, {"type": "Feature", "geometry": {"type": "Point", "coordinates": [108.111592, 13.659908]}, "properties": {"ma": "H21.TL0007.HC001", "ten": "Hồ Ia Pát", "loai": "Hồ chứa", "vung": "Tây Nguyên", "tinh": "64", "don_vi": "Công ty KTCTTL Gia Lai", "luu_vuc": "Sông Ba", "flv_km2": 7.3, "w_huu_ich": 1.2, "w_toanbo": 1.3, "mndbt": 436.0, "mndgc": 0.0, "mnc": 430.0, "dt_tuoi": 705.0}}, {"type": "Feature", "geometry": {"type": "Point", "coordinates": [108.5841, 14.2715]}, "properties": {"ma": "H21.TL0008.HC001", "ten": "Hồ Buôn Lưới", "loai": "Hồ chứa", "vung": "Tây Nguyên", "tinh": "64", "don_vi": "Công ty KTCTTL Gia Lai", "luu_vuc": "Sông Ba", "flv_km2": 3.2, "w_huu_ich": 0.9, "w_toanbo": 1.3, "mndbt": 518.0, "mndgc": 0.0, "mnc": 513.0, "dt_tuoi": 60.0}}, {"type": "Feature", "geometry": {"type": "Point", "coordinates": [108.634805, 13.099719]}, "properties": {"ma": "H21.TL0010.HC001", "ten": "Hồ EaDreh", "loai": "Hồ chứa", "vung": "Tây Nguyên", "tinh": "64", "don_vi": "Công ty KTCTTL Gia Lai", "luu_vuc": "Sông Ba", "flv_km2": 26.3, "w_huu_ich": 5.0, "w_toanbo": 5.3, "mndbt": 189.6, "mndgc": 0.0, "mnc": 182.0, "dt_tuoi": 600.0}}, {"type": "Feature", "geometry": {"type": "Point", "coordinates": [107.8615, 10.9809]}, "properties": {"ma": "H11.TL0004.HC001", "ten": "Hồ Sông Móng", "loai": "Hồ chứa", "nam_xd": "2006", "vung": "Nam Trung Bộ", "tinh": "60", "don_vi": "Công ty KTCTTL Bình Thuận", "luu_vuc": "Sông Cái Phan Thiết", "flv_km2": 619.9, "w_huu_ich": 34.2, "w_toanbo": 37.2, "mndbt": 75.8, "mndgc": 78.3, "mnc": 65.0, "dt_tuoi": 4670.0, "ma_api": "88ff668d-d703-43c2-a4ce-89ea5a85b5ff"}}, {"type": "Feature", "geometry": {"type": "Point", "coordinates": [108.676635, 13.184998]}, "properties": {"ma": "H21.TL0013.HC001", "ten": "Hồ Phú Cần", "loai": "Hồ chứa", "vung": "Tây Nguyên", "tinh": "64", "don_vi": "Công ty KTCTTL Gia Lai", "luu_vuc": "Sông Ba", "flv_km2": 8.0, "w_huu_ich": 0.8, "w_toanbo": 1.0, "mndbt": 116.0, "mndgc": 117.2, "mnc": 111.4, "dt_tuoi": 95.0}}, {"type": "Feature", "geometry": {"type": "Point", "coordinates": [108.390548, 13.143917]}, "properties": {"ma": "H15.TL0001.HC001", "ten": "Hồ Ea Koa", "loai": "Hồ chứa", "vung": "Tây Nguyên", "tinh": "66", "don_vi": "Công ty KTCTTL Đắk Lắk", "luu_vuc": "Sông Ba", "flv_km2": 3.4, "w_huu_ich": 0.5, "w_toanbo": 0.5, "mndbt": 834.0, "mndgc": 0.0, "mnc": 825.3, "dt_tuoi": 650.0}}, {"type": "Feature", "geometry": {"type": "Point", "coordinates": [108.4177, 13.1086]}, "properties": {"ma": "H15.TL0002.HC001", "ten": "Hồ Ea Bir", "loai": "Hồ chứa", "vung": "Tây Nguyên", "tinh": "66", "don_vi": "Công ty KTCTTL Đắk Lắk", "luu_vuc": "Sông Ba", "flv_km2": 12.8, "w_huu_ich": 0.9, "w_toanbo": 0.9, "mndbt": 898.0, "mndgc": 0.0, "mnc": 890.0, "dt_tuoi": 238.0}}, {"type": "Feature", "geometry": {"type": "Point", "coordinates": [108.344895, 12.961327]}, "properties": {"ma": "H15.TL0003.HC001", "ten": "Hồ Đông Hồ", "loai": "Hồ chứa", "vung": "Tây Nguyên", "tinh": "66", "don_vi": "Công ty KTCTTL Đắk Lắk", "luu_vuc": "Sông Ba", "flv_km2": 9.0, "w_huu_ich": 0.6, "w_toanbo": 0.7, "mndbt": 670.0, "mndgc": 0.0, "mnc": 665.0, "dt_tuoi": 250.0}}, {"type": "Feature", "geometry": {"type": "Point", "coordinates": [108.3745, 12.8941]}, "properties": {"ma": "H15.TL0004.HC001", "ten": "Hồ Ea Drông 1", "loai": "Hồ chứa", "vung": "Tây Nguyên", "tinh": "66", "don_vi": "Công ty KTCTTL Đắk Lắk", "luu_vuc": "Sông Ba", "flv_km2": 32.8, "w_huu_ich": 0.9, "w_toanbo": 1.2, "mndbt": 558.0, "mndgc": 0.0, "mnc": 556.0, "dt_tuoi": 400.0}}, {"type": "Feature", "geometry": {"type": "Point", "coordinates": [108.4015, 12.8911]}, "properties": {"ma": "H15.TL0005.HC001", "ten": "Hồ Ea Drông 2", "loai": "Hồ chứa", "vung": "Tây Nguyên", "tinh": "66", "don_vi": "Công ty KTCTTL Đắk Lắk", "luu_vuc": "Sông Ba", "flv_km2": 42.8, "w_huu_ich": 0.3, "w_toanbo": 0.3, "mndbt": 517.0, "mndgc": 0.0, "mnc": 514.7, "dt_tuoi": 165.0}}, {"type": "Feature", "geometry": {"type": "Point", "coordinates": [108.381695, 13.068514]}, "properties": {"ma": "H15.TL0006.HC001", "ten": "Hồ Ea Juk 1", "loai": "Hồ chứa", "vung": "Tây Nguyên", "tinh": "66", "don_vi": "Công ty KTCTTL Đắk Lắk", "luu_vuc": "Sông Ba", "flv_km2": 4.0, "w_huu_ich": 0.8, "w_toanbo": 0.8, "mndbt": 698.5, "mndgc": 0.0, "mnc": 695.0, "dt_tuoi": 250.0}}, {"type": "Feature", "geometry": {"type": "Point", "coordinates": [108.336, 13.0139]}, "properties": {"ma": "H15.TL0007.HC001", "ten": "Hồ Lộc Xuân", "loai": "Hồ chứa", "vung": "Tây Nguyên", "tinh": "66", "don_vi": "Công ty KTCTTL Đắk Lắk", "luu_vuc": "Sông Ba", "flv_km2": 3.2, "w_huu_ich": 0.3, "w_toanbo": 0.4, "mndbt": 728.0, "mndgc": 0.0, "mnc": 720.0, "dt_tuoi": 200.0}}, {"type": "Feature", "geometry": {"type": "Point", "coordinates": [108.9117, 12.7959]}, "properties": {"ma": "H15.TL0010.HC001", "ten": "Hồ Ea Mdoan", "loai": "Hồ chứa", "vung": "Tây Nguyên", "tinh": "66", "don_vi": "Công ty KTCTTL Đắk Lắk", "luu_vuc": "Sông Ba", "flv_km2": 7.2, "w_huu_ich": 0.6, "w_toanbo": 0.7, "mndbt": 285.3, "mndgc": 0.0, "mnc": 280.6, "dt_tuoi": 240.0}}, {"type": "Feature", "geometry": {"type": "Point", "coordinates": [108.843357, 12.818467]}, "properties": {"ma": "H15.TL0011.HC001", "ten": "Hồ Thủy điện", "loai": "Hồ chứa", "vung": "Tây Nguyên", "tinh": "66", "don_vi": "Công ty KTCTTL Đắk Lắk", "luu_vuc": "Sông Ba", "flv_km2": 0.0, "w_huu_ich": 7.5, "w_toanbo": 7.8, "mndbt": 552.5, "mndgc": 0.0, "mnc": 546.2, "dt_tuoi": 220.0}}, {"type": "Feature", "geometry": {"type": "Point", "coordinates": [108.757863, 12.742294]}, "properties": {"ma": "H15.TL0012.HC001", "ten": "Hồ Krông Jing", "loai": "Hồ chứa", "vung": "Tây Nguyên", "tinh": "66", "don_vi": "Công ty KTCTTL Đắk Lắk", "luu_vuc": "Sông Ba", "flv_km2": 24.0, "w_huu_ich": 1.0, "w_toanbo": 1.2, "mndbt": 419.5, "mndgc": 421.0, "mnc": 410.2, "dt_tuoi": 120.0}}, {"type": "Feature", "geometry": {"type": "Point", "coordinates": [108.7486, 12.7653]}, "properties": {"ma": "H15.TL0013.HC001", "ten": "Hồ Ea Kpan", "loai": "Hồ chứa", "vung": "Tây Nguyên", "tinh": "66", "don_vi": "Công ty KTCTTL Đắk Lắk", "luu_vuc": "Sông Ba", "flv_km2": 8.0, "w_huu_ich": 0.1, "w_toanbo": 0.2, "mndbt": 409.1, "mndgc": 409.8, "mnc": 406.9, "dt_tuoi": 350.0}}, {"type": "Feature", "geometry": {"type": "Point", "coordinates": [107.899049, 13.484991]}, "properties": {"ma": "H21.TL0016.HC001", "ten": "HP PlepaiIalốp", "loai": "Hồ chứa", "vung": "Tây Nguyên", "tinh": "64", "don_vi": "Công ty KTCTTL Gia Lai", "luu_vuc": "Sông Srêpôk", "flv_km2": 128.0, "w_huu_ich": 9.6, "w_toanbo": 13.3, "mndbt": 206.0, "mndgc": 0.0, "mnc": 203.0, "dt_tuoi": 877.0}}, {"type": "Feature", "geometry": {"type": "Point", "coordinates": [107.49852, 12.268529]}, "properties": {"ma": "H16.TL0017.HC001", "ten": "Hồ Đắk Toa", "loai": "Hồ chứa", "nam_xd": "2006", "vung": "Tây Nguyên", "tinh": "67", "don_vi": "Công ty KTCTTL Đắk Nông", "luu_vuc": "Sông Đồng Nai", "flv_km2": 5.3, "w_huu_ich": 1.7, "w_toanbo": 2.0, "mndbt": 851.0, "mndgc": 0.0, "mnc": 846.0, "dt_tuoi": 350.0}}, {"type": "Feature", "geometry": {"type": "Point", "coordinates": [108.176693, 12.918853]}, "properties": {"ma": "H15.TL0014.HC001", "ten": "Hồ Hồ Đrao I", "loai": "Hồ chứa", "vung": "Tây Nguyên", "tinh": "66", "don_vi": "Công ty KTCTTL Đắk Lắk", "luu_vuc": "Sông Srêpôk", "flv_km2": 6.2, "w_huu_ich": 2.1, "w_toanbo": 2.2, "mndbt": 663.8, "mndgc": 0.0, "mnc": 656.6, "dt_tuoi": 450.0}}, {"type": "Feature", "geometry": {"type": "Point", "coordinates": [106.891176, 11.887669]}, "properties": {"ma": "H10.TL0017.HC001", "ten": "Hồ Cần Đơn", "loai": "Hồ chứa", "vung": "Đông Nam Bộ", "tinh": "70", "don_vi": "Công ty KTCTTL Bình Phước", "luu_vuc": "Sông Đồng Nai", "flv_km2": 3225.0, "w_huu_ich": 79.9, "w_toanbo": 165.49, "mndbt": 110.0, "mndgc": 111.44, "mnc": 104.0, "dt_tuoi": 48000.0}}, {"type": "Feature", "geometry": {"type": "Point", "coordinates": [106.19427, 11.549998]}, "properties": {"ma": "H53.TL0002.HC001", "ten": "Hồ Tha La", "loai": "Hồ chứa", "nam_xd": "2002", "vung": "Đông Nam Bộ", "tinh": "72", "don_vi": "Công ty KTCTTL Tây Ninh", "luu_vuc": "Sông Đồng Nai", "flv_km2": 470.0, "w_huu_ich": 14.53, "w_toanbo": 23.47, "mndbt": 24.6, "mndgc": 25.1, "mnc": 22.0, "dt_tuoi": 3670.0}}, {"type": "Feature", "geometry": {"type": "Point", "coordinates": [108.9304, 11.7029]}, "properties": {"ma": "H43.TL0008.HC001", "ten": "Hồ Phước Trung", "loai": "Hồ chứa", "nam_xd": "2013", "vung": "Nam Trung Bộ", "tinh": "58", "don_vi": "Công ty KTCTTL Ninh Thuận", "luu_vuc": "Sông Cái Phan Rang", "flv_km2": 16.6, "w_huu_ich": 2.3, "w_toanbo": 2.4, "mndbt": 88.5, "mndgc": 0.0, "mnc": 80.0, "dt_tuoi": 270.0, "ma_api": "e3e9de7f-ef26-4828-8d0d-07d14287d1b7"}}, {"type": "Feature", "geometry": {"type": "Point", "coordinates": [108.2365, 12.4994]}, "properties": {"ma": "H15.TL0022.HC001", "ten": "Hồ Yang Reh", "loai": "Hồ chứa", "vung": "Tây Nguyên", "tinh": "66", "don_vi": "Công ty KTCTTL Đắk Lắk", "luu_vuc": "Sông Srêpôk", "flv_km2": 17.0, "w_huu_ich": 4.5, "w_toanbo": 5.5, "mndbt": 438.8, "mndgc": 0.0, "mnc": 432.0, "dt_tuoi": 350.0}}, {"type": "Feature", "geometry": {"type": "Point", "coordinates": [107.888262, 13.064752]}, "properties": {"ma": "H15.TL0023.HC002", "ten": "Hồ Ea Súp hạ", "loai": "Hồ chứa", "vung": "Tây Nguyên", "tinh": "66", "don_vi": "Công ty KTCTTL Đắk Lắk", "luu_vuc": "Sông Srêpôk", "flv_km2": 500.0, "w_huu_ich": 7.0, "w_toanbo": 9.3, "mndbt": 196.5, "mndgc": 0.0, "mnc": 193.4, "dt_tuoi": 9455.0}}, {"type": "Feature", "geometry": {"type": "Point", "coordinates": [108.212619, 13.199091]}, "properties": {"ma": "H15.TL0026.HC001", "ten": "Hồ Trung Tâm", "loai": "Hồ chứa", "vung": "Tây Nguyên", "tinh": "66", "don_vi": "Công ty KTCTTL Đắk Lắk", "luu_vuc": "Sông Srêpôk", "flv_km2": 56.4, "w_huu_ich": 1.1, "w_toanbo": 1.2, "mndbt": 564.4, "mndgc": 0.0, "mnc": 558.0, "dt_tuoi": 500.0}}, {"type": "Feature", "geometry": {"type": "Point", "coordinates": [107.786, 12.6181]}, "properties": {"ma": "H16.TL0001.HC001", "ten": "Hồ Đắk Đ'rông", "loai": "Hồ chứa", "vung": "Tây Nguyên", "tinh": "67", "don_vi": "Công ty KTCTTL Đắk Nông", "luu_vuc": "Sông Srêpôk", "flv_km2": 15.4, "w_huu_ich": 3.5, "w_toanbo": 3.7, "mndbt": 376.5, "mndgc": 0.0, "mnc": 371.5, "dt_tuoi": 515.0}}, {"type": "Feature", "geometry": {"type": "Point", "coordinates": [108.336, 11.3723]}, "properties": {"ma": "H11.TL0001.HC001", "ten": "Hồ Sông Luỹ", "loai": "Hồ chứa", "vung": "Nam Trung Bộ", "tinh": "60", "don_vi": "Công ty KTCTTL Bình Thuận", "luu_vuc": "Sông Lũy", "flv_km2": 302.0, "w_huu_ich": 95.8, "w_toanbo": 99.9, "mndbt": 129.5, "mndgc": 130.2, "mnc": 118.0, "dt_tuoi": 24200.0, "ma_api": "3ce88bb4-4b56-44aa-9184-6160670fea63"}}, {"type": "Feature", "geometry": {"type": "Point", "coordinates": [107.8497, 12.5738]}, "properties": {"ma": "H16.TL0002.HC001", "ten": "Hồ Trúc Sơn", "loai": "Hồ chứa", "vung": "Tây Nguyên", "tinh": "67", "don_vi": "Công ty KTCTTL Đắk Nông", "luu_vuc": "Sông Srêpôk", "flv_km2": 3.1, "w_huu_ich": 0.9, "w_toanbo": 1.5, "mndbt": 561.7, "mndgc": 0.0, "mnc": 555.0, "dt_tuoi": 505.0}}, {"type": "Feature", "geometry": {"type": "Point", "coordinates": [108.4375, 11.9007]}, "properties": {"ma": "H36.TL0002.HC001", "ten": "Hồ Tuyền Lâm", "loai": "Hồ chứa", "nam_xd": "1983", "vung": "Tây Nguyên", "tinh": "68", "don_vi": "Trung tâm QLKT Lâm Đồng", "luu_vuc": "Sông Đồng Nai", "flv_km2": 27.9, "w_huu_ich": 15.2, "w_toanbo": 27.9, "mndbt": 1379.0, "mndgc": 1380.3, "mnc": 1363.0, "dt_tuoi": 2500.0}}, {"type": "Feature", "geometry": {"type": "Point", "coordinates": [105.207071, 20.866514]}, "properties": {"ma": "H28.TL0007.HC001", "ten": "Hồ Tày Măng", "loai": "Hồ chứa", "vung": "MN phía Bắc", "tinh": "17", "don_vi": "Công ty KTCTTL Hòa Bình", "luu_vuc": "Sông Đà", "flv_km2": 2.7, "w_huu_ich": 0.3, "w_toanbo": 0.289, "mndbt": 303.0, "mndgc": 0.0, "mnc": 296.0, "dt_tuoi": 0.0}}, {"type": "Feature", "geometry": {"type": "Point", "coordinates": [107.9374, 12.3093]}, "properties": {"ma": "H16.TL0005.HC001", "ten": "Hồ Đắk Nang", "loai": "Hồ chứa", "vung": "Tây Nguyên", "tinh": "67", "don_vi": "Công ty KTCTTL Đắk Nông", "luu_vuc": "Sông Srêpôk", "flv_km2": 116.0, "w_huu_ich": 3.0, "w_toanbo": 3.6, "mndbt": 433.8, "mndgc": 0.0, "mnc": 428.0, "dt_tuoi": 102.0}}, {"type": "Feature", "geometry": {"type": "Point", "coordinates": [107.879288, 12.141469]}, "properties": {"ma": "H16.TL0006.HC001", "ten": "Hồ công ty 847", "loai": "Hồ chứa", "vung": "Tây Nguyên", "tinh": "67", "don_vi": "Công ty KTCTTL Đắk Nông", "luu_vuc": "Sông Srêpôk", "flv_km2": 20.0, "w_huu_ich": 1.0, "w_toanbo": 1.1, "mndbt": 701.7, "mndgc": 0.0, "mnc": 689.5, "dt_tuoi": 530.0}}, {"type": "Feature", "geometry": {"type": "Point", "coordinates": [107.620331, 12.444057]}, "properties": {"ma": "H16.TL0007.HC001", "ten": "Hồ Tây", "loai": "Hồ chứa", "vung": "Tây Nguyên", "tinh": "67", "don_vi": "Công ty KTCTTL Đắk Nông", "luu_vuc": "Sông Srêpôk", "flv_km2": 5.0, "w_huu_ich": 2.8, "w_toanbo": 3.3, "mndbt": 398.9, "mndgc": 0.0, "mnc": 395.0, "dt_tuoi": 350.0}}, {"type": "Feature", "geometry": {"type": "Point", "coordinates": [107.601706, 12.392843]}, "properties": {"ma": "H16.TL0008.HC001", "ten": "Hồ Đắk Goun thượng", "loai": "Hồ chứa", "vung": "Tây Nguyên", "tinh": "67", "don_vi": "Công ty KTCTTL Đắk Nông", "luu_vuc": "Sông Srêpôk", "flv_km2": 8.9, "w_huu_ich": 0.9, "w_toanbo": 1.0, "mndbt": 774.8, "mndgc": 0.0, "mnc": 769.6, "dt_tuoi": 225.0}}, {"type": "Feature", "geometry": {"type": "Point", "coordinates": [107.862406, 12.163066]}, "properties": {"ma": "H16.TL0009.HC001", "ten": "Hồ Đắk N’der 2", "loai": "Hồ chứa", "vung": "Tây Nguyên", "tinh": "67", "don_vi": "Công ty KTCTTL Đắk Nông", "luu_vuc": "Sông Srêpôk", "flv_km2": 4.0, "w_huu_ich": 0.5, "w_toanbo": 0.5, "mndbt": 802.4, "mndgc": 0.0, "mnc": 798.6, "dt_tuoi": 185.0}}, {"type": "Feature", "geometry": {"type": "Point", "coordinates": [107.742663, 12.514376]}, "properties": {"ma": "H16.TL0010.HC001", "ten": "Hồ Đô Ry 2", "loai": "Hồ chứa", "vung": "Tây Nguyên", "tinh": "67", "don_vi": "Công ty KTCTTL Đắk Nông", "luu_vuc": "Sông Srêpôk", "flv_km2": 1.9, "w_huu_ich": 0.7, "w_toanbo": 0.7, "mndbt": 569.0, "mndgc": 0.0, "mnc": 557.0, "dt_tuoi": 250.0}}, {"type": "Feature", "geometry": {"type": "Point", "coordinates": [107.7712, 12.3807]}, "properties": {"ma": "H16.TL0012.HC001", "ten": "Hồ Buôn R’cập", "loai": "Hồ chứa", "vung": "Tây Nguyên", "tinh": "67", "don_vi": "Công ty KTCTTL Đắk Nông", "luu_vuc": "Sông Srêpôk", "flv_km2": 21.0, "w_huu_ich": 0.5, "w_toanbo": 0.6, "mndbt": 523.9, "mndgc": 0.0, "mnc": 518.8, "dt_tuoi": 160.0}}, {"type": "Feature", "geometry": {"type": "Point", "coordinates": [107.5137, 12.3017]}, "properties": {"ma": "H16.TL0013.HC001", "ten": "Hồ Thuận Thành", "loai": "Hồ chứa", "vung": "Tây Nguyên", "tinh": "67", "don_vi": "Công ty KTCTTL Đắk Nông", "luu_vuc": "Sông Đồng Nai", "flv_km2": 0.7, "w_huu_ich": 0.7, "w_toanbo": 0.7, "mndbt": 826.6, "mndgc": 827.2, "mnc": 817.9, "dt_tuoi": 352.0}}, {"type": "Feature", "geometry": {"type": "Point", "coordinates": [107.513158, 12.296753]}, "properties": {"ma": "H16.TL0015.HC001", "ten": "Hồ Sình Muống", "loai": "Hồ chứa", "nam_xd": "2006", "vung": "Tây Nguyên", "tinh": "67", "don_vi": "Công ty KTCTTL Đắk Nông", "luu_vuc": "Sông Đồng Nai", "flv_km2": 16.2, "w_huu_ich": 1.2, "w_toanbo": 1.4, "mndbt": 853.8, "mndgc": 0.0, "mnc": 850.8, "dt_tuoi": 350.0}}, {"type": "Feature", "geometry": {"type": "Point", "coordinates": [107.7571, 11.9707]}, "properties": {"ma": "H16.TL0016.HC001", "ten": "Hồ Đắk Cút", "loai": "Hồ chứa", "nam_xd": "2002", "vung": "Tây Nguyên", "tinh": "67", "don_vi": "Công ty KTCTTL Đắk Nông", "luu_vuc": "Sông Đồng Nai", "flv_km2": 0.8, "w_huu_ich": 0.7, "w_toanbo": 0.8, "mndbt": 713.4, "mndgc": 714.7, "mnc": 706.0, "dt_tuoi": 306.0}}, {"type": "Feature", "geometry": {"type": "Point", "coordinates": [107.722176, 12.014076]}, "properties": {"ma": "H16.TL0018.HC001", "ten": "Hồ Đắk Nút", "loai": "Hồ chứa", "vung": "Tây Nguyên", "tinh": "67", "don_vi": "Công ty KTCTTL Đắk Nông", "luu_vuc": "Sông Đồng Nai", "flv_km2": 0.6, "w_huu_ich": 0.6, "w_toanbo": 0.6, "mndbt": 644.0, "mndgc": 645.8, "mnc": 639.0, "dt_tuoi": 745.0}}, {"type": "Feature", "geometry": {"type": "Point", "coordinates": [107.721209, 11.979996]}, "properties": {"ma": "H16.TL0019.HC001", "ten": "Hồ Nam Dạ", "loai": "Hồ chứa", "vung": "Tây Nguyên", "tinh": "67", "don_vi": "Công ty KTCTTL Đắk Nông", "luu_vuc": "Sông Đồng Nai", "flv_km2": 1.2, "w_huu_ich": 1.1, "w_toanbo": 1.2, "mndbt": 651.2, "mndgc": 652.0, "mnc": 643.0, "dt_tuoi": 225.0}}, {"type": "Feature", "geometry": {"type": "Point", "coordinates": [107.533615, 11.937947]}, "properties": {"ma": "H16.TL0020.HC001", "ten": "Hồ Cầu Tư", "loai": "Hồ chứa", "nam_xd": "2015", "vung": "Tây Nguyên", "tinh": "67", "don_vi": "Công ty KTCTTL Đắk Nông", "luu_vuc": "Sông Đồng Nai", "flv_km2": 8.1, "w_huu_ich": 8.0, "w_toanbo": 8.1, "mndbt": 594.0, "mndgc": 595.3, "mnc": 580.0, "dt_tuoi": 540.0}}, {"type": "Feature", "geometry": {"type": "Point", "coordinates": [107.527235, 12.005861]}, "properties": {"ma": "H16.TL0021.HC001", "ten": "Hồ Đắk Rtang", "loai": "Hồ chứa", "nam_xd": "1992", "vung": "Tây Nguyên", "tinh": "67", "don_vi": "Công ty KTCTTL Đắk Nông", "luu_vuc": "Sông Đồng Nai", "flv_km2": 1.5, "w_huu_ich": 1.3, "w_toanbo": 1.5, "mndbt": 692.6, "mndgc": 693.6, "mnc": 688.6, "dt_tuoi": 220.0}}, {"type": "Feature", "geometry": {"type": "Point", "coordinates": [107.5795, 11.9741]}, "properties": {"ma": "H16.TL0022.HC001", "ten": "Hồ Nhân Cơ", "loai": "Hồ chứa", "nam_xd": "2000", "vung": "Tây Nguyên", "tinh": "67", "don_vi": "Công ty KTCTTL Đắk Nông", "luu_vuc": "Sông Đồng Nai", "flv_km2": 1.1, "w_huu_ich": 1.0, "w_toanbo": 1.1, "mndbt": 599.1, "mndgc": 599.3, "mnc": 590.1, "dt_tuoi": 262.0}}, {"type": "Feature", "geometry": {"type": "Point", "coordinates": [107.501, 11.8397]}, "properties": {"ma": "H16.TL0023.HC001", "ten": "Hồ Thôn 2 (Dak Sin)", "loai": "Hồ chứa", "vung": "Tây Nguyên", "tinh": "67", "don_vi": "Công ty KTCTTL Đắk Nông", "luu_vuc": "Sông Đồng Nai", "flv_km2": 1.2, "w_huu_ich": 1.1, "w_toanbo": 1.2, "mndbt": 565.5, "mndgc": 565.8, "mnc": 561.7, "dt_tuoi": 406.0}}, {"type": "Feature", "geometry": {"type": "Point", "coordinates": [107.475868, 12.216294]}, "properties": {"ma": "H16.TL0024.HC001", "ten": "Hồ Đắk Buk So", "loai": "Hồ chứa", "nam_xd": "1994", "vung": "Tây Nguyên", "tinh": "67", "don_vi": "Công ty KTCTTL Đắk Nông", "luu_vuc": "Sông Đồng Nai", "flv_km2": 5.8, "w_huu_ich": 0.7, "w_toanbo": 1.1, "mndbt": 721.0, "mndgc": 0.0, "mnc": 717.4, "dt_tuoi": 224.0}}, {"type": "Feature", "geometry": {"type": "Point", "coordinates": [108.1599, 11.71]}, "properties": {"ma": "H36.TL0007.HC001", "ten": "Hồ Liên Hà", "loai": "Hồ chứa", "nam_xd": "2003", "vung": "Tây Nguyên", "tinh": "68", "don_vi": "Trung tâm QLKT Lâm Đồng", "luu_vuc": "Sông Đồng Nai", "flv_km2": 1.5, "w_huu_ich": 1.3, "w_toanbo": 1.5, "mndbt": 934.0, "mndgc": 935.3, "mnc": 931.5, "dt_tuoi": 470.0}}, {"type": "Feature", "geometry": {"type": "Point", "coordinates": [108.16615, 11.792342]}, "properties": {"ma": "H36.TL0008.HC001", "ten": "Hồ Phúc Thọ", "loai": "Hồ chứa", "nam_xd": "2003", "vung": "Tây Nguyên", "tinh": "68", "don_vi": "Trung tâm QLKT Lâm Đồng", "luu_vuc": "Sông Đồng Nai", "flv_km2": 2.9, "w_huu_ich": 2.8, "w_toanbo": 2.9, "mndbt": 902.6, "mndgc": 904.3, "mnc": 896.9, "dt_tuoi": 900.0}}, {"type": "Feature", "geometry": {"type": "Point", "coordinates": [108.1797, 11.7676]}, "properties": {"ma": "H36.TL0009.HC001", "ten": "Hồ Thôn 1 Phúc Thọ", "loai": "Hồ chứa", "nam_xd": "2008", "vung": "Tây Nguyên", "tinh": "68", "don_vi": "Trung tâm QLKT Lâm Đồng", "luu_vuc": "Sông Đồng Nai", "flv_km2": 0.9, "w_huu_ich": 0.9, "w_toanbo": 0.9, "mndbt": 983.3, "mndgc": 0.0, "mnc": 978.1, "dt_tuoi": 200.0}}, {"type": "Feature", "geometry": {"type": "Point", "coordinates": [108.1225, 11.759]}, "properties": {"ma": "H36.TL0010.HC001", "ten": "Hồ thôn 3 Tân Thanh", "loai": "Hồ chứa", "nam_xd": "2006", "vung": "Tây Nguyên", "tinh": "68", "don_vi": "Trung tâm QLKT Lâm Đồng", "luu_vuc": "Sông Đồng Nai", "flv_km2": 1.6, "w_huu_ich": 1.3, "w_toanbo": 1.6, "mndbt": 935.6, "mndgc": 936.2, "mnc": 931.5, "dt_tuoi": 400.0}}, {"type": "Feature", "geometry": {"type": "Point", "coordinates": [107.7648, 12.0428]}, "properties": {"ma": "H16.TL0025.HC001", "ten": "Hồ Đắk Rtiêng", "loai": "Hồ chứa", "vung": "Tây Nguyên", "tinh": "67", "don_vi": "Công ty KTCTTL Đắk Nông", "luu_vuc": "Sông Đồng Nai", "flv_km2": 0.2, "w_huu_ich": 0.2, "w_toanbo": 0.2, "mndbt": 694.3, "mndgc": 695.4, "mnc": 686.0, "dt_tuoi": 125.0}}, {"type": "Feature", "geometry": {"type": "Point", "coordinates": [107.653849, 11.990167]}, "properties": {"ma": "H16.TL0026.HC001", "ten": "Hồ Thuỷ Điện", "loai": "Hồ chứa", "vung": "Tây Nguyên", "tinh": "67", "don_vi": "Công ty KTCTTL Đắk Nông", "luu_vuc": "Sông Đồng Nai", "flv_km2": 1.2, "w_huu_ich": 1.1, "w_toanbo": 1.2, "mndbt": 0.0, "mndgc": 0.0, "mnc": 0.0, "dt_tuoi": 590.0}}, {"type": "Feature", "geometry": {"type": "Point", "coordinates": [107.100559, 10.99633]}, "properties": {"ma": "H19.TL0004.HC001", "ten": "Hồ Suối Đầm", "loai": "Hồ chứa", "nam_xd": "1983", "vung": "Đông Nam Bộ", "tinh": "75", "don_vi": "Công ty KTCTTL Đồng Nai", "luu_vuc": "Sông Đồng Nai", "flv_km2": 15.4, "w_huu_ich": 0.3, "w_toanbo": 1.35, "mndbt": 78.1, "mndgc": 79.29, "mnc": 77.35, "dt_tuoi": 150.0}}, {"type": "Feature", "geometry": {"type": "Point", "coordinates": [105.752634, 20.564518]}, "properties": {"ma": "H28.TL0008.HC001", "ten": "Hồ Phú Lão", "loai": "Hồ chứa", "vung": "MN phía Bắc", "tinh": "17", "don_vi": "Công ty KTCTTL Hòa Bình", "luu_vuc": "Sông Đà", "flv_km2": 25.0, "w_huu_ich": 1.8, "w_toanbo": 1.84, "mndbt": 22.5, "mndgc": 0.0, "mnc": 17.5, "dt_tuoi": 0.0}}, {"type": "Feature", "geometry": {"type": "Point", "coordinates": [105.557354, 20.419567]}, "properties": {"ma": "H28.TL0009.HC001", "ten": "Hồ Me I", "loai": "Hồ chứa", "vung": "MN phía Bắc", "tinh": "17", "don_vi": "Công ty KTCTTL Hòa Bình", "luu_vuc": "Sông Đà", "flv_km2": 25.0, "w_huu_ich": 0.7, "w_toanbo": 0.74, "mndbt": 63.05, "mndgc": 0.0, "mnc": 55.05, "dt_tuoi": 0.0}}, {"type": "Feature", "geometry": {"type": "Point", "coordinates": [107.297383, 10.772052]}, "properties": {"ma": "H19.TL0005.HC001", "ten": "Hồ Suối Ran", "loai": "Hồ chứa", "vung": "Đông Nam Bộ", "tinh": "75", "don_vi": "Công ty KTCTTL Đồng Nai", "luu_vuc": "Sông Đồng Nai", "flv_km2": 19.3, "w_huu_ich": 1.4, "w_toanbo": 2.0, "mndbt": 150.7, "mndgc": 152.1, "mnc": 144.0, "dt_tuoi": 50.0}}, {"type": "Feature", "geometry": {"type": "Point", "coordinates": [107.314552, 10.703387]}, "properties": {"ma": "H19.TL0006.HC001", "ten": "Hồ Giao Thông", "loai": "Hồ chứa", "nam_xd": "1983", "vung": "Đông Nam Bộ", "tinh": "75", "don_vi": "Công ty KTCTTL Đồng Nai", "luu_vuc": "Sông Đồng Nai", "flv_km2": 1.5, "w_huu_ich": 0.44, "w_toanbo": 0.6, "mndbt": 109.8, "mndgc": 110.3, "mnc": 107.0, "dt_tuoi": 20.0}}, {"type": "Feature", "geometry": {"type": "Point", "coordinates": [106.975652, 11.046726]}, "properties": {"ma": "H19.TL0008.HC001", "ten": "Hồ Mo Nang", "loai": "Hồ chứa", "nam_xd": "1999", "vung": "Đông Nam Bộ", "tinh": "75", "don_vi": "Công ty KTCTTL Đồng Nai", "luu_vuc": "Sông Đồng Nai", "flv_km2": 1.75, "w_huu_ich": 1.05, "w_toanbo": 1.0, "mndbt": 32.1, "mndgc": 32.32, "mnc": 26.7, "dt_tuoi": 46.0}}, {"type": "Feature", "geometry": {"type": "Point", "coordinates": [107.308311, 10.727285]}, "properties": {"ma": "H19.TL0009.HC001", "ten": "Hồ Suối Đôi", "loai": "Hồ chứa", "nam_xd": "1987", "vung": "Đông Nam Bộ", "tinh": "75", "don_vi": "Công ty KTCTTL Đồng Nai", "luu_vuc": "Sông Đồng Nai", "flv_km2": 14.7, "w_huu_ich": 0.4, "w_toanbo": 1.2, "mndbt": 143.4, "mndgc": 143.9, "mnc": 133.4, "dt_tuoi": 440.0}}, {"type": "Feature", "geometry": {"type": "Point", "coordinates": [106.54749, 11.537549]}, "properties": {"ma": "H10.TL0023.HC001", "ten": "Hồ Suối Láp", "loai": "Hồ chứa", "nam_xd": "2007", "vung": "Đông Nam Bộ", "tinh": "70", "don_vi": "Công ty KTCTTL Bình Phước", "luu_vuc": "Sông Đồng Nai", "flv_km2": 10.1, "w_huu_ich": 0.37, "w_toanbo": 0.37, "mndbt": 45.9, "mndgc": 47.5, "mnc": 42.8, "dt_tuoi": 90.0}}, {"type": "Feature", "geometry": {"type": "Point", "coordinates": [106.922663, 10.975193]}, "properties": {"ma": "H19.TL0015.HC001", "ten": "Hồ Thanh Niên", "loai": "Hồ chứa", "nam_xd": "1979", "vung": "Đông Nam Bộ", "tinh": "75", "don_vi": "Công ty KTCTTL Đồng Nai", "luu_vuc": "Sông Đồng Nai", "flv_km2": 3.0, "w_huu_ich": 0.55, "w_toanbo": 0.6, "mndbt": 49.7, "mndgc": 50.2, "mnc": 42.39, "dt_tuoi": 70.0}}, {"type": "Feature", "geometry": {"type": "Point", "coordinates": [107.329018, 10.554926]}, "properties": {"ma": "H06.TL0005.HC001", "ten": "Hồ Lồ Ô", "loai": "Hồ chứa", "nam_xd": "1990", "vung": "Đông Nam Bộ", "tinh": "77", "don_vi": "Trung tâm QLKT Bà Rịa - Vũng Tàu", "luu_vuc": "Sông Đồng Nai", "flv_km2": 34.0, "w_huu_ich": 5.0, "w_toanbo": 6.0, "mndbt": 21.62, "mndgc": 22.11, "mnc": 12.5, "dt_tuoi": 300.0}}, {"type": "Feature", "geometry": {"type": "Point", "coordinates": [106.811059, 11.746227]}, "properties": {"ma": "H10.TL0002.HC001", "ten": "Hồ NT6", "loai": "Hồ chứa", "nam_xd": "2011", "vung": "Đông Nam Bộ", "tinh": "70", "don_vi": "Công ty KTCTTL Bình Phước", "luu_vuc": "Sông Đồng Nai", "flv_km2": 7.762, "w_huu_ich": 2.65, "w_toanbo": 2.75, "mndbt": 95.5, "mndgc": 96.87, "mnc": 91.0, "dt_tuoi": 100.0}}, {"type": "Feature", "geometry": {"type": "Point", "coordinates": [106.841906, 11.697503]}, "properties": {"ma": "H10.TL0003.HC001", "ten": "Hồ NT9", "loai": "Hồ chứa", "nam_xd": "2011", "vung": "Đông Nam Bộ", "tinh": "70", "don_vi": "Công ty KTCTTL Bình Phước", "luu_vuc": "Sông Đồng Nai", "flv_km2": 4.98, "w_huu_ich": 1.887, "w_toanbo": 1.97, "mndbt": 92.0, "mndgc": 92.99, "mnc": 88.0, "dt_tuoi": 100.0}}, {"type": "Feature", "geometry": {"type": "Point", "coordinates": [106.963473, 11.775065]}, "properties": {"ma": "H10.TL0004.HC001", "ten": "Hồ NT8", "loai": "Hồ chứa", "nam_xd": "2011", "vung": "Đông Nam Bộ", "tinh": "70", "don_vi": "Công ty KTCTTL Bình Phước", "luu_vuc": "Sông Đồng Nai", "flv_km2": 15.29, "w_huu_ich": 0.991, "w_toanbo": 1.3, "mndbt": 152.6, "mndgc": 155.1, "mnc": 148.75, "dt_tuoi": 100.0}}, {"type": "Feature", "geometry": {"type": "Point", "coordinates": [106.880507, 11.918805]}, "properties": {"ma": "H10.TL0005.HC001", "ten": "Hồ NT2-Đ7", "loai": "Hồ chứa", "nam_xd": "2011", "vung": "Đông Nam Bộ", "tinh": "70", "don_vi": "Công ty KTCTTL Bình Phước", "luu_vuc": "Sông Đồng Nai", "flv_km2": 3.4, "w_huu_ich": 1.44, "w_toanbo": 1.74, "mndbt": 119.2, "mndgc": 119.9, "mnc": 113.5, "dt_tuoi": 100.0}}, {"type": "Feature", "geometry": {"type": "Point", "coordinates": [106.694521, 11.828657]}, "properties": {"ma": "H10.TL0006.HC001", "ten": "Hồ Lộc Quang", "loai": "Hồ chứa", "nam_xd": "2003", "vung": "Đông Nam Bộ", "tinh": "70", "don_vi": "Công ty KTCTTL Bình Phước", "luu_vuc": "Sông Đồng Nai", "flv_km2": 14.0, "w_huu_ich": 4.263, "w_toanbo": 5.826, "mndbt": 106.5, "mndgc": 107.43, "mnc": 103.0, "dt_tuoi": 360.0}}, {"type": "Feature", "geometry": {"type": "Point", "coordinates": [106.868547, 11.463441]}, "properties": {"ma": "H10.TL0007.HC001", "ten": "Hồ Tân Lợi", "loai": "Hồ chứa", "nam_xd": "2005", "vung": "Đông Nam Bộ", "tinh": "70", "don_vi": "Công ty KTCTTL Bình Phước", "luu_vuc": "Sông Đồng Nai", "flv_km2": 13.0, "w_huu_ich": 1.77, "w_toanbo": 2.87, "mndbt": 66.1, "mndgc": 67.18, "mnc": 63.85, "dt_tuoi": 100.0}}, {"type": "Feature", "geometry": {"type": "Point", "coordinates": [106.603383, 11.541969]}, "properties": {"ma": "H10.TL0008.HC001", "ten": "Hồ Suối Ông", "loai": "Hồ chứa", "nam_xd": "1997", "vung": "Đông Nam Bộ", "tinh": "70", "don_vi": "Công ty KTCTTL Bình Phước", "luu_vuc": "Sông Đồng Nai", "flv_km2": 2.8, "w_huu_ich": 0.336, "w_toanbo": 0.386, "mndbt": 67.3, "mndgc": 68.04, "mnc": 65.08, "dt_tuoi": 30.0}}, {"type": "Feature", "geometry": {"type": "Point", "coordinates": [106.598537, 11.54984]}, "properties": {"ma": "H10.TL0009.HC001", "ten": "Hồ Bàu Úm", "loai": "Hồ chứa", "nam_xd": "2007", "vung": "Đông Nam Bộ", "tinh": "70", "don_vi": "Công ty KTCTTL Bình Phước", "luu_vuc": "Sông Đồng Nai", "flv_km2": 3.95, "w_huu_ich": 1.49, "w_toanbo": 1.58, "mndbt": 74.25, "mndgc": 74.8, "mnc": 68.0, "dt_tuoi": 100.0}}, {"type": "Feature", "geometry": {"type": "Point", "coordinates": [106.859628, 11.805552]}, "properties": {"ma": "H10.TL0010.HC001", "ten": "Hồ NT4", "loai": "Hồ chứa", "nam_xd": "2011", "vung": "Đông Nam Bộ", "tinh": "70", "don_vi": "Công ty KTCTTL Bình Phước", "luu_vuc": "Sông Đồng Nai", "flv_km2": 9.98, "w_huu_ich": 2.463, "w_toanbo": 2.615, "mndbt": 124.3, "mndgc": 125.5, "mnc": 118.0, "dt_tuoi": 200.0}}, {"type": "Feature", "geometry": {"type": "Point", "coordinates": [107.342638, 11.886967]}, "properties": {"ma": "H10.TL0011.HC001", "ten": "Hồ Thọ Sơn", "loai": "Hồ chứa", "nam_xd": "2003", "vung": "Đông Nam Bộ", "tinh": "70", "don_vi": "Công ty KTCTTL Bình Phước", "luu_vuc": "Sông Đồng Nai", "flv_km2": 4.0, "w_huu_ich": 0.6436, "w_toanbo": 0.963, "mndbt": 421.6, "mndgc": 422.87, "mnc": 416.4, "dt_tuoi": 120.0}}, {"type": "Feature", "geometry": {"type": "Point", "coordinates": [106.931473, 11.608038]}, "properties": {"ma": "H10.TL0012.HC001", "ten": "Hồ Đồng Xoài", "loai": "Hồ chứa", "nam_xd": "2005", "vung": "Đông Nam Bộ", "tinh": "70", "don_vi": "Công ty KTCTTL Bình Phước", "luu_vuc": "Sông Đồng Nai", "flv_km2": 26.4, "w_huu_ich": 8.81, "w_toanbo": 9.66, "mndbt": 93.8, "mndgc": 95.04, "mnc": 89.5, "dt_tuoi": 200.0}}, {"type": "Feature", "geometry": {"type": "Point", "coordinates": [107.252182, 11.80161]}, "properties": {"ma": "H10.TL0013.HC001", "ten": "Hồ Bù Môn", "loai": "Hồ chứa", "nam_xd": "1981", "vung": "Đông Nam Bộ", "tinh": "70", "don_vi": "Công ty KTCTTL Bình Phước", "luu_vuc": "Sông Đồng Nai", "flv_km2": 64.4, "w_huu_ich": 0.15, "w_toanbo": 0.2, "mndbt": 257.1, "mndgc": 259.5, "mnc": 254.8, "dt_tuoi": 100.0}}, {"type": "Feature", "geometry": {"type": "Point", "coordinates": [105.426882, 20.121982]}, "properties": {"ma": "H56.TL0030.HC001", "ten": "Hồ Bai Ao", "loai": "Hồ chứa", "nam_xd": "1975", "vung": "Bắc Trung Bộ", "tinh": "38", "don_vi": "Đang cập nhật", "luu_vuc": "Sông Mã", "flv_km2": 5.0, "w_huu_ich": 0.0, "w_toanbo": 0.0, "mndbt": 54.0, "mndgc": 54.0, "mnc": 46.0, "dt_tuoi": 100.0, "ma_api": "a5101368-49b9-4040-82e4-567a0cd3d9f4"}}, {"type": "Feature", "geometry": {"type": "Point", "coordinates": [106.607051, 11.609076]}, "properties": {"ma": "H10.TL0014.HC001", "ten": "Hồ Sa Cát", "loai": "Hồ chứa", "nam_xd": "2004", "vung": "Đông Nam Bộ", "tinh": "70", "don_vi": "Công ty KTCTTL Bình Phước", "luu_vuc": "Sông Đồng Nai", "flv_km2": 5.0, "w_huu_ich": 1.116, "w_toanbo": 1.327, "mndbt": 73.5, "mndgc": 74.65, "mnc": 69.0, "dt_tuoi": 100.0}}, {"type": "Feature", "geometry": {"type": "Point", "coordinates": [106.682647, 11.726441]}, "properties": {"ma": "H10.TL0015.HC001", "ten": "Hồ An Khương", "loai": "Hồ chứa", "nam_xd": "2001", "vung": "Đông Nam Bộ", "tinh": "70", "don_vi": "Công ty KTCTTL Bình Phước", "luu_vuc": "Sông Đồng Nai", "flv_km2": 5.5, "w_huu_ich": 2.02, "w_toanbo": 2.6, "mndbt": 86.4, "mndgc": 86.9, "mnc": 82.0, "dt_tuoi": 200.0}}, {"type": "Feature", "geometry": {"type": "Point", "coordinates": [105.693028, 20.728991]}, "properties": {"ma": "H26.TL0008.HC001", "ten": "Hồ Quan Sơn", "loai": "Hồ chứa", "vung": "ĐB Sông Hồng", "tinh": "01", "don_vi": "Đang cập nhật", "luu_vuc": "Sông Tích - Nhuệ - Đáy", "flv_km2": 92.2, "w_huu_ich": 10.9, "w_toanbo": 11.9, "mndbt": 0.0, "mndgc": 0.0, "mnc": 0.0, "dt_tuoi": 2253.0}}, {"type": "Feature", "geometry": {"type": "Point", "coordinates": [107.657097, 21.484516]}, "properties": {"ma": "H49.TL0007.HC001", "ten": "Hồ Chúc Bài Sơn", "loai": "Hồ chứa", "vung": "ĐB Sông Hồng", "tinh": "22", "don_vi": "Đang cập nhật", "luu_vuc": "Sông Bạch Đằng - sông Cấm", "flv_km2": 18.2, "w_huu_ich": 13.6, "w_toanbo": 15.0, "mndbt": 75.27, "mndgc": 0.0, "mnc": 65.27, "dt_tuoi": 3100.0}}, {"type": "Feature", "geometry": {"type": "Point", "coordinates": [107.069458, 11.658769]}, "properties": {"ma": "H10.TL0016.HC001", "ten": "Hồ Ông Thoại", "loai": "Hồ chứa", "nam_xd": "2002", "vung": "Đông Nam Bộ", "tinh": "70", "don_vi": "Công ty KTCTTL Bình Phước", "luu_vuc": "Sông Đồng Nai", "flv_km2": 6.15, "w_huu_ich": 1.485, "w_toanbo": 1.765, "mndbt": 225.35, "mndgc": 226.72, "mnc": 221.7, "dt_tuoi": 100.0}}, {"type": "Feature", "geometry": {"type": "Point", "coordinates": [106.492668, 11.763782]}, "properties": {"ma": "H10.TL0020.HC001", "ten": "Hồ Tà Thiết", "loai": "Hồ chứa", "nam_xd": "1995", "vung": "Đông Nam Bộ", "tinh": "70", "don_vi": "Công ty KTCTTL Bình Phước", "luu_vuc": "Sông Đồng Nai", "flv_km2": 5.13, "w_huu_ich": 0.885, "w_toanbo": 1.15, "mndbt": 62.84, "mndgc": 63.64, "mnc": 61.0, "dt_tuoi": 100.0}}, {"type": "Feature", "geometry": {"type": "Point", "coordinates": [106.408719, 11.232396]}, "properties": {"ma": "H09.TL0001.HC001", "ten": "Hồ Cần Nôm", "loai": "Hồ chứa", "nam_xd": "1978", "vung": "Đông Nam Bộ", "tinh": "74", "don_vi": "Công ty KTCTTL Bình Dương", "luu_vuc": "Sông Đồng Nai", "flv_km2": 23.0, "w_huu_ich": 7.487, "w_toanbo": 7.99, "mndbt": 14.8, "mndgc": 15.87, "mnc": 9.5, "dt_tuoi": 151.0}}, {"type": "Feature", "geometry": {"type": "Point", "coordinates": [106.483663, 11.63903]}, "properties": {"ma": "H10.TL0018.HC001", "ten": "Hồ Ba Veng", "loai": "Hồ chứa", "nam_xd": "2011", "vung": "Đông Nam Bộ", "tinh": "70", "don_vi": "Công ty KTCTTL Bình Phước", "luu_vuc": "Sông Đồng Nai", "flv_km2": 16.2, "w_huu_ich": 0.6924, "w_toanbo": 0.8674, "mndbt": 28.18, "mndgc": 30.22, "mnc": 25.65, "dt_tuoi": 100.0}}, {"type": "Feature", "geometry": {"type": "Point", "coordinates": [106.647235, 11.820124]}, "properties": {"ma": "H10.TL0019.HC001", "ten": "Hồ Bù Nâu", "loai": "Hồ chứa", "nam_xd": "2001", "vung": "Đông Nam Bộ", "tinh": "70", "don_vi": "Công ty KTCTTL Bình Phước", "luu_vuc": "Sông Đồng Nai", "flv_km2": 11.3, "w_huu_ich": 0.514, "w_toanbo": 0.614, "mndbt": 94.15, "mndgc": 96.05, "mnc": 92.3, "dt_tuoi": 115.0}}, {"type": "Feature", "geometry": {"type": "Point", "coordinates": [106.59479, 11.862368]}, "properties": {"ma": "H10.TL0021.HC001", "ten": "Hồ Rừng Cấm", "loai": "Hồ chứa", "nam_xd": "2001", "vung": "Đông Nam Bộ", "tinh": "70", "don_vi": "Công ty KTCTTL Bình Phước", "luu_vuc": "Sông Đồng Nai", "flv_km2": 7.0, "w_huu_ich": 1.882, "w_toanbo": 2.068, "mndbt": 122.1, "mndgc": 123.1, "mnc": 114.0, "dt_tuoi": 100.0}}, {"type": "Feature", "geometry": {"type": "Point", "coordinates": [106.515867, 11.821561]}, "properties": {"ma": "H10.TL0022.HC001", "ten": "Hồ Tà Te", "loai": "Hồ chứa", "nam_xd": "1995", "vung": "Đông Nam Bộ", "tinh": "70", "don_vi": "Công ty KTCTTL Bình Phước", "luu_vuc": "Sông Đồng Nai", "flv_km2": 2.4, "w_huu_ich": 0.7, "w_toanbo": 0.756, "mndbt": 97.2, "mndgc": 97.7, "mnc": 91.7, "dt_tuoi": 100.0}}, {"type": "Feature", "geometry": {"type": "Point", "coordinates": [105.714813, 20.426793]}, "properties": {"ma": "H28.TL0010.HC001", "ten": "Hồ Đại Thắng", "loai": "Hồ chứa", "vung": "MN phía Bắc", "tinh": "17", "don_vi": "Công ty KTCTTL Hòa Bình", "luu_vuc": "Sông Đà", "flv_km2": 30.0, "w_huu_ich": 0.7, "w_toanbo": 0.74, "mndbt": 11.0, "mndgc": 0.0, "mnc": 0.0, "dt_tuoi": 0.0, "ma_api": "7724036d-9bcf-4425-8d26-6385bd7a4ee0"}}, {"type": "Feature", "geometry": {"type": "Point", "coordinates": [105.647703, 21.531592]}, "properties": {"ma": "H55.TL0003.HC001", "ten": "Hồ Gò Miếu", "loai": "Hồ chứa", "vung": "MN phía Bắc", "tinh": "19", "don_vi": "Công ty KTCTTL Thái Nguyên", "luu_vuc": "Sông Cầu", "flv_km2": 0.0, "w_huu_ich": 5.2, "w_toanbo": 5.617, "mndbt": 110.84, "mndgc": 0.0, "mnc": 92.42, "dt_tuoi": 0.0, "ma_api": "7d5c9ee4-3fe1-4c6c-898e-d6c6fb5d9292"}}, {"type": "Feature", "geometry": {"type": "Point", "coordinates": [105.158237, 21.816214]}, "properties": {"ma": "H60.TL0001.HC001", "ten": "Hồ Ngòi Là 2", "loai": "Hồ chứa", "vung": "MN phía Bắc", "tinh": "08", "don_vi": "Ban QLKT Tuyên Quang", "luu_vuc": "Sông Gâm - Chảy", "flv_km2": 13.7, "w_huu_ich": 3.2, "w_toanbo": 3.31, "mndbt": 41.45, "mndgc": 0.0, "mnc": 34.0, "dt_tuoi": 0.0, "ma_api": "ca8b53b2-b50b-4656-91a5-151361972d2a"}}, {"type": "Feature", "geometry": {"type": "Point", "coordinates": [105.37261, 18.649866]}, "properties": {"ma": "H41.TL0001.HC001", "ten": "Hồ Cửa Ông", "loai": "Hồ chứa", "nam_xd": "1960", "vung": "Bắc Trung Bộ", "tinh": "40", "don_vi": "Đang cập nhật", "luu_vuc": "Sông Cả", "flv_km2": 34.0, "w_huu_ich": 2.0, "w_toanbo": 2.0, "mndbt": 18.0, "mndgc": 20.0, "mnc": 16.0, "dt_tuoi": 906.0, "ma_api": "db1e1103-388c-4c2e-9846-c7ddbcca8132"}}, {"type": "Feature", "geometry": {"type": "Point", "coordinates": [105.461468, 21.598523]}, "properties": {"ma": "H60.TL0007.HC001", "ten": "Hồ Hoàng Tân", "loai": "Hồ chứa", "vung": "MN phía Bắc", "tinh": "08", "don_vi": "Ban QLKT Tuyên Quang", "luu_vuc": "Sông Gâm - Chảy", "flv_km2": 8.0, "w_huu_ich": 1.2, "w_toanbo": 1.38, "mndbt": 98.3, "mndgc": 0.0, "mnc": 84.5, "dt_tuoi": 0.0}}, {"type": "Feature", "geometry": {"type": "Point", "coordinates": [104.848556, 22.149028]}, "properties": {"ma": "H63.TL0001.HC001", "ten": "Hồ Từ Hiếu", "loai": "Hồ chứa", "vung": "MN phía Bắc", "tinh": "15", "don_vi": "Công ty KTCTTL Yên Bái", "luu_vuc": "Sông Thao", "flv_km2": 9.0, "w_huu_ich": 2.6, "w_toanbo": 2.85, "mndbt": 13.0, "mndgc": 0.0, "mnc": 98.0, "dt_tuoi": 79.7}}, {"type": "Feature", "geometry": {"type": "Point", "coordinates": [104.845075, 22.150138]}, "properties": {"ma": "H63.TL0002.HC001", "ten": "Hồ Tặng An", "loai": "Hồ chứa", "vung": "MN phía Bắc", "tinh": "15", "don_vi": "Công ty KTCTTL Yên Bái", "luu_vuc": "Sông Thao", "flv_km2": 2.7, "w_huu_ich": 1.0, "w_toanbo": 0.97, "mndbt": 13.6, "mndgc": 0.0, "mnc": 91.0, "dt_tuoi": 93.1}}, {"type": "Feature", "geometry": {"type": "Point", "coordinates": [104.838581, 22.160136]}, "properties": {"ma": "H63.TL0003.HC001", "ten": "Hồ Roong Đeng", "loai": "Hồ chứa", "vung": "MN phía Bắc", "tinh": "15", "don_vi": "Công ty KTCTTL Yên Bái", "luu_vuc": "Sông Thao", "flv_km2": 3.5, "w_huu_ich": 1.2, "w_toanbo": 1.26, "mndbt": 12.0, "mndgc": 0.0, "mnc": 0.0, "dt_tuoi": 19.4}}, {"type": "Feature", "geometry": {"type": "Point", "coordinates": [104.725781, 21.811757]}, "properties": {"ma": "H63.TL0004.HC001", "ten": "Hồ Khe Vải", "loai": "Hồ chứa", "vung": "MN phía Bắc", "tinh": "15", "don_vi": "Công ty KTCTTL Yên Bái", "luu_vuc": "Sông Thao", "flv_km2": 3.0, "w_huu_ich": 1.5, "w_toanbo": 1.018, "mndbt": 8.0, "mndgc": 0.0, "mnc": 0.0, "dt_tuoi": 0.0}}, {"type": "Feature", "geometry": {"type": "Point", "coordinates": [103.030922, 21.290426]}, "properties": {"ma": "H18.TL0001.HC001", "ten": "Hồ Hồng Sạt", "loai": "Hồ chứa", "vung": "MN phía Bắc", "tinh": "11", "don_vi": "Công ty KTCTTL Điện Biên", "luu_vuc": "Sông Đà", "flv_km2": 8.6, "w_huu_ich": 2.0, "w_toanbo": 2.22, "mndbt": 480.2, "mndgc": 0.0, "mnc": 466.0, "dt_tuoi": 348.0}}, {"type": "Feature", "geometry": {"type": "Point", "coordinates": [106.11155, 22.866922]}, "properties": {"ma": "H14.TL0003.HC001", "ten": "Hồ Bản Nưa", "loai": "Hồ chứa", "vung": "MN phía Bắc", "tinh": "04", "don_vi": "Công ty KTCTTL Cao Bằng", "luu_vuc": "Sông Bằng Giang - Kỳ Cùng", "flv_km2": 2.567, "w_huu_ich": 1.0, "w_toanbo": 1.0, "mndbt": 89.2, "mndgc": 0.0, "mnc": 78.1, "dt_tuoi": 0.0}}, {"type": "Feature", "geometry": {"type": "Point", "coordinates": [103.047742, 21.241771]}, "properties": {"ma": "H18.TL0003.HC001", "ten": "Hồ Sái Lương", "loai": "Hồ chứa", "vung": "MN phía Bắc", "tinh": "11", "don_vi": "Công ty KTCTTL Điện Biên", "luu_vuc": "Sông Đà", "flv_km2": 5.3, "w_huu_ich": 0.6, "w_toanbo": 0.712, "mndbt": 488.4, "mndgc": 0.0, "mnc": 480.0, "dt_tuoi": 125.0}}, {"type": "Feature", "geometry": {"type": "Point", "coordinates": [103.116667, 21.011667]}, "properties": {"ma": "H18.TL0004.HC001", "ten": "Hồ Bản Ban", "loai": "Hồ chứa", "vung": "MN phía Bắc", "tinh": "11", "don_vi": "Công ty KTCTTL Điện Biên", "luu_vuc": "Sông Đà", "flv_km2": 22.7, "w_huu_ich": 1.0, "w_toanbo": 1.38, "mndbt": 638.5, "mndgc": 0.0, "mnc": 629.5, "dt_tuoi": 330.0}}, {"type": "Feature", "geometry": {"type": "Point", "coordinates": [106.968461, 16.830717]}, "properties": {"ma": "H50.TL0008.HC001", "ten": "Hồ Tân Kim II", "loai": "Hồ chứa", "nam_xd": "2010", "vung": "Bắc Trung Bộ", "tinh": "45", "don_vi": "Công ty KTCTTL Quảng Trị", "luu_vuc": "Sông Thạch Hãn", "flv_km2": 8.0, "w_huu_ich": 6.0, "w_toanbo": 6.0, "mndbt": 32.0, "mndgc": 33.0, "mnc": 20.0, "dt_tuoi": 0.0, "ma_api": "c9c0bef1-a46a-42a1-8b72-0c0f410e8561"}}, {"type": "Feature", "geometry": {"type": "Point", "coordinates": [105.314731, 21.54558]}, "properties": {"ma": "H60.TL0003.HC001", "ten": "Hồ Như Xuyên", "loai": "Hồ chứa", "vung": "MN phía Bắc", "tinh": "08", "don_vi": "Ban QLKT Tuyên Quang", "luu_vuc": "Sông Gâm - Chảy", "flv_km2": 15.0, "w_huu_ich": 2.0, "w_toanbo": 2.3, "mndbt": 43.1, "mndgc": 0.0, "mnc": 27.0, "dt_tuoi": 0.0}}, {"type": "Feature", "geometry": {"type": "Point", "coordinates": [106.096344, 18.171558]}, "properties": {"ma": "H27.TL0002.HC001", "ten": "Hồ Sông Rác", "loai": "Hồ chứa", "nam_xd": "1988", "vung": "Bắc Trung Bộ", "tinh": "42", "don_vi": "Đang cập nhật", "luu_vuc": "Sông Nghèn", "flv_km2": 115.0, "w_huu_ich": 110.0, "w_toanbo": 125.0, "mndbt": 23.0, "mndgc": 25.0, "mnc": 12.0, "dt_tuoi": 8150.0, "ma_api": "6dcd7431-423d-409f-89ee-700ac62b1871"}}, {"type": "Feature", "geometry": {"type": "Point", "coordinates": [106.659378, 17.202083]}, "properties": {"ma": "H46.TL0011.HC001", "ten": "Hồ Cẩm Ly", "loai": "Hồ chứa", "nam_xd": "1964", "vung": "Bắc Trung Bộ", "tinh": "44", "don_vi": "Công ty KTCTTL Quảng Bình", "luu_vuc": "Sông Nhật Lệ", "flv_km2": 29.0, "w_huu_ich": 39.0, "w_toanbo": 42.0, "mndbt": 44.0, "mndgc": 46.0, "mnc": 30.0, "dt_tuoi": 750.0, "ma_api": "2a2baaeb-6433-4f2e-b160-17bb6fec75dd"}}, {"type": "Feature", "geometry": {"type": "Point", "coordinates": [106.885634, 17.150116]}, "properties": {"ma": "H46.TL0014.HC001", "ten": "Hồ Thanh Sơn", "loai": "Hồ chứa", "nam_xd": "1981", "vung": "Bắc Trung Bộ", "tinh": "44", "don_vi": "Công ty KTCTTL Quảng Bình", "luu_vuc": "Sông Nhật Lệ", "flv_km2": 9.0, "w_huu_ich": 7.0, "w_toanbo": 7.0, "mndbt": 18.0, "mndgc": 19.0, "mnc": 11.0, "dt_tuoi": 300.0, "ma_api": "5df905ed-17d9-4e97-bcf5-8e5c525b3a70"}}, {"type": "Feature", "geometry": {"type": "Point", "coordinates": [106.335838, 17.793256]}, "properties": {"ma": "H46.TL0004.HC001", "ten": "Hồ Tiên Lang", "loai": "Hồ chứa", "nam_xd": "1978", "vung": "Bắc Trung Bộ", "tinh": "44", "don_vi": "Công ty KTCTTL Quảng Bình", "luu_vuc": "Sông Gianh", "flv_km2": 37.0, "w_huu_ich": 17.0, "w_toanbo": 18.0, "mndbt": 35.0, "mndgc": 38.0, "mnc": 16.0, "dt_tuoi": 1292.0, "ma_api": "acd021e9-539e-4bd8-b67d-178d1f27ac13"}}, {"type": "Feature", "geometry": {"type": "Point", "coordinates": [106.511362, 21.543175]}, "properties": {"ma": "G10.TL0012.HC001", "ten": "Hồ Cấm Sơn", "loai": "Hồ chứa", "vung": "MN phía Bắc", "tinh": "20", "don_vi": "Bộ NN&PTNT", "luu_vuc": "Sông Thương", "flv_km2": 0.0, "w_huu_ich": 229.5, "w_toanbo": 249.75, "mndbt": 66.5, "mndgc": 0.0, "mnc": 51.0, "dt_tuoi": 24100.0, "ma_api": "c2560bee-e02a-4c96-acac-bdedb80e1b9e"}}, {"type": "Feature", "geometry": {"type": "Point", "coordinates": [104.060923, 21.204536]}, "properties": {"ma": "H52.TL0003.HC001", "ten": "Hồ Tiền Phong", "loai": "Hồ chứa", "vung": "MN phía Bắc", "tinh": "14", "don_vi": "Công ty KTCTTL Sơn La", "luu_vuc": "Sông Đà", "flv_km2": 2.6, "w_huu_ich": 2.1, "w_toanbo": 4.0, "mndbt": 17.9, "mndgc": 0.0, "mnc": 11.0, "dt_tuoi": 0.0, "ma_api": "3db9e6f7-326e-4f0a-a5ee-fe687be3c3cf"}}, {"type": "Feature", "geometry": {"type": "Point", "coordinates": [105.784271, 21.512536]}, "properties": {"ma": "H55.TL0004.HC001", "ten": "Hồ Ghềnh Chè", "loai": "Hồ chứa", "vung": "MN phía Bắc", "tinh": "19", "don_vi": "Công ty KTCTTL Thái Nguyên", "luu_vuc": "Sông Cầu", "flv_km2": 0.0, "w_huu_ich": 2.6, "w_toanbo": 2.87, "mndbt": 33.15, "mndgc": 0.0, "mnc": 27.0, "dt_tuoi": 0.0, "ma_api": "de893e4f-31ac-4ef2-b43b-1717c069c351"}}, {"type": "Feature", "geometry": {"type": "Point", "coordinates": [105.775283, 21.405388]}, "properties": {"ma": "H55.TL0009.HC001", "ten": "Hồ Suối Lạnh", "loai": "Hồ chứa", "vung": "MN phía Bắc", "tinh": "19", "don_vi": "Công ty KTCTTL Thái Nguyên", "luu_vuc": "Sông Cầu", "flv_km2": 0.0, "w_huu_ich": 1.6, "w_toanbo": 2.4, "mndbt": 0.0, "mndgc": 0.0, "mnc": 0.0, "dt_tuoi": 0.0, "ma_api": "8af7ccd1-68c2-4042-a555-2799bc50a740"}}, {"type": "Feature", "geometry": {"type": "Point", "coordinates": [105.143878, 21.802878]}, "properties": {"ma": "H60.TL0002.HC001", "ten": "Hồ Ngòi Là 1", "loai": "Hồ chứa", "vung": "MN phía Bắc", "tinh": "08", "don_vi": "Ban QLKT Tuyên Quang", "luu_vuc": "Sông Gâm - Chảy", "flv_km2": 0.0, "w_huu_ich": 1.0, "w_toanbo": 1.003, "mndbt": 51.7, "mndgc": 0.0, "mnc": 0.0, "dt_tuoi": 0.0, "ma_api": "da9502e7-0458-4f8f-a815-9087385fa9f6"}}, {"type": "Feature", "geometry": {"type": "Point", "coordinates": [106.420604, 17.692104]}, "properties": {"ma": "H46.TL0016.HC001", "ten": "Hồ Cửa Nghè", "loai": "Hồ chứa", "nam_xd": "1981", "vung": "Bắc Trung Bộ", "tinh": "44", "don_vi": "Công ty KTCTTL Quảng Bình", "luu_vuc": "Sông Gianh", "flv_km2": 1.0, "w_huu_ich": 1.0, "w_toanbo": 1.0, "mndbt": 10.0, "mndgc": 11.0, "mnc": 5.0, "dt_tuoi": 0.0, "ma_api": "8d1ba195-a71e-4b12-adb3-3dd2ca50533c"}}, {"type": "Feature", "geometry": {"type": "Point", "coordinates": [106.455214, 17.675357]}, "properties": {"ma": "H46.TL0002.HC001", "ten": "Hồ Đồng Ran", "loai": "Hồ chứa", "nam_xd": "1979", "vung": "Bắc Trung Bộ", "tinh": "44", "don_vi": "Công ty KTCTTL Quảng Bình", "luu_vuc": "Sông Gianh", "flv_km2": 7.0, "w_huu_ich": 5.0, "w_toanbo": 6.0, "mndbt": 13.0, "mndgc": 15.0, "mnc": 4.0, "dt_tuoi": 244.0, "ma_api": "219b9a59-cf0f-49c0-b59a-1c61179ce7ec"}}, {"type": "Feature", "geometry": {"type": "Point", "coordinates": [106.46275, 17.61375]}, "properties": {"ma": "H46.TL0003.HC001", "ten": "Hồ Vực Nồi", "loai": "Hồ chứa", "nam_xd": "1983", "vung": "Bắc Trung Bộ", "tinh": "44", "don_vi": "Công ty KTCTTL Quảng Bình", "luu_vuc": "Sông Gianh", "flv_km2": 14.0, "w_huu_ich": 13.0, "w_toanbo": 14.0, "mndbt": 13.0, "mndgc": 15.0, "mnc": 7.0, "dt_tuoi": 416.0, "ma_api": "ae2fa9ec-0698-49ca-8ba5-591b9249fa1a"}}, {"type": "Feature", "geometry": {"type": "Point", "coordinates": [106.952461, 17.025569]}, "properties": {"ma": "H50.TL0001.HC001", "ten": "Hồ La Ngà", "loai": "Hồ chứa", "nam_xd": "1964", "vung": "Bắc Trung Bộ", "tinh": "45", "don_vi": "Công ty KTCTTL Quảng Trị", "luu_vuc": "Sông Thạch Hãn", "flv_km2": 29.0, "w_huu_ich": 30.0, "w_toanbo": 35.0, "mndbt": 22.0, "mndgc": 24.0, "mnc": 13.0, "dt_tuoi": 0.0, "ma_api": "4f697b31-7b58-4e10-9f2b-d095b54c3bcc"}}, {"type": "Feature", "geometry": {"type": "Point", "coordinates": [107.323089, 16.635825]}, "properties": {"ma": "H57.TL0007.HC001", "ten": "Hồ Mỹ Xuyên", "loai": "Hồ chứa", "nam_xd": "1997", "vung": "Bắc Trung Bộ", "tinh": "46", "don_vi": "Công ty KTCTTL Thừa Thiên Huế", "luu_vuc": "Sông Hương", "flv_km2": 12.0, "w_huu_ich": 2.0, "w_toanbo": 4.0, "mndbt": 5.0, "mndgc": 6.0, "mnc": 3.0, "dt_tuoi": 332.0, "ma_api": "5909f843-2623-4c34-b628-af9903d227de"}}, {"type": "Feature", "geometry": {"type": "Point", "coordinates": [106.865869, 21.359769]}, "properties": {"ma": "H02.TL0022.HC001", "ten": "Hồ Khe Hắng", "loai": "Hồ chứa", "vung": "ĐB Sông Hồng", "tinh": "24", "don_vi": "Công ty KTCTTL Bắc Giang", "luu_vuc": "Sông Thương", "flv_km2": 0.0, "w_huu_ich": 1.4, "w_toanbo": 2.24, "mndbt": 85.9, "mndgc": 0.0, "mnc": 77.8, "dt_tuoi": 98.8, "ma_api": "c58cc09d-5f0e-4e35-84f0-d22871446f46"}}, {"type": "Feature", "geometry": {"type": "Point", "coordinates": [106.171425, 21.488963]}, "properties": {"ma": "H02.TL0002.HC001", "ten": "Hồ Suối Cấy", "loai": "Hồ chứa", "vung": "ĐB Sông Hồng", "tinh": "24", "don_vi": "Công ty KTCTTL Bắc Giang", "luu_vuc": "Sông Thương", "flv_km2": 0.0, "w_huu_ich": 3.8, "w_toanbo": 5.0, "mndbt": 24.0, "mndgc": 0.0, "mnc": 18.0, "dt_tuoi": 1114.0, "ma_api": "b9577d78-416f-4a8e-ac5d-4706ab7e430e"}}, {"type": "Feature", "geometry": {"type": "Point", "coordinates": [106.601375, 22.802808]}, "properties": {"ma": "H14.TL0004.HC001", "ten": "Hồ Bản Viết", "loai": "Hồ chứa", "vung": "MN phía Bắc", "tinh": "04", "don_vi": "Công ty KTCTTL Cao Bằng", "luu_vuc": "Sông Bằng Giang - Kỳ Cùng", "flv_km2": 13.8, "w_huu_ich": 3.1, "w_toanbo": 0.0, "mndbt": 434.3, "mndgc": 0.0, "mnc": 418.05, "dt_tuoi": 0.0}}, {"type": "Feature", "geometry": {"type": "Point", "coordinates": [107.698472, 16.351722]}, "properties": {"ma": "H57.TL0005.HC001", "ten": "Hồ Phú Bài 2", "loai": "Hồ chứa", "nam_xd": "1982", "vung": "Bắc Trung Bộ", "tinh": "46", "don_vi": "Công ty KTCTTL Thừa Thiên Huế", "luu_vuc": "Sông Hương", "flv_km2": 7.0, "w_huu_ich": 6.0, "w_toanbo": 6.0, "mndbt": 18.0, "mndgc": 18.0, "mnc": 7.0, "dt_tuoi": 618.0, "ma_api": "cc23c07b-219d-4de7-a128-58a61d1a438b"}}, {"type": "Feature", "geometry": {"type": "Point", "coordinates": [107.63363, 16.31892]}, "properties": {"ma": "G10.TL0004.HC001", "ten": "Hồ Tả Trạch", "loai": "Hồ chứa", "nam_xd": "2005", "vung": "Bắc Trung Bộ", "tinh": "46", "don_vi": "Bộ NN&PTNT", "luu_vuc": "Sông Hương", "flv_km2": 717.0, "w_huu_ich": 346.622, "w_toanbo": 420.03, "mndbt": 45.0, "mndgc": 53.0, "mnc": 23.0, "dt_tuoi": 34782.0, "ma_api": "a1742f5c-4dbe-4b6b-9319-84e22a4c59e8"}}, {"type": "Feature", "geometry": {"type": "Point", "coordinates": [107.784694, 16.255833]}, "properties": {"ma": "H57.TL0002.HC001", "ten": "Hồ Truồi", "loai": "Hồ chứa", "nam_xd": "2005", "vung": "Bắc Trung Bộ", "tinh": "46", "don_vi": "Công ty KTCTTL Thừa Thiên Huế", "luu_vuc": "Sông Hương", "flv_km2": 75.0, "w_huu_ich": 51.0, "w_toanbo": 55.0, "mndbt": 42.0, "mndgc": 46.0, "mnc": 20.0, "dt_tuoi": 7352.0, "ma_api": "ed7b318d-0d80-4a0c-a397-f3d0368c2232"}}, {"type": "Feature", "geometry": {"type": "Point", "coordinates": [107.475806, 16.4752]}, "properties": {"ma": "H57.TL0006.HC001", "ten": "Hồ Thọ Sơn", "loai": "Hồ chứa", "nam_xd": "1982", "vung": "Bắc Trung Bộ", "tinh": "46", "don_vi": "Công ty KTCTTL Thừa Thiên Huế", "luu_vuc": "Sông Hương", "flv_km2": 9.0, "w_huu_ich": 5.0, "w_toanbo": 5.0, "mndbt": 20.0, "mndgc": 20.0, "mnc": 9.0, "dt_tuoi": 264.0, "ma_api": "04031b02-dd34-4aa5-b700-3f0c81fa0adf"}}, {"type": "Feature", "geometry": {"type": "Point", "coordinates": [108.585649, 15.439843]}, "properties": {"ma": "H47.TL0005.HC001", "ten": "Hồ Thái xuân", "loai": "Hồ chứa", "vung": "Nam Trung Bộ", "tinh": "49", "don_vi": "Công ty KTCTTL Quảng Nam", "luu_vuc": "Sông Tam Kỳ", "flv_km2": 18.0, "w_huu_ich": 11.4, "w_toanbo": 13.0, "mndbt": 25.3, "mndgc": 27.5, "mnc": 13.0, "dt_tuoi": 103.0, "ma_api": "1788dee0-e36b-4dbf-b9e2-b93c81d3a83a"}}, {"type": "Feature", "geometry": {"type": "Point", "coordinates": [108.292739, 15.630284]}, "properties": {"ma": "H47.TL0007.HC001", "ten": "Hồ Đông Tiển", "loai": "Hồ chứa", "vung": "Nam Trung Bộ", "tinh": "49", "don_vi": "Công ty KTCTTL Quảng Nam", "luu_vuc": "Sông Vu Gia-Thu Bồn", "flv_km2": 8.0, "w_huu_ich": 6.9, "w_toanbo": 7.7, "mndbt": 52.4, "mndgc": 54.4, "mnc": 42.0, "dt_tuoi": 730.0, "ma_api": "d85ceff4-ba07-4fa7-ab5d-e6f31207c5e7"}}, {"type": "Feature", "geometry": {"type": "Point", "coordinates": [103.568461, 21.556185]}, "properties": {"ma": "H52.TL0006.HC001", "ten": "Hồ Lái Bay", "loai": "Hồ chứa", "vung": "MN phía Bắc", "tinh": "14", "don_vi": "Công ty KTCTTL Sơn La", "luu_vuc": "Sông Đà", "flv_km2": 5.4, "w_huu_ich": 1.3, "w_toanbo": 1.328, "mndbt": 913.95, "mndgc": 0.0, "mnc": 897.7, "dt_tuoi": 0.0, "ma_api": "c2640008-94d4-440b-80c4-1ae387934a38"}}, {"type": "Feature", "geometry": {"type": "Point", "coordinates": [104.241177, 21.1011]}, "properties": {"ma": "H52.TL0002.HC001", "ten": "Hồ Huổi Vanh", "loai": "Hồ chứa", "vung": "MN phía Bắc", "tinh": "14", "don_vi": "Công ty KTCTTL Sơn La", "luu_vuc": "Sông Đà", "flv_km2": 5.5, "w_huu_ich": 2.1, "w_toanbo": 2.2, "mndbt": 383.0, "mndgc": 0.0, "mnc": 368.5, "dt_tuoi": 0.0, "ma_api": "78acf3bd-729b-4522-baf1-dbd1a5112640"}}, {"type": "Feature", "geometry": {"type": "Point", "coordinates": [106.134664, 21.649894]}, "properties": {"ma": "H55.TL0013.HC001", "ten": "Hồ Quán Chẽ", "loai": "Hồ chứa", "vung": "MN phía Bắc", "tinh": "19", "don_vi": "Công ty KTCTTL Thái Nguyên", "luu_vuc": "Sông Cầu", "flv_km2": 0.0, "w_huu_ich": 2.4, "w_toanbo": 2.44, "mndbt": 0.0, "mndgc": 0.0, "mnc": 0.0, "dt_tuoi": 0.0, "ma_api": "f28624da-17a6-4341-9e21-0f35e14b1cf0"}}, {"type": "Feature", "geometry": {"type": "Point", "coordinates": [105.527908, 21.659748]}, "properties": {"ma": "H55.TL0006.HC001", "ten": "Hồ Phú Xuyên", "loai": "Hồ chứa", "vung": "MN phía Bắc", "tinh": "19", "don_vi": "Công ty KTCTTL Thái Nguyên", "luu_vuc": "Sông Cầu", "flv_km2": 0.0, "w_huu_ich": 1.2, "w_toanbo": 1.313, "mndbt": 52.63, "mndgc": 0.0, "mnc": 41.3, "dt_tuoi": 0.0, "ma_api": "b15baab6-e516-4c7d-9dad-11be0c7e92db"}}, {"type": "Feature", "geometry": {"type": "Point", "coordinates": [105.590564, 21.609122]}, "properties": {"ma": "H55.TL0011.HC001", "ten": "Hồ Đoàn Ủy", "loai": "Hồ chứa", "vung": "MN phía Bắc", "tinh": "19", "don_vi": "Công ty KTCTTL Thái Nguyên", "luu_vuc": "Sông Cầu", "flv_km2": 0.0, "w_huu_ich": 0.9, "w_toanbo": 0.894, "mndbt": 42.03, "mndgc": 0.0, "mnc": 31.1, "dt_tuoi": 0.0, "ma_api": "5584991d-4833-4f9c-a0d8-6f6b5a2eeb1a"}}, {"type": "Feature", "geometry": {"type": "Point", "coordinates": [105.714428, 21.989244]}, "properties": {"ma": "H55.TL0010.HC001", "ten": "Hồ Nà Tấc", "loai": "Hồ chứa", "vung": "MN phía Bắc", "tinh": "19", "don_vi": "Công ty KTCTTL Thái Nguyên", "luu_vuc": "Sông Cầu", "flv_km2": 0.0, "w_huu_ich": 0.7, "w_toanbo": 0.714, "mndbt": 190.5, "mndgc": 0.0, "mnc": 174.0, "dt_tuoi": 0.0, "ma_api": "1b6d1a62-a44d-4fa3-a65e-bd6035b27ce9"}}, {"type": "Feature", "geometry": {"type": "Point", "coordinates": [107.335025, 16.640231]}, "properties": {"ma": "H57.TL0014.HC001", "ten": "Hồ Ông Môi", "loai": "Hồ chứa", "nam_xd": "1981", "vung": "Bắc Trung Bộ", "tinh": "46", "don_vi": "Công ty KTCTTL Thừa Thiên Huế", "luu_vuc": "Sông Hương", "flv_km2": 2.0, "w_huu_ich": 0.0, "w_toanbo": 0.0, "mndbt": 3.0, "mndgc": 3.0, "mnc": 2.0, "dt_tuoi": 15.0, "ma_api": "d5448e90-b430-45b9-8d2c-097e5177b046"}}, {"type": "Feature", "geometry": {"type": "Point", "coordinates": [109.332997, 12.805325]}, "properties": {"ma": "H32.TL0012.HC001", "ten": "Hồ Suối Lớn", "loai": "Hồ chứa", "vung": "Nam Trung Bộ", "tinh": "56", "don_vi": "Công ty KTCTTL Khánh Hòa", "luu_vuc": "Sông nhỏ", "flv_km2": 2.7, "w_huu_ich": 0.8, "w_toanbo": 0.9, "mndbt": 5.9, "mndgc": 6.3, "mnc": 4.0, "dt_tuoi": 100.0, "ma_api": "072a77ab-0927-4f31-8bc5-0fadfd95bc07"}}, {"type": "Feature", "geometry": {"type": "Point", "coordinates": [109.054426, 12.163475]}, "properties": {"ma": "H32.TL0002.HC001", "ten": "Hồ Suối Dầu", "loai": "Hồ chứa", "vung": "Nam Trung Bộ", "tinh": "56", "don_vi": "Công ty KTCTTL Khánh Hòa", "luu_vuc": "Sông Cái Nha Trang", "flv_km2": 120.0, "w_huu_ich": 28.9, "w_toanbo": 32.8, "mndbt": 42.5, "mndgc": 43.5, "mnc": 29.5, "dt_tuoi": 3700.0, "ma_api": "0063ae15-bd31-4d11-8222-86c7f9a8f23d"}}, {"type": "Feature", "geometry": {"type": "Point", "coordinates": [109.109183, 12.639337]}, "properties": {"ma": "H32.TL0001.HC001", "ten": "Hồ Đá Bàn", "loai": "Hồ chứa", "vung": "Nam Trung Bộ", "tinh": "56", "don_vi": "Công ty KTCTTL Khánh Hòa", "luu_vuc": "Sông Đá Bàn", "flv_km2": 126.0, "w_huu_ich": 69.8, "w_toanbo": 75.0, "mndbt": 63.0, "mndgc": 65.5, "mnc": 45.2, "dt_tuoi": 7800.0, "ma_api": "b2cdef24-ba56-45bb-9563-1c4e73983b6a"}}, {"type": "Feature", "geometry": {"type": "Point", "coordinates": [108.9607, 11.4751]}, "properties": {"ma": "H43.TL0002.HC001", "ten": "Hồ Bầu Ngứ", "loai": "Hồ chứa", "vung": "Nam Trung Bộ", "tinh": "58", "don_vi": "Công ty KTCTTL Ninh Thuận", "luu_vuc": "Sông nhỏ", "flv_km2": 16.3, "w_huu_ich": 1.5, "w_toanbo": 1.6, "mndbt": 51.5, "mndgc": 0.0, "mnc": 46.0, "dt_tuoi": 120.0, "ma_api": "4b1c59a4-2ac9-4829-b752-fb502be98683"}}, {"type": "Feature", "geometry": {"type": "Point", "coordinates": [105.665775, 19.493158]}, "properties": {"ma": "H56.TL0006.HC001", "ten": "Hồ Yên Mỹ", "loai": "Hồ chứa", "nam_xd": "1977", "vung": "Bắc Trung Bộ", "tinh": "38", "don_vi": "Đang cập nhật", "luu_vuc": "Sông Yên", "flv_km2": 137.0, "w_huu_ich": 84.0, "w_toanbo": 87.0, "mndbt": 20.0, "mndgc": 24.0, "mnc": 8.0, "dt_tuoi": 5840.0, "ma_api": "22b4a6de-0273-4ca3-a20f-139a76adc402"}}, {"type": "Feature", "geometry": {"type": "Point", "coordinates": [108.981894, 12.233238]}, "properties": {"ma": "H32.TL0011.HC001", "ten": "Hồ Láng Nhớt", "loai": "Hồ chứa", "vung": "Nam Trung Bộ", "tinh": "56", "don_vi": "Công ty KTCTTL Khánh Hòa", "luu_vuc": "Sông Cái Nha Trang", "flv_km2": 14.0, "w_huu_ich": 2.0, "w_toanbo": 2.1, "mndbt": 46.4, "mndgc": 48.2, "mnc": 38.0, "dt_tuoi": 440.0, "ma_api": "74274cbe-11a7-4ea4-8bf8-b039a849bf55"}}, {"type": "Feature", "geometry": {"type": "Point", "coordinates": [108.870312, 11.524885]}, "properties": {"ma": "H43.TL0003.HC001", "ten": "Hồ Bầu Zôn", "loai": "Hồ chứa", "vung": "Nam Trung Bộ", "tinh": "58", "don_vi": "Công ty KTCTTL Ninh Thuận", "luu_vuc": "Sông nhỏ", "flv_km2": 17.3, "w_huu_ich": 1.6, "w_toanbo": 1.7, "mndbt": 29.0, "mndgc": 0.0, "mnc": 26.0, "dt_tuoi": 120.0, "ma_api": "7b135574-a455-45e5-85bd-64c478e9e241"}}, {"type": "Feature", "geometry": {"type": "Point", "coordinates": [108.7855, 11.4539]}, "properties": {"ma": "H43.TL0009.HC001", "ten": "Hồ Sông Biêu", "loai": "Hồ chứa", "nam_xd": "2013", "vung": "Nam Trung Bộ", "tinh": "58", "don_vi": "Công ty KTCTTL Ninh Thuận", "luu_vuc": "Sông Cái Phan Rang", "flv_km2": 68.7, "w_huu_ich": 22.5, "w_toanbo": 23.8, "mndbt": 101.3, "mndgc": 0.0, "mnc": 91.0, "dt_tuoi": 1200.0, "ma_api": "e6d7c4b8-d906-4f5b-9461-f342cb3eaead"}}, {"type": "Feature", "geometry": {"type": "Point", "coordinates": [109.0468, 11.8408]}, "properties": {"ma": "H43.TL0019.HC001", "ten": "Hồ Ba Chi", "loai": "Hồ chứa", "vung": "Nam Trung Bộ", "tinh": "58", "don_vi": "Công ty KTCTTL Ninh Thuận", "luu_vuc": "Sông nhỏ", "flv_km2": 3.2, "w_huu_ich": 0.3, "w_toanbo": 0.4, "mndbt": 116.5, "mndgc": 0.0, "mnc": 112.5, "dt_tuoi": 40.0, "ma_api": "5363ecb0-8a60-4069-932a-bcdcb4f37da0"}}, {"type": "Feature", "geometry": {"type": "Point", "coordinates": [106.058899, 21.468427]}, "properties": {"ma": "H02.TL0006.HC001", "ten": "Hồ Đá Ong", "loai": "Hồ chứa", "vung": "ĐB Sông Hồng", "tinh": "24", "don_vi": "Công ty KTCTTL Bắc Giang", "luu_vuc": "Sông Thương", "flv_km2": 0.0, "w_huu_ich": 6.4, "w_toanbo": 6.71, "mndbt": 28.5, "mndgc": 0.0, "mnc": 21.0, "dt_tuoi": 2000.0, "ma_api": "d9b62709-f7ae-4558-bd27-06d9577684bc"}}, {"type": "Feature", "geometry": {"type": "Point", "coordinates": [108.973, 11.4068]}, "properties": {"ma": "H43.TL0017.HC001", "ten": "Hồ Núi Một", "loai": "Hồ chứa", "nam_xd": "2017", "vung": "Nam Trung Bộ", "tinh": "58", "don_vi": "Công ty KTCTTL Ninh Thuận", "luu_vuc": "Sông nhỏ", "flv_km2": 30.3, "w_huu_ich": 2.1, "w_toanbo": 2.3, "mndbt": 33.8, "mndgc": 0.0, "mnc": 24.5, "dt_tuoi": 150.0, "ma_api": "11bda1ee-da2d-47a5-89c7-6d6ddc18acd0"}}, {"type": "Feature", "geometry": {"type": "Point", "coordinates": [106.739621, 21.394502]}, "properties": {"ma": "H02.TL0024.HC001", "ten": "Hồ Đồng Man", "loai": "Hồ chứa", "vung": "ĐB Sông Hồng", "tinh": "24", "don_vi": "Công ty KTCTTL Bắc Giang", "luu_vuc": "Sông Thương", "flv_km2": 0.0, "w_huu_ich": 0.5, "w_toanbo": 0.615, "mndbt": 71.5, "mndgc": 0.0, "mnc": 66.5, "dt_tuoi": 140.0, "ma_api": "df41ae15-22a3-4e33-adc0-34027066a31e"}}, {"type": "Feature", "geometry": {"type": "Point", "coordinates": [109.1233, 11.6047]}, "properties": {"ma": "H43.TL0018.HC001", "ten": "Hồ Ông Kinh", "loai": "Hồ chứa", "vung": "Nam Trung Bộ", "tinh": "58", "don_vi": "Công ty KTCTTL Ninh Thuận", "luu_vuc": "Sông nhỏ", "flv_km2": 6.5, "w_huu_ich": 0.8, "w_toanbo": 0.8, "mndbt": 47.7, "mndgc": 0.0, "mnc": 42.5, "dt_tuoi": 100.0, "ma_api": "2e3b3721-7817-4019-907d-2ac031f9680d"}}, {"type": "Feature", "geometry": {"type": "Point", "coordinates": [104.680321, 21.333559]}, "properties": {"ma": "H52.TL0007.HC001", "ten": "Hồ Suối Chiếu", "loai": "Hồ chứa", "vung": "MN phía Bắc", "tinh": "14", "don_vi": "Công ty KTCTTL Sơn La", "luu_vuc": "Sông Đà", "flv_km2": 105.0, "w_huu_ich": 3.3, "w_toanbo": 4.316, "mndbt": 315.25, "mndgc": 0.0, "mnc": 0.0, "dt_tuoi": 0.0, "ma_api": "07e614cf-5243-4881-af18-b79abea4fef4"}}, {"type": "Feature", "geometry": {"type": "Point", "coordinates": [108.7477, 11.3224]}, "properties": {"ma": "H11.TL0008.HC001", "ten": "Hồ Đá Bạc", "loai": "Hồ chứa", "vung": "Nam Trung Bộ", "tinh": "60", "don_vi": "Công ty KTCTTL Bình Thuận", "luu_vuc": "Sông nhỏ", "flv_km2": 66.0, "w_huu_ich": 8.5, "w_toanbo": 8.9, "mndbt": 33.0, "mndgc": 33.2, "mnc": 25.0, "dt_tuoi": 395.0, "ma_api": "fb8ded53-7752-4658-8c2a-8be646aa7cc4"}}, {"type": "Feature", "geometry": {"type": "Point", "coordinates": [107.8181, 10.7319]}, "properties": {"ma": "H11.TL0009.HC001", "ten": "Hồ Núi Đất", "loai": "Hồ chứa", "vung": "Nam Trung Bộ", "tinh": "60", "don_vi": "Công ty KTCTTL Bình Thuận", "luu_vuc": "Sông nhỏ", "flv_km2": 25.0, "w_huu_ich": 7.9, "w_toanbo": 8.5, "mndbt": 23.5, "mndgc": 24.1, "mnc": 17.0, "dt_tuoi": 420.0, "ma_api": "14f45d2a-765d-43b5-b938-ed9271864039"}}, {"type": "Feature", "geometry": {"type": "Point", "coordinates": [108.786839, 11.491179]}, "properties": {"ma": "H43.TL0014.HC001", "ten": "Hồ Tân Giang", "loai": "Hồ chứa", "vung": "Nam Trung Bộ", "tinh": "58", "don_vi": "Công ty KTCTTL Ninh Thuận", "luu_vuc": "Sông Cái Phan Rang", "flv_km2": 149.0, "w_huu_ich": 12.1, "w_toanbo": 13.4, "mndbt": 118.2, "mndgc": 0.0, "mnc": 100.3, "dt_tuoi": 3000.0, "ma_api": "360fd6bb-1661-4fda-b577-ad884ee12a3a"}}, {"type": "Feature", "geometry": {"type": "Point", "coordinates": [108.9325, 11.8568]}, "properties": {"ma": "H43.TL0010.HC001", "ten": "Hồ Sông Sắt", "loai": "Hồ chứa", "vung": "Nam Trung Bộ", "tinh": "58", "don_vi": "Công ty KTCTTL Ninh Thuận", "luu_vuc": "Sông Cái Phan Rang", "flv_km2": 137.0, "w_huu_ich": 66.1, "w_toanbo": 69.3, "mndbt": 174.5, "mndgc": 0.0, "mnc": 159.0, "dt_tuoi": 3800.0, "ma_api": "66bcea87-f2ce-4c43-9fbd-197339863e16"}}, {"type": "Feature", "geometry": {"type": "Point", "coordinates": [108.876539, 11.553639]}, "properties": {"ma": "H43.TL0013.HC001", "ten": "Hồ Tà Ranh", "loai": "Hồ chứa", "vung": "Nam Trung Bộ", "tinh": "58", "don_vi": "Công ty KTCTTL Ninh Thuận", "luu_vuc": "Sông Cái Phan Rang", "flv_km2": 12.3, "w_huu_ich": 1.1, "w_toanbo": 1.2, "mndbt": 26.4, "mndgc": 0.0, "mnc": 23.2, "dt_tuoi": 120.0, "ma_api": "0e25d8de-9e7a-42a7-88f5-2d0d2f248b07"}}, {"type": "Feature", "geometry": {"type": "Point", "coordinates": [108.9805, 11.7211]}, "properties": {"ma": "H43.TL0021.HC001", "ten": "Hồ Phước Nhơn", "loai": "Hồ chứa", "vung": "Nam Trung Bộ", "tinh": "58", "don_vi": "Công ty KTCTTL Ninh Thuận", "luu_vuc": "Sông Cái Phan Rang", "flv_km2": 11.3, "w_huu_ich": 0.8, "w_toanbo": 0.8, "mndbt": 88.6, "mndgc": 0.0, "mnc": 82.0, "dt_tuoi": 205.0, "ma_api": "adfcf42c-f942-48ca-9ec5-03f1258aea57"}}, {"type": "Feature", "geometry": {"type": "Point", "coordinates": [109.0679, 11.8041]}, "properties": {"ma": "H43.TL0011.HC001", "ten": "Hồ Sông Trâu", "loai": "Hồ chứa", "vung": "Nam Trung Bộ", "tinh": "58", "don_vi": "Công ty KTCTTL Ninh Thuận", "luu_vuc": "Sông nhỏ", "flv_km2": 66.0, "w_huu_ich": 30.4, "w_toanbo": 31.5, "mndbt": 42.3, "mndgc": 0.0, "mnc": 28.7, "dt_tuoi": 275.0, "ma_api": "9bcc8175-12ab-4b4b-a4a1-b24a90dcd91c"}}, {"type": "Feature", "geometry": {"type": "Point", "coordinates": [106.541804, 21.400469]}, "properties": {"ma": "H02.TL0009.HC001", "ten": "Hồ Bầu Lầy", "loai": "Hồ chứa", "vung": "ĐB Sông Hồng", "tinh": "24", "don_vi": "Công ty KTCTTL Bắc Giang", "luu_vuc": "Sông Thương", "flv_km2": 0.0, "w_huu_ich": 2.4, "w_toanbo": 2.664, "mndbt": 23.0, "mndgc": 0.0, "mnc": 18.0, "dt_tuoi": 780.0, "ma_api": "516dadd1-6f36-4cbe-98f0-815f25c9d669"}}, {"type": "Feature", "geometry": {"type": "Point", "coordinates": [106.628949, 21.405445]}, "properties": {"ma": "H02.TL0010.HC001", "ten": "Hồ Đá Mài", "loai": "Hồ chứa", "vung": "ĐB Sông Hồng", "tinh": "24", "don_vi": "Công ty KTCTTL Bắc Giang", "luu_vuc": "Sông Thương", "flv_km2": 0.0, "w_huu_ich": 1.2, "w_toanbo": 1.46, "mndbt": 21.5, "mndgc": 0.0, "mnc": 18.5, "dt_tuoi": 580.0, "ma_api": "31e01256-d44c-4360-a892-c124224161f0"}}, {"type": "Feature", "geometry": {"type": "Point", "coordinates": [105.537134, 20.413367]}, "properties": {"ma": "H28.TL0004.HC001", "ten": "Hồ Mu Mạ", "loai": "Hồ chứa", "vung": "MN phía Bắc", "tinh": "17", "don_vi": "Công ty KTCTTL Hòa Bình", "luu_vuc": "Sông Đà", "flv_km2": 1.5, "w_huu_ich": 0.8, "w_toanbo": 1.1, "mndbt": 40.5, "mndgc": 0.0, "mnc": 36.0, "dt_tuoi": 0.0, "ma_api": "486c9006-1c3a-4630-b8c3-34d31946b51c"}}, {"type": "Feature", "geometry": {"type": "Point", "coordinates": [104.135234, 21.266377]}, "properties": {"ma": "H52.TL0004.HC001", "ten": "Hồ Phường", "loai": "Hồ chứa", "vung": "MN phía Bắc", "tinh": "14", "don_vi": "Công ty KTCTTL Sơn La", "luu_vuc": "Sông Đà", "flv_km2": 8.38, "w_huu_ich": 0.9, "w_toanbo": 0.422, "mndbt": 657.54, "mndgc": 0.0, "mnc": 650.54, "dt_tuoi": 0.0, "ma_api": "772b5175-816d-41fd-b301-af1b80c628cf"}}, {"type": "Feature", "geometry": {"type": "Point", "coordinates": [105.738973, 21.593354]}, "properties": {"ma": "H55.TL0012.HC001", "ten": "Hồ Cây Si", "loai": "Hồ chứa", "vung": "MN phía Bắc", "tinh": "19", "don_vi": "Công ty KTCTTL Thái Nguyên", "luu_vuc": "Sông Cầu", "flv_km2": 0.0, "w_huu_ich": 0.2, "w_toanbo": 0.237, "mndbt": 56.4, "mndgc": 0.0, "mnc": 44.8, "dt_tuoi": 0.0, "ma_api": "76397866-c206-4014-b312-1ae92f8fb273"}}, {"type": "Feature", "geometry": {"type": "Point", "coordinates": [105.729614, 21.555242]}, "properties": {"ma": "G10.TL0013.HC001", "ten": "Hồ Núi Cốc", "loai": "Hồ chứa", "vung": "MN phía Bắc", "tinh": "19", "don_vi": "Bộ NN&PTNT", "luu_vuc": "Sông Cầu", "flv_km2": 0.0, "w_huu_ich": 168.0, "w_toanbo": 175.5, "mndbt": 46.2, "mndgc": 0.0, "mnc": 34.0, "dt_tuoi": 0.0, "ma_api": "44e79bba-aac3-43a7-afd2-5aa50a5238fe"}}, {"type": "Feature", "geometry": {"type": "Point", "coordinates": [105.235877, 22.302121]}, "properties": {"ma": "H60.TL0004.HC001", "ten": "Hồ Noong Mò", "loai": "Hồ chứa", "vung": "MN phía Bắc", "tinh": "08", "don_vi": "Ban QLKT Tuyên Quang", "luu_vuc": "Sông Gâm - Chảy", "flv_km2": 4.0, "w_huu_ich": 1.1, "w_toanbo": 1.43, "mndbt": 149.5, "mndgc": 0.0, "mnc": 138.8, "dt_tuoi": 0.0, "ma_api": "edbfe8ff-ee14-4069-859d-cb76fc135b9a"}}, {"type": "Feature", "geometry": {"type": "Point", "coordinates": [105.351411, 20.078797]}, "properties": {"ma": "H56.TL0024.HC001", "ten": "Hồ Cống Khê", "loai": "Hồ chứa", "nam_xd": "1983", "vung": "Bắc Trung Bộ", "tinh": "38", "don_vi": "Đang cập nhật", "luu_vuc": "Sông Mã", "flv_km2": 18.0, "w_huu_ich": 4.0, "w_toanbo": 4.0, "mndbt": 89.0, "mndgc": 91.0, "mnc": 78.0, "dt_tuoi": 494.0, "ma_api": "aa1208a3-be67-46b7-bcf1-e36c38853f57"}}, {"type": "Feature", "geometry": {"type": "Point", "coordinates": [106.029392, 22.455178]}, "properties": {"ma": "H03.TL0001.HC001", "ten": "Hồ Bản Chang", "loai": "Hồ chứa", "vung": "MN phía Bắc", "tinh": "06", "don_vi": "Công ty KTCTTL Bắc Kạn", "luu_vuc": "Sông Bằng Giang - Kỳ Cùng", "flv_km2": 6.06, "w_huu_ich": 1.7, "w_toanbo": 1.7216, "mndbt": 596.25, "mndgc": 0.0, "mnc": 587.9, "dt_tuoi": 0.0}}, {"type": "Feature", "geometry": {"type": "Point", "coordinates": [105.519119, 20.209694]}, "properties": {"ma": "H56.TL0032.HC001", "ten": "Hồ Thung Bằng", "loai": "Hồ chứa", "nam_xd": "1976", "vung": "Bắc Trung Bộ", "tinh": "38", "don_vi": "Đang cập nhật", "luu_vuc": "Sông Mã", "flv_km2": 13.0, "w_huu_ich": 3.0, "w_toanbo": 3.0, "mndbt": 46.0, "mndgc": 48.0, "mnc": 36.0, "dt_tuoi": 471.0, "ma_api": "a7058808-f244-4875-a303-5e30b9733537"}}, {"type": "Feature", "geometry": {"type": "Point", "coordinates": [105.508153, 20.278853]}, "properties": {"ma": "H56.TL0012.HC001", "ten": "Hồ Đồng Múc", "loai": "Hồ chứa", "nam_xd": "1974", "vung": "Bắc Trung Bộ", "tinh": "38", "don_vi": "Đang cập nhật", "luu_vuc": "Sông Mã", "flv_km2": 4.0, "w_huu_ich": 1.0, "w_toanbo": 1.0, "mndbt": 72.0, "mndgc": 73.0, "mnc": 58.0, "dt_tuoi": 150.0, "ma_api": "ac52abbd-0961-4aa6-b6ff-6a9dd66d14a8"}}, {"type": "Feature", "geometry": {"type": "Point", "coordinates": [105.318281, 20.221733]}, "properties": {"ma": "H56.TL0023.HC001", "ten": "Hồ Duồng Cốc", "loai": "Hồ chứa", "nam_xd": "1965", "vung": "Bắc Trung Bộ", "tinh": "38", "don_vi": "Đang cập nhật", "luu_vuc": "Sông Mã", "flv_km2": 20.0, "w_huu_ich": 6.0, "w_toanbo": 6.0, "mndbt": 101.0, "mndgc": 103.0, "mnc": 88.0, "dt_tuoi": 758.0, "ma_api": "366960ac-94ff-4eda-9213-f071b75ad1fd"}}, {"type": "Feature", "geometry": {"type": "Point", "coordinates": [105.733747, 19.488317]}, "properties": {"ma": "H56.TL0007.HC001", "ten": "Hồ Hao Hao", "loai": "Hồ chứa", "nam_xd": "1972", "vung": "Bắc Trung Bộ", "tinh": "38", "don_vi": "Đang cập nhật", "luu_vuc": "Sông Yên", "flv_km2": 20.0, "w_huu_ich": 7.0, "w_toanbo": 7.0, "mndbt": 24.0, "mndgc": 27.0, "mnc": 14.0, "dt_tuoi": 722.0, "ma_api": "c5ae034a-4459-4637-8d6c-abeff9a3c6af"}}, {"type": "Feature", "geometry": {"type": "Point", "coordinates": [105.592444, 18.838028]}, "properties": {"ma": "H41.TL0006.HC001", "ten": "Hồ Khe Xiêm", "loai": "Hồ chứa", "nam_xd": "1977", "vung": "Bắc Trung Bộ", "tinh": "40", "don_vi": "Đang cập nhật", "luu_vuc": "Sông Cả", "flv_km2": 0.0, "w_huu_ich": 3.0, "w_toanbo": 3.0, "mndbt": 17.0, "mndgc": 18.0, "mnc": 12.0, "dt_tuoi": 210.0, "ma_api": "77c53ba3-016e-4b81-ae3e-bbacf05049be"}}, {"type": "Feature", "geometry": {"type": "Point", "coordinates": [105.718481, 20.136028]}, "properties": {"ma": "H56.TL0021.HC001", "ten": "Hồ Xóm Yên", "loai": "Hồ chứa", "nam_xd": "1969", "vung": "Bắc Trung Bộ", "tinh": "38", "don_vi": "Đang cập nhật", "luu_vuc": "Sông Mã", "flv_km2": 1.0, "w_huu_ich": 0.0, "w_toanbo": 0.0, "mndbt": 38.0, "mndgc": 42.0, "mnc": 33.0, "dt_tuoi": 30.0, "ma_api": "03c0604a-6520-44bd-8f24-266851f13688"}}, {"type": "Feature", "geometry": {"type": "Point", "coordinates": [105.541856, 18.798139]}, "properties": {"ma": "H41.TL0005.HC001", "ten": "Hồ Nghi Công", "loai": "Hồ chứa", "vung": "Bắc Trung Bộ", "tinh": "40", "don_vi": "Đang cập nhật", "luu_vuc": "Sông Cả", "flv_km2": 0.0, "w_huu_ich": 2.0, "w_toanbo": 3.0, "mndbt": 0.0, "mndgc": 0.0, "mnc": 0.0, "dt_tuoi": 112.0, "ma_api": "eb814bec-5804-422a-92a6-b6a11ec30be8"}}, {"type": "Feature", "geometry": {"type": "Point", "coordinates": [105.114444, 19.036944]}, "properties": {"ma": "H41.TL0023.HC001", "ten": "Hồ Khe Là", "loai": "Hồ chứa", "nam_xd": "2010", "vung": "Bắc Trung Bộ", "tinh": "40", "don_vi": "Đang cập nhật", "luu_vuc": "Sông Cả", "flv_km2": 10.0, "w_huu_ich": 2.0, "w_toanbo": 3.0, "mndbt": 37.0, "mndgc": 39.0, "mnc": 31.0, "dt_tuoi": 450.0, "ma_api": "6157253d-5262-4acb-9b66-6a8efe19692d"}}, {"type": "Feature", "geometry": {"type": "Point", "coordinates": [105.48725, 19.38525]}, "properties": {"ma": "H41.TL0026.HC001", "ten": "Hồ Sông Sào", "loai": "Hồ chứa", "nam_xd": "2005", "vung": "Bắc Trung Bộ", "tinh": "40", "don_vi": "Đang cập nhật", "luu_vuc": "Sông Cả", "flv_km2": 132.0, "w_huu_ich": 40.0, "w_toanbo": 51.0, "mndbt": 76.0, "mndgc": 77.0, "mnc": 68.0, "dt_tuoi": 0.0, "ma_api": "6b31e5ff-7d1b-4e42-9bce-a95cc4a79b88"}}, {"type": "Feature", "geometry": {"type": "Point", "coordinates": [105.538739, 19.758594]}, "properties": {"ma": "H56.TL0005.HC001", "ten": "Hồ Đồng Bể", "loai": "Hồ chứa", "nam_xd": "1981", "vung": "Bắc Trung Bộ", "tinh": "38", "don_vi": "Đang cập nhật", "luu_vuc": "Sông Mã", "flv_km2": 9.0, "w_huu_ich": 2.0, "w_toanbo": 2.0, "mndbt": 39.0, "mndgc": 40.0, "mnc": 34.0, "dt_tuoi": 255.0, "ma_api": "a622bd21-5c30-4194-b877-2696ef520fc7"}}, {"type": "Feature", "geometry": {"type": "Point", "coordinates": [105.645846, 19.273604]}, "properties": {"ma": "H41.TL0018.HC001", "ten": "Hồ Vực Mấu", "loai": "Hồ chứa", "nam_xd": "1978", "vung": "Bắc Trung Bộ", "tinh": "40", "don_vi": "Đang cập nhật", "luu_vuc": "Sông Hoàng Mai", "flv_km2": 0.0, "w_huu_ich": 64.0, "w_toanbo": 75.0, "mndbt": 21.0, "mndgc": 23.0, "mnc": 13.0, "dt_tuoi": 3431.0, "ma_api": "ff3beed9-3e82-4b47-b3b4-0a656e01e2af"}}, {"type": "Feature", "geometry": {"type": "Point", "coordinates": [105.476469, 18.384996]}, "properties": {"ma": "G10.TL0003.HC001", "ten": "Hồ Ngàn Trươi", "loai": "Hồ chứa", "nam_xd": "2009", "vung": "Bắc Trung Bộ", "tinh": "42", "don_vi": "Bộ NN&PTNT", "luu_vuc": "Sông Cả", "flv_km2": 408.0, "w_huu_ich": 704.0, "w_toanbo": 776.0, "mndbt": 52.0, "mndgc": 55.0, "mnc": 25.0, "dt_tuoi": 32334.0, "ma_api": "097b6e1c-86e6-45d9-a863-92cc9a9013c8"}}, {"type": "Feature", "geometry": {"type": "Point", "coordinates": [106.55412, 17.460625]}, "properties": {"ma": "H46.TL0009.HC001", "ten": "Hồ Phú Vinh", "loai": "Hồ chứa", "nam_xd": "1996", "vung": "Bắc Trung Bộ", "tinh": "44", "don_vi": "Công ty KTCTTL Quảng Bình", "luu_vuc": "Sông Nhật Lệ", "flv_km2": 38.0, "w_huu_ich": 19.0, "w_toanbo": 22.0, "mndbt": 22.0, "mndgc": 23.0, "mnc": 14.0, "dt_tuoi": 909.0, "ma_api": "c8b5cffc-5410-42d6-9eef-b8a8e8bc06fb"}}, {"type": "Feature", "geometry": {"type": "Point", "coordinates": [106.20112, 17.82437]}, "properties": {"ma": "H46.TL0001.HC001", "ten": "Hồ Minh Cầm (Bẹ)", "loai": "Hồ chứa", "nam_xd": "1968", "vung": "Bắc Trung Bộ", "tinh": "44", "don_vi": "Công ty KTCTTL Quảng Bình", "luu_vuc": "Sông Gianh", "flv_km2": 14.0, "w_huu_ich": 5.0, "w_toanbo": 6.0, "mndbt": 21.0, "mndgc": 21.0, "mnc": 10.0, "dt_tuoi": 534.0, "ma_api": "746acb72-86d9-43b3-9beb-a25dbe995ef8"}}, {"type": "Feature", "geometry": {"type": "Point", "coordinates": [106.625883, 17.275631]}, "properties": {"ma": "H46.TL0010.HC001", "ten": "Hồ Rào Đá", "loai": "Hồ chứa", "nam_xd": "2010", "vung": "Bắc Trung Bộ", "tinh": "44", "don_vi": "Công ty KTCTTL Quảng Bình", "luu_vuc": "Sông Nhật Lệ", "flv_km2": 94.0, "w_huu_ich": 78.0, "w_toanbo": 82.0, "mndbt": 30.0, "mndgc": 31.0, "mnc": 13.0, "dt_tuoi": 5905.0, "ma_api": "0d648177-c16e-487d-a18d-f539038af770"}}, {"type": "Feature", "geometry": {"type": "Point", "coordinates": [106.434868, 17.686118]}, "properties": {"ma": "H46.TL0015.HC001", "ten": "Hồ Vực Sanh", "loai": "Hồ chứa", "nam_xd": "1988", "vung": "Bắc Trung Bộ", "tinh": "44", "don_vi": "Công ty KTCTTL Quảng Bình", "luu_vuc": "Sông Gianh", "flv_km2": 5.0, "w_huu_ich": 3.0, "w_toanbo": 3.0, "mndbt": 17.0, "mndgc": 18.0, "mnc": 7.0, "dt_tuoi": 260.0, "ma_api": "5e742581-ecb1-430c-82a6-99227f6327af"}}, {"type": "Feature", "geometry": {"type": "Point", "coordinates": [106.586349, 17.401942]}, "properties": {"ma": "H46.TL0017.HC001", "ten": "Hồ Trốc Trâu", "loai": "Hồ chứa", "vung": "Bắc Trung Bộ", "tinh": "44", "don_vi": "Công ty KTCTTL Quảng Bình", "luu_vuc": "Sông Nhật Lệ", "flv_km2": 14.0, "w_huu_ich": 5.0, "w_toanbo": 6.0, "mndbt": 40.0, "mndgc": 46.0, "mnc": 1.0, "dt_tuoi": 500.0, "ma_api": "e6132f9d-e8ed-4e5d-b2a2-1abe64452643"}}, {"type": "Feature", "geometry": {"type": "Point", "coordinates": [106.7275, 17.172778]}, "properties": {"ma": "H46.TL0013.HC001", "ten": "Hồ Phú Hòa", "loai": "Hồ chứa", "nam_xd": "2000", "vung": "Bắc Trung Bộ", "tinh": "44", "don_vi": "Công ty KTCTTL Quảng Bình", "luu_vuc": "Sông Nhật Lệ", "flv_km2": 13.0, "w_huu_ich": 8.0, "w_toanbo": 9.0, "mndbt": 30.0, "mndgc": 31.0, "mnc": 18.0, "dt_tuoi": 512.0, "ma_api": "193bea51-c3fa-4e44-8787-50ee609924cd"}}, {"type": "Feature", "geometry": {"type": "Point", "coordinates": [107.019661, 16.958503]}, "properties": {"ma": "H50.TL0003.HC001", "ten": "Hồ Kinh Môn", "loai": "Hồ chứa", "nam_xd": "1935", "vung": "Bắc Trung Bộ", "tinh": "45", "don_vi": "Công ty KTCTTL Quảng Trị", "luu_vuc": "Sông Thạch Hãn", "flv_km2": 1.0, "w_huu_ich": 20.0, "w_toanbo": 22.0, "mndbt": 18.0, "mndgc": 20.0, "mnc": 7.0, "dt_tuoi": 0.0, "ma_api": "2485563d-a881-4e3d-91f4-9d1591e164a1"}}, {"type": "Feature", "geometry": {"type": "Point", "coordinates": [105.396139, 19.154253]}, "properties": {"ma": "H41.TL0027.HC001", "ten": "Hồ Khe Thần", "loai": "Hồ chứa", "nam_xd": "2003", "vung": "Bắc Trung Bộ", "tinh": "40", "don_vi": "Đang cập nhật", "luu_vuc": "Sông Hoàng Mai", "flv_km2": 12.0, "w_huu_ich": 2.0, "w_toanbo": 4.0, "mndbt": 109.0, "mndgc": 0.0, "mnc": 104.0, "dt_tuoi": 0.0, "ma_api": "4ef08602-0a4e-4921-a2b1-9c86194b0499"}}, {"type": "Feature", "geometry": {"type": "Point", "coordinates": [106.963858, 21.687094]}, "properties": {"ma": "H37.TL0001.HC001", "ten": "Hồ Nà Cáy", "loai": "Hồ chứa", "vung": "MN phía Bắc", "tinh": "20", "don_vi": "Công ty KTCTTL Lạng Sơn", "luu_vuc": "Sông Bằng Giang - Kỳ Cùng", "flv_km2": 19.2, "w_huu_ich": 4.6, "w_toanbo": 5.5, "mndbt": 317.5, "mndgc": 0.0, "mnc": 309.92, "dt_tuoi": 0.0}}, {"type": "Feature", "geometry": {"type": "Point", "coordinates": [107.006594, 21.708844]}, "properties": {"ma": "H37.TL0002.HC001", "ten": "Hồ Tà Keo", "loai": "Hồ chứa", "vung": "MN phía Bắc", "tinh": "20", "don_vi": "Công ty KTCTTL Lạng Sơn", "luu_vuc": "Sông Bằng Giang - Kỳ Cùng", "flv_km2": 37.0, "w_huu_ich": 13.9, "w_toanbo": 15.1, "mndbt": 336.2, "mndgc": 0.0, "mnc": 320.4, "dt_tuoi": 0.0}}, {"type": "Feature", "geometry": {"type": "Point", "coordinates": [106.345634, 17.820866]}, "properties": {"ma": "H46.TL0007.HC001", "ten": "Hồ Trung Thuần", "loai": "Hồ chứa", "nam_xd": "1984", "vung": "Bắc Trung Bộ", "tinh": "44", "don_vi": "Công ty KTCTTL Quảng Bình", "luu_vuc": "Sông Gianh", "flv_km2": 9.0, "w_huu_ich": 4.0, "w_toanbo": 4.0, "mndbt": 24.0, "mndgc": 26.0, "mnc": 14.0, "dt_tuoi": 166.0, "ma_api": "1ef56bd8-7520-45ec-b5d1-32620255e41c"}}, {"type": "Feature", "geometry": {"type": "Point", "coordinates": [106.373479, 17.880185]}, "properties": {"ma": "H46.TL0005.HC001", "ten": "Hồ Vực Tròn", "loai": "Hồ chứa", "nam_xd": "1984", "vung": "Bắc Trung Bộ", "tinh": "44", "don_vi": "Công ty KTCTTL Quảng Bình", "luu_vuc": "Sông Gianh", "flv_km2": 110.0, "w_huu_ich": 42.0, "w_toanbo": 53.0, "mndbt": 18.0, "mndgc": 22.0, "mnc": 11.0, "dt_tuoi": 2540.0, "ma_api": "b3acf9f3-5131-4820-8622-1f83e68b656f"}}, {"type": "Feature", "geometry": {"type": "Point", "coordinates": [107.053542, 16.909131]}, "properties": {"ma": "H50.TL0006.HC001", "ten": "Hồ Hà Thượng", "loai": "Hồ chứa", "nam_xd": "1977", "vung": "Bắc Trung Bộ", "tinh": "45", "don_vi": "Công ty KTCTTL Quảng Trị", "luu_vuc": "Sông Thạch Hãn", "flv_km2": 13.0, "w_huu_ich": 14.0, "w_toanbo": 15.0, "mndbt": 18.0, "mndgc": 20.0, "mnc": 10.0, "dt_tuoi": 0.0, "ma_api": "0e53a1ba-ea35-49c7-a0a7-d79fa57646cd"}}, {"type": "Feature", "geometry": {"type": "Point", "coordinates": [107.005189, 16.895681]}, "properties": {"ma": "H50.TL0013.HC001", "ten": "Hồ Phú Dụng", "loai": "Hồ chứa", "nam_xd": "2008", "vung": "Bắc Trung Bộ", "tinh": "45", "don_vi": "Công ty KTCTTL Quảng Trị", "luu_vuc": "Sông Thạch Hãn", "flv_km2": 2.0, "w_huu_ich": 0.0, "w_toanbo": 0.0, "mndbt": 27.0, "mndgc": 28.0, "mnc": 22.0, "dt_tuoi": 0.0, "ma_api": "a26a3ace-9534-43fa-9339-5b4abbb6037e"}}, {"type": "Feature", "geometry": {"type": "Point", "coordinates": [106.956169, 17.159497]}, "properties": {"ma": "G10.TL0030.HC001", "ten": "Hồ Bàu Nhum", "loai": "Hồ chứa", "nam_xd": "1959", "vung": "Bắc Trung Bộ", "tinh": "44", "don_vi": "Bộ NN&PTNT", "luu_vuc": "Sông Thạch Hãn", "flv_km2": 4.0, "w_huu_ich": 4.0, "w_toanbo": 7.0, "mndbt": 17.0, "mndgc": 18.0, "mnc": 13.0, "dt_tuoi": 0.0}}, {"type": "Feature", "geometry": {"type": "Point", "coordinates": [106.9277, 17.060547]}, "properties": {"ma": "H50.TL0002.HC001", "ten": "Hồ Bảo Đài", "loai": "Hồ chứa", "nam_xd": "1996", "vung": "Bắc Trung Bộ", "tinh": "45", "don_vi": "Công ty KTCTTL Quảng Trị", "luu_vuc": "Sông Thạch Hãn", "flv_km2": 29.0, "w_huu_ich": 24.0, "w_toanbo": 26.0, "mndbt": 19.0, "mndgc": 20.0, "mnc": 11.0, "dt_tuoi": 0.0, "ma_api": "1d16dfc6-0cd6-426e-876b-c515c44638d2"}}, {"type": "Feature", "geometry": {"type": "Point", "coordinates": [107.080719, 16.813011]}, "properties": {"ma": "H50.TL0014.HC001", "ten": "Hồ Khe Mây", "loai": "Hồ chứa", "nam_xd": "1980", "vung": "Bắc Trung Bộ", "tinh": "45", "don_vi": "Công ty KTCTTL Quảng Trị", "luu_vuc": "Sông Thạch Hãn", "flv_km2": 6.0, "w_huu_ich": 2.0, "w_toanbo": 2.0, "mndbt": 10.0, "mndgc": 10.0, "mnc": 6.0, "dt_tuoi": 0.0, "ma_api": "16cbd55b-9dc2-4b57-bce3-6987b73a9dde"}}, {"type": "Feature", "geometry": {"type": "Point", "coordinates": [107.763302, 10.910037]}, "properties": {"ma": "H11.TL0013.HC001", "ten": "Hồ Sông Phan", "loai": "Hồ chứa", "vung": "Nam Trung Bộ", "tinh": "60", "don_vi": "Công ty KTCTTL Bình Thuận", "luu_vuc": "Sông nhỏ", "flv_km2": 94.0, "w_huu_ich": 2.0, "w_toanbo": 2.2, "mndbt": 70.0, "mndgc": 71.0, "mnc": 61.4, "dt_tuoi": 420.0, "ma_api": "1878fc3d-eb7e-409e-ac1d-5f71970bee5f"}}, {"type": "Feature", "geometry": {"type": "Point", "coordinates": [107.3498, 11.6249]}, "properties": {"ma": "H36.TL0001.HC001", "ten": "Hồ Đắk Lô", "loai": "Hồ chứa", "nam_xd": "2003", "vung": "Tây Nguyên", "tinh": "68", "don_vi": "Trung tâm QLKT Lâm Đồng", "luu_vuc": "Sông Đồng Nai", "flv_km2": 0.0, "w_huu_ich": 13.6, "w_toanbo": 13.6, "mndbt": 148.8, "mndgc": 150.0, "mnc": 141.5, "dt_tuoi": 960.0, "ma_api": "d824f8bf-a1e0-4d92-8903-a2087f9a9014"}}, {"type": "Feature", "geometry": {"type": "Point", "coordinates": [107.549538, 11.398785]}, "properties": {"ma": "H36.TL0012.HC001", "ten": "Hồ Đạ Li Ông", "loai": "Hồ chứa", "nam_xd": "2006", "vung": "Tây Nguyên", "tinh": "68", "don_vi": "Trung tâm QLKT Lâm Đồng", "luu_vuc": "Sông Đồng Nai", "flv_km2": 1.2, "w_huu_ich": 1.2, "w_toanbo": 1.2, "mndbt": 77.9, "mndgc": 79.7, "mnc": 65.8, "dt_tuoi": 167.0, "ma_api": "ecd0ee1b-cd7c-444a-a7c8-0b81af4d78d8"}}, {"type": "Feature", "geometry": {"type": "Point", "coordinates": [106.888244, 21.006019]}, "properties": {"ma": "H49.TL0001.HC001", "ten": "Hồ Yên Lập", "loai": "Hồ chứa", "vung": "ĐB Sông Hồng", "tinh": "22", "don_vi": "Đang cập nhật", "luu_vuc": "Sông Bạch Đằng - sông Cấm", "flv_km2": 182.6, "w_huu_ich": 118.0, "w_toanbo": 127.5, "mndbt": 29.5, "mndgc": 0.0, "mnc": 11.5, "dt_tuoi": 8320.0, "ma_api": "6dfcd4b1-130e-44bf-bb90-81bc9cb680c1"}}, {"type": "Feature", "geometry": {"type": "Point", "coordinates": [106.445278, 21.376667]}, "properties": {"ma": "H02.TL0018.HC001", "ten": "Hồ Suối Nứa", "loai": "Hồ chứa", "vung": "ĐB Sông Hồng", "tinh": "24", "don_vi": "Công ty KTCTTL Bắc Giang", "luu_vuc": "Sông Thương", "flv_km2": 0.0, "w_huu_ich": 4.6, "w_toanbo": 4.565, "mndbt": 0.0, "mndgc": 0.0, "mnc": 0.0, "dt_tuoi": 1070.0, "ma_api": "977e5b20-b9ab-4c22-8e8e-7527fbd315e8"}}, {"type": "Feature", "geometry": {"type": "Point", "coordinates": [108.6638, 11.3016]}, "properties": {"ma": "H11.TL0003.HC001", "ten": "Hồ Lòng Sông", "loai": "Hồ chứa", "vung": "Nam Trung Bộ", "tinh": "60", "don_vi": "Công ty KTCTTL Bình Thuận", "luu_vuc": "Sông nhỏ", "flv_km2": 394.0, "w_huu_ich": 33.7, "w_toanbo": 37.2, "mndbt": 77.0, "mndgc": 78.2, "mnc": 54.0, "dt_tuoi": 4200.0, "ma_api": "49cd5aef-00af-4a92-9fb3-33485942da46"}}, {"type": "Feature", "geometry": {"type": "Point", "coordinates": [107.8775, 10.866]}, "properties": {"ma": "H11.TL0016.HC001", "ten": "Hồ Tân Lập", "loai": "Hồ chứa", "nam_xd": "1990", "vung": "Nam Trung Bộ", "tinh": "60", "don_vi": "Công ty KTCTTL Bình Thuận", "luu_vuc": "Sông nhỏ", "flv_km2": 16.0, "w_huu_ich": 1.0, "w_toanbo": 1.1, "mndbt": 44.3, "mndgc": 45.3, "mnc": 38.5, "dt_tuoi": 140.0, "ma_api": "b861480d-85d0-45e6-9210-f2cc77936f2d"}}, {"type": "Feature", "geometry": {"type": "Point", "coordinates": [107.911759, 10.902185]}, "properties": {"ma": "H11.TL0012.HC001", "ten": "Hồ Đu Đủ", "loai": "Hồ chứa", "nam_xd": "2004", "vung": "Nam Trung Bộ", "tinh": "60", "don_vi": "Công ty KTCTTL Bình Thuận", "luu_vuc": "Sông Cái Phan Thiết", "flv_km2": 13.9, "w_huu_ich": 3.4, "w_toanbo": 3.7, "mndbt": 61.0, "mndgc": 62.3, "mnc": 55.8, "dt_tuoi": 410.0, "ma_api": "18036b88-24f3-4e11-9241-49b581cd0000"}}, {"type": "Feature", "geometry": {"type": "Point", "coordinates": [106.672148, 21.406589]}, "properties": {"ma": "H02.TL0012.HC001", "ten": "Hồ Trại Muối", "loai": "Hồ chứa", "vung": "ĐB Sông Hồng", "tinh": "24", "don_vi": "Công ty KTCTTL Bắc Giang", "luu_vuc": "Sông Thương", "flv_km2": 0.0, "w_huu_ich": 1.4, "w_toanbo": 1.761, "mndbt": 46.9, "mndgc": 0.0, "mnc": 37.3, "dt_tuoi": 500.0, "ma_api": "c641d350-dc70-4693-b578-67a5b4c566fc"}}, {"type": "Feature", "geometry": {"type": "Point", "coordinates": [105.404514, 20.136281]}, "properties": {"ma": "H56.TL0028.HC001", "ten": "Hồ Trung Tọa", "loai": "Hồ chứa", "nam_xd": "1973", "vung": "Bắc Trung Bộ", "tinh": "38", "don_vi": "Đang cập nhật", "luu_vuc": "Sông Mã", "flv_km2": 5.0, "w_huu_ich": 0.0, "w_toanbo": 0.0, "mndbt": 64.0, "mndgc": 65.0, "mnc": 58.0, "dt_tuoi": 75.0, "ma_api": "4e3eac91-923f-4a83-a4f2-5c7ac3a16499"}}, {"type": "Feature", "geometry": {"type": "Point", "coordinates": [106.467736, 22.239625]}, "properties": {"ma": "H37.TL0003.HC001", "ten": "Hồ Thẩm Luông", "loai": "Hồ chứa", "vung": "MN phía Bắc", "tinh": "20", "don_vi": "Công ty KTCTTL Lạng Sơn", "luu_vuc": "Sông Bằng Giang - Kỳ Cùng", "flv_km2": 0.0, "w_huu_ich": 1.0, "w_toanbo": 0.0, "mndbt": 0.0, "mndgc": 0.0, "mnc": 0.0, "dt_tuoi": 0.0}}, {"type": "Feature", "geometry": {"type": "Point", "coordinates": [106.745964, 21.900444]}, "properties": {"ma": "H37.TL0004.HC001", "ten": "Hồ Nà Tâm", "loai": "Hồ chứa", "vung": "MN phía Bắc", "tinh": "20", "don_vi": "Công ty KTCTTL Lạng Sơn", "luu_vuc": "Sông Bằng Giang - Kỳ Cùng", "flv_km2": 4.27, "w_huu_ich": 1.9, "w_toanbo": 2.15, "mndbt": 297.8, "mndgc": 0.0, "mnc": 287.5, "dt_tuoi": 0.0}}, {"type": "Feature", "geometry": {"type": "Point", "coordinates": [108.182, 15.6834]}, "properties": {"ma": "H47.TL0009.HC001", "ten": "Hồ Hố Giang", "loai": "Hồ chứa", "vung": "Nam Trung Bộ", "tinh": "49", "don_vi": "Công ty KTCTTL Quảng Nam", "luu_vuc": "Sông Vu Gia-Thu Bồn", "flv_km2": 8.1, "w_huu_ich": 4.8, "w_toanbo": 5.1, "mndbt": 64.2, "mndgc": 65.5, "mnc": 52.5, "dt_tuoi": 330.0, "ma_api": "de074c84-3f35-4d32-abd9-aeeb53424f72"}}, {"type": "Feature", "geometry": {"type": "Point", "coordinates": [108.736657, 15.238398]}, "properties": {"ma": "H48.TL0002.HC001", "ten": "Hồ Hố Quýt", "loai": "Hồ chứa", "nam_xd": "2010", "vung": "Nam Trung Bộ", "tinh": "51", "don_vi": "Công ty KTCTTL Quảng Ngãi", "luu_vuc": "Sông Trà Bồng-Trà Khúc", "flv_km2": 1.8, "w_huu_ich": 0.9, "w_toanbo": 1.0, "mndbt": 35.2, "mndgc": 36.7, "mnc": 24.5, "dt_tuoi": 60.0, "ma_api": "15ab65e0-e49d-4363-b6e3-678a375df998"}}, {"type": "Feature", "geometry": {"type": "Point", "coordinates": [108.57801, 15.228846]}, "properties": {"ma": "H48.TL0001.HC001", "ten": "Hồ Vực Thành", "loai": "Hồ chứa", "nam_xd": "2011", "vung": "Nam Trung Bộ", "tinh": "51", "don_vi": "Công ty KTCTTL Quảng Ngãi", "luu_vuc": "Sông Trà Bồng-Trà Khúc", "flv_km2": 6.8, "w_huu_ich": 0.4, "w_toanbo": 0.6, "mndbt": 92.6, "mndgc": 95.9, "mnc": 86.0, "dt_tuoi": 162.0, "ma_api": "04789867-f5da-48a9-bfce-85c37a987699"}}, {"type": "Feature", "geometry": {"type": "Point", "coordinates": [107.929, 11.6572]}, "properties": {"ma": "H36.TL0004.HC001", "ten": "Hồ Đắk Lông Thượng", "loai": "Hồ chứa", "nam_xd": "2006", "vung": "Tây Nguyên", "tinh": "68", "don_vi": "Trung tâm QLKT Lâm Đồng", "luu_vuc": "Sông Đồng Nai", "flv_km2": 11.7, "w_huu_ich": 10.7, "w_toanbo": 11.7, "mndbt": 904.1, "mndgc": 905.7, "mnc": 884.0, "dt_tuoi": 345.0, "ma_api": "6060a7a2-24b1-42ff-ae0a-7162e4f92d8c"}}, {"type": "Feature", "geometry": {"type": "Point", "coordinates": [108.7746, 14.1558]}, "properties": {"ma": "H08.TL0001.HC001", "ten": "Hồ Định Bình", "loai": "Hồ chứa", "vung": "Nam Trung Bộ", "tinh": "52", "don_vi": "Công ty KTCTTL Bình Định", "luu_vuc": "Sông Kôn", "flv_km2": 1040.0, "w_huu_ich": 209.9, "w_toanbo": 226.1, "mndbt": 91.9, "mndgc": 93.3, "mnc": 65.0, "dt_tuoi": 27660.0, "ma_api": "a9c5a341-ddb6-4bcd-b633-36fcd6be11da"}}, {"type": "Feature", "geometry": {"type": "Point", "coordinates": [108.828839, 14.037612]}, "properties": {"ma": "H08.TL0008.HC001", "ten": "Hồ Hà Nhe", "loai": "Hồ chứa", "vung": "Nam Trung Bộ", "tinh": "52", "don_vi": "Công ty KTCTTL Bình Định", "luu_vuc": "Sông Kôn", "flv_km2": 10.0, "w_huu_ich": 3.7, "w_toanbo": 3.8, "mndbt": 68.9, "mndgc": 69.0, "mnc": 53.5, "dt_tuoi": 85.0, "ma_api": "241c8d50-20e4-4a99-88df-69c909ddd0d8"}}, {"type": "Feature", "geometry": {"type": "Point", "coordinates": [108.448, 11.7757]}, "properties": {"ma": "H36.TL0005.HC001", "ten": "Hồ Đạ Ròn", "loai": "Hồ chứa", "nam_xd": "1997", "vung": "Tây Nguyên", "tinh": "68", "don_vi": "Trung tâm QLKT Lâm Đồng", "luu_vuc": "Sông Đồng Nai", "flv_km2": 5.8, "w_huu_ich": 3.9, "w_toanbo": 5.8, "mndbt": 1057.6, "mndgc": 1058.5, "mnc": 1053.5, "dt_tuoi": 550.0, "ma_api": "df5f067b-962c-44dd-a127-45c4020bb652"}}, {"type": "Feature", "geometry": {"type": "Point", "coordinates": [107.873644, 14.032699]}, "properties": {"ma": "H21.TL0002.HC001", "ten": "Hồ Ia Hrung", "loai": "Hồ chứa", "vung": "Tây Nguyên", "tinh": "64", "don_vi": "Công ty KTCTTL Gia Lai", "luu_vuc": "Sông Sê San", "flv_km2": 18.0, "w_huu_ich": 1.6, "w_toanbo": 2.1, "mndbt": 629.7, "mndgc": 630.6, "mnc": 622.5, "dt_tuoi": 500.0, "ma_api": "bfadaa78-730e-47e3-9319-62ce468659a6"}}, {"type": "Feature", "geometry": {"type": "Point", "coordinates": [109.1367, 12.6817]}, "properties": {"ma": "H32.TL0010.HC001", "ten": "Hồ Đá Đen", "loai": "Hồ chứa", "vung": "Nam Trung Bộ", "tinh": "56", "don_vi": "Công ty KTCTTL Khánh Hòa", "luu_vuc": "Sông nhỏ", "flv_km2": 11.5, "w_huu_ich": 3.3, "w_toanbo": 3.4, "mndbt": 42.5, "mndgc": 43.1, "mnc": 31.0, "dt_tuoi": 470.0, "ma_api": "5b3c6a2c-1ea9-4ea8-9d7e-7a095c01ec8f"}}, {"type": "Feature", "geometry": {"type": "Point", "coordinates": [109.1637, 11.6857]}, "properties": {"ma": "H43.TL0007.HC001", "ten": "Hồ Nước Ngọt", "loai": "Hồ chứa", "vung": "Nam Trung Bộ", "tinh": "58", "don_vi": "Công ty KTCTTL Ninh Thuận", "luu_vuc": "Sông nhỏ", "flv_km2": 30.3, "w_huu_ich": 1.6, "w_toanbo": 1.8, "mndbt": 58.8, "mndgc": 0.0, "mnc": 50.6, "dt_tuoi": 300.0, "ma_api": "f1745767-8da1-4fcf-b145-c993f528ab13"}}, {"type": "Feature", "geometry": {"type": "Point", "coordinates": [107.7431, 13.5008]}, "properties": {"ma": "G10.TL0007.HC001", "ten": "Hồ Ia Mơr", "loai": "Hồ chứa", "nam_xd": "2019", "vung": "Tây Nguyên", "tinh": "64", "don_vi": "Bộ NN&PTNT", "luu_vuc": "Sông Srêpôk", "flv_km2": 0.0, "w_huu_ich": 162.5, "w_toanbo": 177.8, "mndbt": 0.0, "mndgc": 0.0, "mnc": 0.0, "dt_tuoi": 12500.0, "ma_api": "e6c37d63-e3cc-4890-8d98-2a33018b05c4"}}, {"type": "Feature", "geometry": {"type": "Point", "coordinates": [107.467787, 11.456437]}, "properties": {"ma": "H36.TL0015.HC001", "ten": "Hồ Thôn 10 Đạ Kho", "loai": "Hồ chứa", "nam_xd": "2007", "vung": "Tây Nguyên", "tinh": "68", "don_vi": "Trung tâm QLKT Lâm Đồng", "luu_vuc": "Sông Đồng Nai", "flv_km2": 2.3, "w_huu_ich": 2.3, "w_toanbo": 2.3, "mndbt": 142.7, "mndgc": 0.0, "mnc": 134.0, "dt_tuoi": 249.0, "ma_api": "714631c6-92ba-4de5-bc73-4ddbd6e0c3d2"}}, {"type": "Feature", "geometry": {"type": "Point", "coordinates": [108.7747, 11.8717]}, "properties": {"ma": "H43.TL0027.HC001", "ten": "Hồ Sông Cái", "loai": "Hồ chứa", "nam_xd": "2016", "vung": "Nam Trung Bộ", "tinh": "58", "don_vi": "Công ty KTCTTL Ninh Thuận", "luu_vuc": "Sông Cái Phan Rang", "flv_km2": 750.0, "w_huu_ich": 203.9, "w_toanbo": 219.0, "mndbt": 192.8, "mndgc": 0.0, "mnc": 163.5, "dt_tuoi": 6800.0, "ma_api": "598c21b0-5074-4077-a74c-9994a5964f76"}}, {"type": "Feature", "geometry": {"type": "Point", "coordinates": [108.8432, 11.741]}, "properties": {"ma": "H43.TL0004.HC001", "ten": "Hồ Cho Mo", "loai": "Hồ chứa", "vung": "Nam Trung Bộ", "tinh": "58", "don_vi": "Công ty KTCTTL Ninh Thuận", "luu_vuc": "Sông Cái Phan Rang", "flv_km2": 77.0, "w_huu_ich": 8.1, "w_toanbo": 8.8, "mndbt": 118.7, "mndgc": 0.0, "mnc": 108.2, "dt_tuoi": 1242.0, "ma_api": "351ca2f8-d2f8-4fb8-b7e8-c96617c58f29"}}, {"type": "Feature", "geometry": {"type": "Point", "coordinates": [107.436374, 10.927531]}, "properties": {"ma": "H19.TL0003.HC001", "ten": "Hồ Núi Le", "loai": "Hồ chứa", "nam_xd": "1988", "vung": "Đông Nam Bộ", "tinh": "75", "don_vi": "Công ty KTCTTL Đồng Nai", "luu_vuc": "Sông Đồng Nai", "flv_km2": 15.74, "w_huu_ich": 3.2, "w_toanbo": 3.54, "mndbt": 134.75, "mndgc": 135.85, "mnc": 129.25, "dt_tuoi": 400.0, "ma_api": "d1845ab9-191f-42c1-ac92-ef23fe8ce9fb"}}, {"type": "Feature", "geometry": {"type": "Point", "coordinates": [107.80424, 10.866005]}, "properties": {"ma": "H11.TL0017.HC001", "ten": "Hồ Tà Mon", "loai": "Hồ chứa", "vung": "Nam Trung Bộ", "tinh": "60", "don_vi": "Công ty KTCTTL Bình Thuận", "luu_vuc": "Sông nhỏ", "flv_km2": 25.0, "w_huu_ich": 0.6, "w_toanbo": 0.7, "mndbt": 46.0, "mndgc": 47.0, "mnc": 42.5, "dt_tuoi": 108.0, "ma_api": "9f4a9d91-4a86-43e2-ba27-a68b21048476"}}, {"type": "Feature", "geometry": {"type": "Point", "coordinates": [106.183175, 22.645956]}, "properties": {"ma": "H14.TL0001.HC001", "ten": "Hồ Khuổi lái", "loai": "Hồ chứa", "vung": "MN phía Bắc", "tinh": "04", "don_vi": "Công ty KTCTTL Cao Bằng", "luu_vuc": "Sông Bằng Giang - Kỳ Cùng", "flv_km2": 16.7, "w_huu_ich": 2.6, "w_toanbo": 2.935, "mndbt": 76.4, "mndgc": 0.0, "mnc": 64.5, "dt_tuoi": 0.0}}, {"type": "Feature", "geometry": {"type": "Point", "coordinates": [107.4921, 11.0744]}, "properties": {"ma": "H11.TL0011.HC001", "ten": "Hồ Trà Tân", "loai": "Hồ chứa", "vung": "Nam Trung Bộ", "tinh": "60", "don_vi": "Công ty KTCTTL Bình Thuận", "luu_vuc": "Sông Đồng Nai", "flv_km2": 27.0, "w_huu_ich": 3.1, "w_toanbo": 3.9, "mndbt": 95.3, "mndgc": 96.1, "mnc": 92.5, "dt_tuoi": 610.0, "ma_api": "3876503f-b98f-4137-a677-c7c476a7d654"}}, {"type": "Feature", "geometry": {"type": "Point", "coordinates": [106.495328, 22.265086]}, "properties": {"ma": "H37.TL0005.HC001", "ten": "Hồ Nà Chào", "loai": "Hồ chứa", "vung": "MN phía Bắc", "tinh": "20", "don_vi": "Công ty KTCTTL Lạng Sơn", "luu_vuc": "Sông Bằng Giang - Kỳ Cùng", "flv_km2": 8.0, "w_huu_ich": 2.3, "w_toanbo": 2.335, "mndbt": 89.7, "mndgc": 0.0, "mnc": 73.5, "dt_tuoi": 0.0}}, {"type": "Feature", "geometry": {"type": "Point", "coordinates": [106.366981, 21.969467]}, "properties": {"ma": "H37.TL0006.HC001", "ten": "Hồ Phai Danh", "loai": "Hồ chứa", "vung": "MN phía Bắc", "tinh": "20", "don_vi": "Công ty KTCTTL Lạng Sơn", "luu_vuc": "Sông Bằng Giang - Kỳ Cùng", "flv_km2": 5.6, "w_huu_ich": 2.2, "w_toanbo": 2.274, "mndbt": 416.3, "mndgc": 0.0, "mnc": 401.5, "dt_tuoi": 0.0}}, {"type": "Feature", "geometry": {"type": "Point", "coordinates": [108.4544, 12.6623]}, "properties": {"ma": "H15.TL0020.HC001", "ten": "Hồ Vụ Bổn", "loai": "Hồ chứa", "vung": "Tây Nguyên", "tinh": "66", "don_vi": "Công ty KTCTTL Đắk Lắk", "luu_vuc": "Sông Srêpôk", "flv_km2": 13.0, "w_huu_ich": 3.6, "w_toanbo": 5.0, "mndbt": 448.0, "mndgc": 0.0, "mnc": 445.0, "dt_tuoi": 440.0, "ma_api": "d4d5842d-a12d-40fa-b037-065dd6ab4a3c"}}, {"type": "Feature", "geometry": {"type": "Point", "coordinates": [107.8299, 11.6085]}, "properties": {"ma": "H36.TL0003.HC001", "ten": "Hồ Lộc Thắng", "loai": "Hồ chứa", "nam_xd": "1998", "vung": "Tây Nguyên", "tinh": "68", "don_vi": "Trung tâm QLKT Lâm Đồng", "luu_vuc": "Sông Đồng Nai", "flv_km2": 5.5, "w_huu_ich": 5.5, "w_toanbo": 5.5, "mndbt": 834.6, "mndgc": 836.1, "mnc": 833.9, "dt_tuoi": 600.0, "ma_api": "064298b0-34dd-4759-82f0-2140dca7ed3e"}}, {"type": "Feature", "geometry": {"type": "Point", "coordinates": [106.188167, 22.73285]}, "properties": {"ma": "H14.TL0002.HC001", "ten": "Hồ Nà Tấu", "loai": "Hồ chứa", "vung": "MN phía Bắc", "tinh": "04", "don_vi": "Công ty KTCTTL Cao Bằng", "luu_vuc": "Sông Bằng Giang - Kỳ Cùng", "flv_km2": 3.94, "w_huu_ich": 2.4, "w_toanbo": 2.46, "mndbt": 114.63, "mndgc": 0.0, "mnc": 101.7, "dt_tuoi": 0.0}}, {"type": "Feature", "geometry": {"type": "Point", "coordinates": [107.4535, 11.539]}, "properties": {"ma": "H36.TL0013.HC001", "ten": "Hồ Đạ Hàm", "loai": "Hồ chứa", "nam_xd": "2004", "vung": "Tây Nguyên", "tinh": "68", "don_vi": "Trung tâm QLKT Lâm Đồng", "luu_vuc": "Sông Đồng Nai", "flv_km2": 6.4, "w_huu_ich": 5.0, "w_toanbo": 6.4, "mndbt": 142.7, "mndgc": 143.5, "mnc": 138.4, "dt_tuoi": 425.0, "ma_api": "1e42adb1-7417-451e-a595-895f73d297dd"}}, {"type": "Feature", "geometry": {"type": "Point", "coordinates": [105.70317, 21.323968]}, "properties": {"ma": "G10.TL0015.HC001", "ten": "Hồ Đại Lải", "loai": "Hồ chứa", "vung": "ĐB Sông Hồng", "tinh": "26", "don_vi": "Bộ NN&PTNT", "luu_vuc": "Sông Cà Lồ - Ngũ Huyện Khê", "flv_km2": 60.1, "w_huu_ich": 25.9, "w_toanbo": 33.2, "mndbt": 21.5, "mndgc": 0.0, "mnc": 14.3, "dt_tuoi": 2900.0}}, {"type": "Feature", "geometry": {"type": "Point", "coordinates": [108.257527, 13.58195]}, "properties": {"ma": "H21.TL0005.HC001", "ten": "Hồ Ayun Hạ", "loai": "Hồ chứa", "vung": "Tây Nguyên", "tinh": "64", "don_vi": "Công ty KTCTTL Gia Lai", "luu_vuc": "Sông Ba", "flv_km2": 1670.0, "w_huu_ich": 201.0, "w_toanbo": 253.0, "mndbt": 204.0, "mndgc": 209.9, "mnc": 195.0, "dt_tuoi": 13500.0, "ma_api": "2a987696-d5c1-42bf-9fb9-ea3272ea0280"}}, {"type": "Feature", "geometry": {"type": "Point", "coordinates": [107.466952, 10.911621]}, "properties": {"ma": "H19.TL0002.HC001", "ten": "Hồ Gia Ui", "loai": "Hồ chứa", "nam_xd": "1998", "vung": "Đông Nam Bộ", "tinh": "75", "don_vi": "Công ty KTCTTL Đồng Nai", "luu_vuc": "Sông Đồng Nai", "flv_km2": 17.7, "w_huu_ich": 9.27, "w_toanbo": 11.27, "mndbt": 118.59, "mndgc": 120.35, "mnc": 112.39, "dt_tuoi": 680.0, "ma_api": "821d42d2-64b1-411c-bdc8-6a9e0ee22d0b"}}, {"type": "Feature", "geometry": {"type": "Point", "coordinates": [106.989945, 10.989395]}, "properties": {"ma": "H19.TL0007.HC001", "ten": "Hồ Sông Mây", "loai": "Hồ chứa", "nam_xd": "1981", "vung": "Đông Nam Bộ", "tinh": "75", "don_vi": "Công ty KTCTTL Đồng Nai", "luu_vuc": "Sông Đồng Nai", "flv_km2": 41.0, "w_huu_ich": 13.56, "w_toanbo": 13.75, "mndbt": 24.5, "mndgc": 25.66, "mnc": 17.0, "dt_tuoi": 1100.0, "ma_api": "86b3c33b-63f4-4d3a-b949-fb7597997883"}}, {"type": "Feature", "geometry": {"type": "Point", "coordinates": [107.895625, 13.756852]}, "properties": {"ma": "H21.TL0015.HC001", "ten": "Hồ TT Chư Prông", "loai": "Hồ chứa", "vung": "Tây Nguyên", "tinh": "64", "don_vi": "Công ty KTCTTL Gia Lai", "luu_vuc": "Sông Srêpôk", "flv_km2": 15.0, "w_huu_ich": 3.8, "w_toanbo": 4.1, "mndbt": 474.1, "mndgc": 0.0, "mnc": 461.5, "dt_tuoi": 600.0, "ma_api": "0bfd20b7-f4ff-411e-8771-b3b9e139c9a4"}}, {"type": "Feature", "geometry": {"type": "Point", "coordinates": [108.016774, 13.819351]}, "properties": {"ma": "H21.TL0006.HC001", "ten": "Hồ Ia Ring", "loai": "Hồ chứa", "vung": "Tây Nguyên", "tinh": "64", "don_vi": "Công ty KTCTTL Gia Lai", "luu_vuc": "Sông Ba", "flv_km2": 24.0, "w_huu_ich": 10.2, "w_toanbo": 10.8, "mndbt": 689.4, "mndgc": 690.3, "mnc": 671.5, "dt_tuoi": 1645.0, "ma_api": "755ac265-a9e7-4eac-aa0e-00f4a85ebf59"}}, {"type": "Feature", "geometry": {"type": "Point", "coordinates": [107.292514, 10.842024]}, "properties": {"ma": "H19.TL0001.HC001", "ten": "Hồ Suối Vọng", "loai": "Hồ chứa", "nam_xd": "1987", "vung": "Đông Nam Bộ", "tinh": "75", "don_vi": "Công ty KTCTTL Đồng Nai", "luu_vuc": "Sông Đồng Nai", "flv_km2": 17.7, "w_huu_ich": 3.4, "w_toanbo": 4.35, "mndbt": 182.2, "mndgc": 182.83, "mnc": 171.5, "dt_tuoi": 300.0, "ma_api": "7c563a9e-b6eb-4160-bcc9-da843a52b3a0"}}, {"type": "Feature", "geometry": {"type": "Point", "coordinates": [106.805083, 11.392915]}, "properties": {"ma": "G10.TL0020.HC001", "ten": "Hồ Suối Giai", "loai": "Hồ chứa", "nam_xd": "1995", "vung": "Đông Nam Bộ", "tinh": "70", "don_vi": "Bộ NN&PTNT", "luu_vuc": "Sông Đồng Nai", "flv_km2": 33.4, "w_huu_ich": 12.8, "w_toanbo": 21.3, "mndbt": 62.0, "mndgc": 63.1, "mnc": 58.0, "dt_tuoi": 700.0}}, {"type": "Feature", "geometry": {"type": "Point", "coordinates": [106.634597, 21.933642]}, "properties": {"ma": "H37.TL0007.HC001", "ten": "Hồ Nà Pàn", "loai": "Hồ chứa", "vung": "MN phía Bắc", "tinh": "20", "don_vi": "Công ty KTCTTL Lạng Sơn", "luu_vuc": "Sông Bằng Giang - Kỳ Cùng", "flv_km2": 5.6, "w_huu_ich": 0.7, "w_toanbo": 0.868, "mndbt": 80.0, "mndgc": 0.0, "mnc": 65.0, "dt_tuoi": 0.0}}, {"type": "Feature", "geometry": {"type": "Point", "coordinates": [106.944283, 21.664758]}, "properties": {"ma": "H37.TL0008.HC001", "ten": "Hồ Bản Chành", "loai": "Hồ chứa", "vung": "MN phía Bắc", "tinh": "20", "don_vi": "Công ty KTCTTL Lạng Sơn", "luu_vuc": "Sông Bằng Giang - Kỳ Cùng", "flv_km2": 11.2, "w_huu_ich": 2.0, "w_toanbo": 2.141, "mndbt": 323.0, "mndgc": 0.0, "mnc": 315.0, "dt_tuoi": 0.0}}, {"type": "Feature", "geometry": {"type": "Point", "coordinates": [106.345297, 21.839472]}, "properties": {"ma": "H37.TL0009.HC001", "ten": "Hồ Tam Hoa", "loai": "Hồ chứa", "vung": "MN phía Bắc", "tinh": "20", "don_vi": "Công ty KTCTTL Lạng Sơn", "luu_vuc": "Sông Bằng Giang - Kỳ Cùng", "flv_km2": 3.84, "w_huu_ich": 1.4, "w_toanbo": 1.615, "mndbt": 95.45, "mndgc": 0.0, "mnc": 87.17, "dt_tuoi": 0.0}}, {"type": "Feature", "geometry": {"type": "Point", "coordinates": [106.187083, 21.580358]}, "properties": {"ma": "H37.TL0010.HC001", "ten": "Hồ Đắp Đề", "loai": "Hồ chứa", "vung": "MN phía Bắc", "tinh": "20", "don_vi": "Công ty KTCTTL Lạng Sơn", "luu_vuc": "Sông Bằng Giang - Kỳ Cùng", "flv_km2": 4.0, "w_huu_ich": 1.1, "w_toanbo": 1.168, "mndbt": 95.0, "mndgc": 0.0, "mnc": 85.0, "dt_tuoi": 0.0}}, {"type": "Feature", "geometry": {"type": "Point", "coordinates": [106.448019, 21.472061]}, "properties": {"ma": "H37.TL0011.HC001", "ten": "Hồ Kai Hiển", "loai": "Hồ chứa", "vung": "MN phía Bắc", "tinh": "20", "don_vi": "Công ty KTCTTL Lạng Sơn", "luu_vuc": "Sông Bằng Giang - Kỳ Cùng", "flv_km2": 6.4, "w_huu_ich": 2.1, "w_toanbo": 2.138, "mndbt": 106.7, "mndgc": 0.0, "mnc": 92.2, "dt_tuoi": 0.0}}, {"type": "Feature", "geometry": {"type": "Point", "coordinates": [106.300617, 21.82175]}, "properties": {"ma": "H37.TL0012.HC001", "ten": "Hồ Vũ Lăng", "loai": "Hồ chứa", "vung": "MN phía Bắc", "tinh": "20", "don_vi": "Công ty KTCTTL Lạng Sơn", "luu_vuc": "Sông Bằng Giang - Kỳ Cùng", "flv_km2": 15.7, "w_huu_ich": 1.9, "w_toanbo": 2.0, "mndbt": 396.95, "mndgc": 0.0, "mnc": 381.15, "dt_tuoi": 0.0}}, {"type": "Feature", "geometry": {"type": "Point", "coordinates": [105.728492, 21.615905]}, "properties": {"ma": "H55.TL0005.HC001", "ten": "Hồ Phượng Hoàng", "loai": "Hồ chứa", "vung": "MN phía Bắc", "tinh": "19", "don_vi": "Công ty KTCTTL Thái Nguyên", "luu_vuc": "Sông Cầu", "flv_km2": 0.0, "w_huu_ich": 1.6, "w_toanbo": 1.68, "mndbt": 110.7, "mndgc": 0.0, "mnc": 97.5, "dt_tuoi": 0.0}}, {"type": "Feature", "geometry": {"type": "Point", "coordinates": [107.34375, 16.640794]}, "properties": {"ma": "H57.TL0010.HC001", "ten": "Hồ Thôn Niêm", "loai": "Hồ chứa", "nam_xd": "1958", "vung": "Bắc Trung Bộ", "tinh": "46", "don_vi": "Công ty KTCTTL Thừa Thiên Huế", "luu_vuc": "Sông Hương", "flv_km2": 8.0, "w_huu_ich": 1.0, "w_toanbo": 1.0, "mndbt": 3.0, "mndgc": 4.0, "mnc": 2.0, "dt_tuoi": 40.0, "ma_api": "218115f8-6e52-4b51-a28b-11914aa41fa0"}}, {"type": "Feature", "geometry": {"type": "Point", "coordinates": [105.379444, 21.16594]}, "properties": {"ma": "H26.TL0001.HC001", "ten": "Hồ Suối Hai", "loai": "Hồ chứa", "vung": "ĐB Sông Hồng", "tinh": "01", "don_vi": "Đang cập nhật", "luu_vuc": "Sông Tích - Nhuệ - Đáy", "flv_km2": 60.7, "w_huu_ich": 46.5, "w_toanbo": 46.854, "mndbt": 24.85, "mndgc": 0.0, "mnc": 15.2, "dt_tuoi": 0.0}}, {"type": "Feature", "geometry": {"type": "Point", "coordinates": [105.317581, 21.149865]}, "properties": {"ma": "H26.TL0002.HC001", "ten": "Hồ Mèo Gù", "loai": "Hồ chứa", "vung": "ĐB Sông Hồng", "tinh": "01", "don_vi": "Đang cập nhật", "luu_vuc": "Sông Tích - Nhuệ - Đáy", "flv_km2": 4.0, "w_huu_ich": 1.6, "w_toanbo": 1.81, "mndbt": 30.2, "mndgc": 0.0, "mnc": 22.5, "dt_tuoi": 0.0}}, {"type": "Feature", "geometry": {"type": "Point", "coordinates": [105.437873, 21.134815]}, "properties": {"ma": "H26.TL0004.HC001", "ten": "Hồ Xuân Khanh", "loai": "Hồ chứa", "vung": "ĐB Sông Hồng", "tinh": "01", "don_vi": "Đang cập nhật", "luu_vuc": "Sông Tích - Nhuệ - Đáy", "flv_km2": 3.5, "w_huu_ich": 5.6, "w_toanbo": 5.6, "mndbt": 19.3, "mndgc": 0.0, "mnc": 12.5, "dt_tuoi": 0.0}}, {"type": "Feature", "geometry": {"type": "Point", "coordinates": [105.588472, 20.846667]}, "properties": {"ma": "H26.TL0005.HC001", "ten": "Hồ Miễu", "loai": "Hồ chứa", "vung": "ĐB Sông Hồng", "tinh": "01", "don_vi": "Đang cập nhật", "luu_vuc": "Sông Tích - Nhuệ - Đáy", "flv_km2": 7.1, "w_huu_ich": 1.5, "w_toanbo": 2.5, "mndbt": 39.5, "mndgc": 0.0, "mnc": 33.0, "dt_tuoi": 362.004054}}, {"type": "Feature", "geometry": {"type": "Point", "coordinates": [105.614919, 20.847642]}, "properties": {"ma": "H26.TL0006.HC001", "ten": "Hồ Văn Sơn", "loai": "Hồ chứa", "vung": "ĐB Sông Hồng", "tinh": "01", "don_vi": "Đang cập nhật", "luu_vuc": "Sông Tích - Nhuệ - Đáy", "flv_km2": 10.1, "w_huu_ich": 5.0, "w_toanbo": 7.0, "mndbt": 19.5, "mndgc": 0.0, "mnc": 13.0, "dt_tuoi": 1013.611352}}, {"type": "Feature", "geometry": {"type": "Point", "coordinates": [107.93, 16.27]}, "properties": {"ma": "Đang cập nhật", "ten": "Hồ Thủy Yên", "loai": "Hồ chứa", "vung": "Bắc Trung Bộ", "tinh": "46", "don_vi": "Đang cập nhật", "luu_vuc": "Sông Hương", "dt_tuoi": 2022.0}}, {"type": "Feature", "geometry": {"type": "Point", "coordinates": [108.05, 12.8]}, "properties": {"ma": "Đang cập nhật", "ten": "Hồ Buôn Pốk", "loai": "Hồ chứa", "vung": "Tây Nguyên", "tinh": "67", "don_vi": "Đang cập nhật", "luu_vuc": "Sông Srêpôk", "dt_tuoi": 1045.0}}, {"type": "Feature", "geometry": {"type": "Point", "coordinates": [106.579911, 11.900423]}, "properties": {"ma": "H10.TL0024.HC001", "ten": "Hồ Lộc Thạnh", "loai": "Hồ chứa", "nam_xd": "2011", "vung": "Đông Nam Bộ", "tinh": "70", "don_vi": "Công ty KTCTTL Bình Phước", "luu_vuc": "Sông Đồng Nai", "flv_km2": 8.4, "w_huu_ich": 2.747, "w_toanbo": 2.957, "mndbt": 118.88, "mndgc": 120.16, "mnc": 109.63, "dt_tuoi": 100.0}}, {"type": "Feature", "geometry": {"type": "Point", "coordinates": [109.0897, 12.1018]}, "properties": {"ma": "H32.TL0004.HC001", "ten": "Hồ Cam Ranh", "loai": "Hồ chứa", "vung": "Nam Trung Bộ", "tinh": "56", "don_vi": "Công ty KTCTTL Khánh Hòa", "luu_vuc": "Sông nhỏ", "flv_km2": 59.4, "w_huu_ich": 19.4, "w_toanbo": 22.1, "mndbt": 32.0, "mndgc": 32.3, "mnc": 22.0, "dt_tuoi": 2300.0, "ma_api": "a9260079-223a-40cd-bfc8-59341ceb4da5"}}, {"type": "Feature", "geometry": {"type": "Point", "coordinates": [108.0378, 10.9881]}, "properties": {"ma": "H11.TL0015.HC001", "ten": "Hồ Cẩm Hang", "loai": "Hồ chứa", "vung": "Nam Trung Bộ", "tinh": "60", "don_vi": "Công ty KTCTTL Bình Thuận", "luu_vuc": "Sông Cái Phan Thiết", "flv_km2": 20.0, "w_huu_ich": 1.1, "w_toanbo": 1.2, "mndbt": 25.0, "mndgc": 25.5, "mnc": 21.0, "dt_tuoi": 327.0, "ma_api": "d4b9b495-1865-47c0-9a71-5e8d62bb48a1"}}, {"type": "Feature", "geometry": {"type": "Point", "coordinates": [108.0046, 14.057]}, "properties": {"ma": "H21.TL0001.HC001", "ten": "Hồ Biển Hồ", "loai": "Hồ chứa", "vung": "Tây Nguyên", "tinh": "64", "don_vi": "Công ty KTCTTL Gia Lai", "luu_vuc": "Sông Sê San", "flv_km2": 38.0, "w_huu_ich": 28.5, "w_toanbo": 42.0, "mndbt": 745.0, "mndgc": 746.5, "mnc": 738.0, "dt_tuoi": 2300.0, "ma_api": "4e794291-bfa8-4351-b1b1-01eca5b966b1"}}, {"type": "Feature", "geometry": {"type": "Point", "coordinates": [107.248439, 10.550055]}, "properties": {"ma": "H06.TL0004.HC001", "ten": "Hồ Đá Bàng", "loai": "Hồ chứa", "nam_xd": "1983", "vung": "Đông Nam Bộ", "tinh": "77", "don_vi": "Trung tâm QLKT Bà Rịa - Vũng Tàu", "luu_vuc": "Sông Đồng Nai", "flv_km2": 24.9, "w_huu_ich": 11.05, "w_toanbo": 11.35, "mndbt": 37.24, "mndgc": 38.37, "mnc": 27.0, "dt_tuoi": 1300.0, "ma_api": "ae489ac7-e65b-496c-ae8b-569a6ed2f763"}}, {"type": "Feature", "geometry": {"type": "Point", "coordinates": [105.815166, 20.223451]}, "properties": {"ma": "H42.TL0002.HC001", "ten": "Hồ Đá Lải", "loai": "Hồ chứa", "vung": "ĐB Sông Hồng", "tinh": "37", "don_vi": "Công ty KTCTTL Ninh Bình", "luu_vuc": "Sông Hoàng Long", "flv_km2": 0.0, "w_huu_ich": 2.5, "w_toanbo": 0.0, "mndbt": 33.7, "mndgc": 0.0, "mnc": 0.0, "dt_tuoi": 0.0, "ma_api": "6d7fd10a-5429-4972-8e09-d943c2b8391a"}}, {"type": "Feature", "geometry": {"type": "Point", "coordinates": [107.882072, 21.547686]}, "properties": {"ma": "H49.TL0004.HC001", "ten": "Hồ Quất Đông", "loai": "Hồ chứa", "vung": "ĐB Sông Hồng", "tinh": "22", "don_vi": "Đang cập nhật", "luu_vuc": "Sông Bạch Đằng - sông Cấm", "flv_km2": 13.0, "w_huu_ich": 10.3, "w_toanbo": 12.1, "mndbt": 23.0, "mndgc": 0.0, "mnc": 15.5, "dt_tuoi": 1300.0, "ma_api": "5e01721e-2bd5-4ea0-b421-3e75c137ef35"}}, {"type": "Feature", "geometry": {"type": "Point", "coordinates": [107.829009, 21.541766]}, "properties": {"ma": "H49.TL0005.HC001", "ten": "Hồ Tràng Vinh", "loai": "Hồ chứa", "vung": "ĐB Sông Hồng", "tinh": "22", "don_vi": "Đang cập nhật", "luu_vuc": "Sông Bạch Đằng - sông Cấm", "flv_km2": 70.8, "w_huu_ich": 60.0, "w_toanbo": 75.0, "mndbt": 24.2, "mndgc": 0.0, "mnc": 15.0, "dt_tuoi": 5850.0, "ma_api": "5a7c8e64-028e-429c-bf76-ca3aa6e5231c"}}, {"type": "Feature", "geometry": {"type": "Point", "coordinates": [106.523889, 21.1425]}, "properties": {"ma": "H49.TL0002.HC001", "ten": "Hồ Khe Chè", "loai": "Hồ chứa", "vung": "ĐB Sông Hồng", "tinh": "22", "don_vi": "Đang cập nhật", "luu_vuc": "Sông Bạch Đằng - sông Cấm", "flv_km2": 34.5, "w_huu_ich": 10.0, "w_toanbo": 12.0, "mndbt": 23.8, "mndgc": 0.0, "mnc": 14.41, "dt_tuoi": 420.0, "ma_api": "1d0d9550-2e38-494c-b1bb-b9cc1f500e45"}}, {"type": "Feature", "geometry": {"type": "Point", "coordinates": [107.565341, 21.394306]}, "properties": {"ma": "H49.TL0006.HC001", "ten": "Hồ Đầm Hà Động", "loai": "Hồ chứa", "vung": "ĐB Sông Hồng", "tinh": "22", "don_vi": "Đang cập nhật", "luu_vuc": "Sông Bạch Đằng - sông Cấm", "flv_km2": 68.5, "w_huu_ich": 12.3, "w_toanbo": 14.3, "mndbt": 60.7, "mndgc": 0.0, "mnc": 47.5, "dt_tuoi": 3485.0, "ma_api": "4ab0c6f9-ed84-4a97-954f-94f08ae098b2"}}, {"type": "Feature", "geometry": {"type": "Point", "coordinates": [105.66105, 20.21095]}, "properties": {"ma": "H56.TL0014.HC001", "ten": "Hồ Bỉnh Công", "loai": "Hồ chứa", "nam_xd": "1990", "vung": "Bắc Trung Bộ", "tinh": "38", "don_vi": "Đang cập nhật", "luu_vuc": "Sông Mã", "flv_km2": 11.0, "w_huu_ich": 3.0, "w_toanbo": 4.0, "mndbt": 32.0, "mndgc": 33.0, "mnc": 24.0, "dt_tuoi": 430.0, "ma_api": "ff88b1b5-6983-4eaa-8d28-0cbac9a1a33b"}}, {"type": "Feature", "geometry": {"type": "Point", "coordinates": [105.70615, 20.177669]}, "properties": {"ma": "H56.TL0017.HC001", "ten": "Hồ Đồng Phú", "loai": "Hồ chứa", "nam_xd": "1987", "vung": "Bắc Trung Bộ", "tinh": "38", "don_vi": "Đang cập nhật", "luu_vuc": "Sông Mã", "flv_km2": 3.0, "w_huu_ich": 0.0, "w_toanbo": 1.0, "mndbt": 46.0, "mndgc": 48.0, "mnc": 38.0, "dt_tuoi": 80.0, "ma_api": "f234941d-7fda-4878-82d5-f7134046f66b"}}, {"type": "Feature", "geometry": {"type": "Point", "coordinates": [105.136894, 20.400242]}, "properties": {"ma": "H56.TL0022.HC001", "ten": "Hồ Vinh Quang", "loai": "Hồ chứa", "nam_xd": "1978", "vung": "Bắc Trung Bộ", "tinh": "38", "don_vi": "Đang cập nhật", "luu_vuc": "Sông Mã", "flv_km2": 5.0, "w_huu_ich": 1.0, "w_toanbo": 1.0, "mndbt": 89.0, "mndgc": 91.0, "mnc": 80.0, "dt_tuoi": 110.0, "ma_api": "8405821a-d428-4cb6-b706-640bfa783d0b"}}, {"type": "Feature", "geometry": {"type": "Point", "coordinates": [105.742236, 20.148939]}, "properties": {"ma": "H56.TL0019.HC001", "ten": "Hồ Quèn Kìm", "loai": "Hồ chứa", "nam_xd": "1978", "vung": "Bắc Trung Bộ", "tinh": "38", "don_vi": "Đang cập nhật", "luu_vuc": "Sông Mã", "flv_km2": 1.0, "w_huu_ich": 0.0, "w_toanbo": 0.0, "mndbt": 40.0, "mndgc": 42.0, "mnc": 35.0, "dt_tuoi": 37.0, "ma_api": "21c1e9a9-6e4f-4e5f-9793-57d62a737b09"}}, {"type": "Feature", "geometry": {"type": "Point", "coordinates": [105.59035, 20.167817]}, "properties": {"ma": "H56.TL0016.HC001", "ten": "Hồ Bằng Lợi", "loai": "Hồ chứa", "nam_xd": "1977", "vung": "Bắc Trung Bộ", "tinh": "38", "don_vi": "Đang cập nhật", "luu_vuc": "Sông Mã", "flv_km2": 2.0, "w_huu_ich": 1.0, "w_toanbo": 1.0, "mndbt": 48.0, "mndgc": 50.0, "mnc": 37.0, "dt_tuoi": 94.0, "ma_api": "b26bf9ac-8e7d-4822-a5d0-47c889afd424"}}, {"type": "Feature", "geometry": {"type": "Point", "coordinates": [105.419967, 20.125436]}, "properties": {"ma": "H56.TL0025.HC001", "ten": "Hồ Bai Manh-Bai Lim", "loai": "Hồ chứa", "nam_xd": "1974", "vung": "Bắc Trung Bộ", "tinh": "38", "don_vi": "Đang cập nhật", "luu_vuc": "Sông Mã", "flv_km2": 5.0, "w_huu_ich": 1.0, "w_toanbo": 1.0, "mndbt": 49.0, "mndgc": 49.0, "mnc": 43.0, "dt_tuoi": 100.0, "ma_api": "a3fd7981-669a-4099-a82e-cba313088c1b"}}, {"type": "Feature", "geometry": {"type": "Point", "coordinates": [105.431408, 20.114764]}, "properties": {"ma": "H56.TL0026.HC001", "ten": "Hồ Bai Sơn", "loai": "Hồ chứa", "nam_xd": "1976", "vung": "Bắc Trung Bộ", "tinh": "38", "don_vi": "Đang cập nhật", "luu_vuc": "Sông Mã", "flv_km2": 6.0, "w_huu_ich": 1.0, "w_toanbo": 1.0, "mndbt": 48.0, "mndgc": 49.0, "mnc": 41.0, "dt_tuoi": 80.0, "ma_api": "af55bec5-6056-4ac0-8773-ca164dfa0d5a"}}, {"type": "Feature", "geometry": {"type": "Point", "coordinates": [105.586158, 19.689128]}, "properties": {"ma": "H56.TL0004.HC001", "ten": "Hồ Mậu Lâm", "loai": "Hồ chứa", "nam_xd": "1986", "vung": "Bắc Trung Bộ", "tinh": "38", "don_vi": "Đang cập nhật", "luu_vuc": "Sông Yên", "flv_km2": 55.0, "w_huu_ich": 0.0, "w_toanbo": 0.0, "mndbt": 18.0, "mndgc": 19.0, "mnc": 16.0, "dt_tuoi": 250.0, "ma_api": "f9390b9e-fab2-46b3-aa70-1aeca309e585"}}, {"type": "Feature", "geometry": {"type": "Point", "coordinates": [108.3221, 15.6179]}, "properties": {"ma": "H47.TL0008.HC001", "ten": "Hồ Phước Hà", "loai": "Hồ chứa", "vung": "Nam Trung Bộ", "tinh": "49", "don_vi": "Công ty KTCTTL Quảng Nam", "luu_vuc": "Sông Vu Gia-Thu Bồn", "flv_km2": 11.5, "w_huu_ich": 5.9, "w_toanbo": 6.3, "mndbt": 46.1, "mndgc": 48.7, "mnc": 36.1, "dt_tuoi": 400.0, "ma_api": "9eb2d496-2898-4c1d-9020-4170ab80c455"}}, {"type": "Feature", "geometry": {"type": "Point", "coordinates": [108.1736, 15.7882]}, "properties": {"ma": "H47.TL0011.HC001", "ten": "Hồ Phú Lộc", "loai": "Hồ chứa", "vung": "Nam Trung Bộ", "tinh": "49", "don_vi": "Công ty KTCTTL Quảng Nam", "luu_vuc": "Sông Vu Gia-Thu Bồn", "flv_km2": 9.7, "w_huu_ich": 3.3, "w_toanbo": 3.5, "mndbt": 25.8, "mndgc": 17.1, "mnc": 18.5, "dt_tuoi": 180.0, "ma_api": "fb01867a-027d-41b5-aa05-9a3cf3fee9d0"}}, {"type": "Feature", "geometry": {"type": "Point", "coordinates": [108.2569, 15.6224]}, "properties": {"ma": "H47.TL0010.HC001", "ten": "Hồ Cao Ngạn", "loai": "Hồ chứa", "vung": "Nam Trung Bộ", "tinh": "49", "don_vi": "Công ty KTCTTL Quảng Nam", "luu_vuc": "Sông Vu Gia-Thu Bồn", "flv_km2": 4.9, "w_huu_ich": 3.7, "w_toanbo": 3.8, "mndbt": 55.5, "mndgc": 57.6, "mnc": 40.0, "dt_tuoi": 300.0, "ma_api": "047015b7-7455-4a42-9a5f-3aeb445c3db2"}}, {"type": "Feature", "geometry": {"type": "Point", "coordinates": [109.0499, 13.633]}, "properties": {"ma": "H08.TL0007.HC001", "ten": "Hồ Quang Hiển", "loai": "Hồ chứa", "vung": "Nam Trung Bộ", "tinh": "52", "don_vi": "Công ty KTCTTL Bình Định", "luu_vuc": "Sông Kôn", "flv_km2": 11.0, "w_huu_ich": 3.7, "w_toanbo": 3.9, "mndbt": 60.4, "mndgc": 62.4, "mnc": 46.3, "dt_tuoi": 420.0, "ma_api": "8a57c19d-a754-4364-8211-a084ebbc227d"}}, {"type": "Feature", "geometry": {"type": "Point", "coordinates": [108.935235, 14.093242]}, "properties": {"ma": "H08.TL0006.HC001", "ten": "Hồ Suối Tre", "loai": "Hồ chứa", "vung": "Nam Trung Bộ", "tinh": "52", "don_vi": "Công ty KTCTTL Bình Định", "luu_vuc": "Sông Kôn", "flv_km2": 11.0, "w_huu_ich": 4.5, "w_toanbo": 4.9, "mndbt": 83.5, "mndgc": 85.2, "mnc": 72.0, "dt_tuoi": 162.0, "ma_api": "9bfad75d-0b51-4964-927c-c2507f31feca"}}, {"type": "Feature", "geometry": {"type": "Point", "coordinates": [108.9141, 14.3952]}, "properties": {"ma": "H08.TL0005.HC001", "ten": "Hồ Vạn Hội", "loai": "Hồ chứa", "vung": "Nam Trung Bộ", "tinh": "52", "don_vi": "Công ty KTCTTL Bình Định", "luu_vuc": "Sông Lại Giang", "flv_km2": 38.0, "w_huu_ich": 13.6, "w_toanbo": 14.5, "mndbt": 44.0, "mndgc": 45.2, "mnc": 30.2, "dt_tuoi": 400.0, "ma_api": "46b213c9-ca18-4bb2-bb55-9f84615f83c2"}}, {"type": "Feature", "geometry": {"type": "Point", "coordinates": [109.081705, 13.719847]}, "properties": {"ma": "H08.TL0012.HC001", "ten": "Hồ Ông Lành", "loai": "Hồ chứa", "vung": "Nam Trung Bộ", "tinh": "52", "don_vi": "Công ty KTCTTL Bình Định", "luu_vuc": "Sông Kôn", "flv_km2": 4.2, "w_huu_ich": 2.1, "w_toanbo": 2.2, "mndbt": 31.2, "mndgc": 32.8, "mnc": 23.0, "dt_tuoi": 60.0, "ma_api": "ff4d93ab-6b8d-47e7-b546-1567389d7f50"}}, {"type": "Feature", "geometry": {"type": "Point", "coordinates": [107.893137, 14.587031]}, "properties": {"ma": "H34.TL0013.HC001", "ten": "Hồ C19", "loai": "Hồ chứa", "vung": "Tây Nguyên", "tinh": "62", "don_vi": "Công ty KTCTTL Kon Tum", "luu_vuc": "Sông Sê San", "flv_km2": 3.0, "w_huu_ich": 0.4, "w_toanbo": 0.4, "mndbt": 622.4, "mndgc": 623.1, "mnc": 618.4, "dt_tuoi": 103.0, "ma_api": "6a3926eb-f116-4320-b966-eb3efcb614b4"}}, {"type": "Feature", "geometry": {"type": "Point", "coordinates": [107.990248, 14.595761]}, "properties": {"ma": "H34.TL0014.HC001", "ten": "Hồ Đắk Prông", "loai": "Hồ chứa", "vung": "Tây Nguyên", "tinh": "62", "don_vi": "Công ty KTCTTL Kon Tum", "luu_vuc": "Sông Sê San", "flv_km2": 6.7, "w_huu_ich": 1.1, "w_toanbo": 1.2, "mndbt": 546.0, "mndgc": 0.0, "mnc": 537.0, "dt_tuoi": 70.0, "ma_api": "83a1e926-136d-4a45-8b31-d8648b98c772"}}, {"type": "Feature", "geometry": {"type": "Point", "coordinates": [107.772481, 14.677806]}, "properties": {"ma": "H34.TL0009.HC001", "ten": "Hồ Đắk Rơn Ga", "loai": "Hồ chứa", "vung": "Tây Nguyên", "tinh": "62", "don_vi": "Công ty KTCTTL Kon Tum", "luu_vuc": "Sông Sê San", "flv_km2": 49.5, "w_huu_ich": 4.1, "w_toanbo": 6.7, "mndbt": 614.1, "mndgc": 0.0, "mnc": 608.5, "dt_tuoi": 856.0, "ma_api": "eeab01e1-54de-4155-a0be-ff8c4c3a4391"}}, {"type": "Feature", "geometry": {"type": "Point", "coordinates": [105.640809, 20.820746]}, "properties": {"ma": "H26.TL0007.HC001", "ten": "Hồ Đồng Sương", "loai": "Hồ chứa", "vung": "ĐB Sông Hồng", "tinh": "01", "don_vi": "Đang cập nhật", "luu_vuc": "Sông Tích - Nhuệ - Đáy", "flv_km2": 45.0, "w_huu_ich": 8.5, "w_toanbo": 10.5, "mndbt": 18.2, "mndgc": 0.0, "mnc": 11.5, "dt_tuoi": 1520.417029}}, {"type": "Feature", "geometry": {"type": "Point", "coordinates": [105.485805, 21.063638]}, "properties": {"ma": "H26.TL0003.HC001", "ten": "Hồ Đồng Mô-Ngải Sơn", "loai": "Hồ chứa", "vung": "ĐB Sông Hồng", "tinh": "01", "don_vi": "Đang cập nhật", "luu_vuc": "Sông Tích - Nhuệ - Đáy", "flv_km2": 96.0, "w_huu_ich": 57.5, "w_toanbo": 61.9, "mndbt": 21.5, "mndgc": 0.0, "mnc": 13.0, "dt_tuoi": 0.0}}, {"type": "Feature", "geometry": {"type": "Point", "coordinates": [105.637751, 21.404449]}, "properties": {"ma": "H62.TL0002.HC001", "ten": "Hồ Xạ Hương", "loai": "Hồ chứa", "vung": "ĐB Sông Hồng", "tinh": "26", "don_vi": "Đang cập nhật", "luu_vuc": "Sông Cà Lồ - Ngũ Huyện Khê", "flv_km2": 24.0, "w_huu_ich": 12.7, "w_toanbo": 13.43, "mndbt": 91.5, "mndgc": 0.0, "mnc": 66.0, "dt_tuoi": 0.0}}, {"type": "Feature", "geometry": {"type": "Point", "coordinates": [105.689246, 21.384483]}, "properties": {"ma": "H62.TL0003.HC001", "ten": "Hồ Thanh Lanh", "loai": "Hồ chứa", "vung": "ĐB Sông Hồng", "tinh": "26", "don_vi": "Đang cập nhật", "luu_vuc": "Sông Cà Lồ - Ngũ Huyện Khê", "flv_km2": 23.0, "w_huu_ich": 9.9, "w_toanbo": 10.62, "mndbt": 76.6, "mndgc": 0.0, "mnc": 62.2, "dt_tuoi": 2589.4}}, {"type": "Feature", "geometry": {"type": "Point", "coordinates": [105.657329, 21.383639]}, "properties": {"ma": "H62.TL0004.HC001", "ten": "Hồ Bản Long", "loai": "Hồ chứa", "vung": "ĐB Sông Hồng", "tinh": "26", "don_vi": "Đang cập nhật", "luu_vuc": "Sông Cà Lồ - Ngũ Huyện Khê", "flv_km2": 9.1, "w_huu_ich": 3.2, "w_toanbo": 3.405, "mndbt": 55.0, "mndgc": 0.0, "mnc": 39.5, "dt_tuoi": 929.0}}, {"type": "Feature", "geometry": {"type": "Point", "coordinates": [105.670742, 21.359081]}, "properties": {"ma": "H62.TL0005.HC001", "ten": "Hồ Gia Khau", "loai": "Hồ chứa", "vung": "ĐB Sông Hồng", "tinh": "26", "don_vi": "Đang cập nhật", "luu_vuc": "Sông Cà Lồ - Ngũ Huyện Khê", "flv_km2": 1.7, "w_huu_ich": 0.8, "w_toanbo": 0.782, "mndbt": 41.0, "mndgc": 0.0, "mnc": 29.0, "dt_tuoi": 750.0}}, {"type": "Feature", "geometry": {"type": "Point", "coordinates": [105.756758, 21.321142]}, "properties": {"ma": "H62.TL0006.HC001", "ten": "Hồ Lập Đinh", "loai": "Hồ chứa", "vung": "ĐB Sông Hồng", "tinh": "26", "don_vi": "Đang cập nhật", "luu_vuc": "Sông Cà Lồ - Ngũ Huyện Khê", "flv_km2": 8.5, "w_huu_ich": 1.9, "w_toanbo": 2.06, "mndbt": 35.8, "mndgc": 0.0, "mnc": 0.0, "dt_tuoi": 230.0}}, {"type": "Feature", "geometry": {"type": "Point", "coordinates": [105.611601, 21.425642]}, "properties": {"ma": "H62.TL0007.HC001", "ten": "Hồ Làng Hà", "loai": "Hồ chứa", "vung": "ĐB Sông Hồng", "tinh": "26", "don_vi": "Đang cập nhật", "luu_vuc": "Sông Cà Lồ - Ngũ Huyện Khê", "flv_km2": 10.5, "w_huu_ich": 2.6, "w_toanbo": 2.56, "mndbt": 65.0, "mndgc": 0.0, "mnc": 52.0, "dt_tuoi": 1221.0}}, {"type": "Feature", "geometry": {"type": "Point", "coordinates": [105.557401, 21.492782]}, "properties": {"ma": "H62.TL0008.HC001", "ten": "Hồ Đồng Mỏ", "loai": "Hồ chứa", "vung": "ĐB Sông Hồng", "tinh": "26", "don_vi": "Đang cập nhật", "luu_vuc": "Sông Cà Lồ - Ngũ Huyện Khê", "flv_km2": 17.5, "w_huu_ich": 5.3, "w_toanbo": 5.47, "mndbt": 68.7, "mndgc": 0.0, "mnc": 51.6, "dt_tuoi": 1593.0}}, {"type": "Feature", "geometry": {"type": "Point", "coordinates": [105.440849, 21.442141]}, "properties": {"ma": "H62.TL0009.HC001", "ten": "Hồ Vân Trục", "loai": "Hồ chứa", "vung": "ĐB Sông Hồng", "tinh": "26", "don_vi": "Đang cập nhật", "luu_vuc": "Sông Cà Lồ - Ngũ Huyện Khê", "flv_km2": 19.2, "w_huu_ich": 7.6, "w_toanbo": 8.2, "mndbt": 40.15, "mndgc": 0.0, "mnc": 33.0, "dt_tuoi": 2026.0}}, {"type": "Feature", "geometry": {"type": "Point", "coordinates": [105.416323, 21.452467]}, "properties": {"ma": "H62.TL0010.HC001", "ten": "Hồ Bò Lạc", "loai": "Hồ chứa", "vung": "ĐB Sông Hồng", "tinh": "26", "don_vi": "Đang cập nhật", "luu_vuc": "Sông Cà Lồ - Ngũ Huyện Khê", "flv_km2": 7.5, "w_huu_ich": 2.7, "w_toanbo": 2.82, "mndbt": 51.6, "mndgc": 0.0, "mnc": 38.0, "dt_tuoi": 554.6}}, {"type": "Feature", "geometry": {"type": "Point", "coordinates": [105.393932, 21.490629]}, "properties": {"ma": "H62.TL0011.HC001", "ten": "Hồ Suối Sải", "loai": "Hồ chứa", "vung": "ĐB Sông Hồng", "tinh": "26", "don_vi": "Đang cập nhật", "luu_vuc": "Sông Cà Lồ - Ngũ Huyện Khê", "flv_km2": 11.4, "w_huu_ich": 2.8, "w_toanbo": 2.79, "mndbt": 60.4, "mndgc": 0.0, "mnc": 44.0, "dt_tuoi": 646.3}}, {"type": "Feature", "geometry": {"type": "Point", "coordinates": [105.52276, 21.529386]}, "properties": {"ma": "H62.TL0012.HC001", "ten": "Hồ Vĩnh Thành", "loai": "Hồ chứa", "vung": "ĐB Sông Hồng", "tinh": "26", "don_vi": "Đang cập nhật", "luu_vuc": "Sông Cà Lồ - Ngũ Huyện Khê", "flv_km2": 19.0, "w_huu_ich": 2.4, "w_toanbo": 2.73, "mndbt": 82.0, "mndgc": 0.0, "mnc": 72.5, "dt_tuoi": 801.5}}, {"type": "Feature", "geometry": {"type": "Point", "coordinates": [106.603198, 21.123942]}, "properties": {"ma": "H49.TL0003.HC001", "ten": "Hồ Bến Châu", "loai": "Hồ chứa", "vung": "ĐB Sông Hồng", "tinh": "22", "don_vi": "Đang cập nhật", "luu_vuc": "Sông Bạch Đằng - sông Cấm", "flv_km2": 24.0, "w_huu_ich": 8.2, "w_toanbo": 8.67, "mndbt": 29.6, "mndgc": 0.0, "mnc": 19.5, "dt_tuoi": 459.0}}, {"type": "Feature", "geometry": {"type": "Point", "coordinates": [105.956497, 20.09543]}, "properties": {"ma": "H42.TL0001.HC001", "ten": "Hồ Yên Đồng 1-3", "loai": "Hồ chứa", "vung": "ĐB Sông Hồng", "tinh": "37", "don_vi": "Công ty KTCTTL Ninh Bình", "luu_vuc": "Sông Hoàng Long", "flv_km2": 0.0, "w_huu_ich": 8.2, "w_toanbo": 0.0, "mndbt": 3.0, "mndgc": 0.0, "mnc": 0.0, "dt_tuoi": 0.0}}, {"type": "Feature", "geometry": {"type": "Point", "coordinates": [105.677703, 20.373715]}, "properties": {"ma": "H28.TL0012.HC001", "ten": "Hồ Thác La", "loai": "Hồ chứa", "vung": "MN phía Bắc", "tinh": "17", "don_vi": "Công ty KTCTTL Hòa Bình", "luu_vuc": "Sông Hoàng Long", "flv_km2": 0.0, "w_huu_ich": 1.2, "w_toanbo": 0.0, "mndbt": 12.3, "mndgc": 0.0, "mnc": 0.0, "dt_tuoi": 0.0}}, {"type": "Feature", "geometry": {"type": "Point", "coordinates": [105.96248, 20.137141]}, "properties": {"ma": "H42.TL0006.HC001", "ten": "Hồ Yên Thắng 1-3", "loai": "Hồ chứa", "vung": "ĐB Sông Hồng", "tinh": "37", "don_vi": "Công ty KTCTTL Ninh Bình", "luu_vuc": "Sông Hoàng Long", "flv_km2": 0.0, "w_huu_ich": 6.9, "w_toanbo": 0.0, "mndbt": 3.5, "mndgc": 0.0, "mnc": 0.0, "dt_tuoi": 0.0}}, {"type": "Feature", "geometry": {"type": "Point", "coordinates": [106.051887, 21.570105]}, "properties": {"ma": "H02.TL0003.HC001", "ten": "Hồ Ngạc Hai", "loai": "Hồ chứa", "vung": "ĐB Sông Hồng", "tinh": "24", "don_vi": "Công ty KTCTTL Bắc Giang", "luu_vuc": "Sông Thương", "flv_km2": 0.0, "w_huu_ich": 1.1, "w_toanbo": 1.8, "mndbt": 40.7, "mndgc": 0.0, "mnc": 37.0, "dt_tuoi": 560.0}}, {"type": "Feature", "geometry": {"type": "Point", "coordinates": [106.110092, 21.591985]}, "properties": {"ma": "H02.TL0004.HC001", "ten": "Hồ Chừa Sừng", "loai": "Hồ chứa", "vung": "ĐB Sông Hồng", "tinh": "24", "don_vi": "Công ty KTCTTL Bắc Giang", "luu_vuc": "Sông Thương", "flv_km2": 0.0, "w_huu_ich": 1.0, "w_toanbo": 1.146, "mndbt": 55.0, "mndgc": 0.0, "mnc": 48.0, "dt_tuoi": 284.0}}, {"type": "Feature", "geometry": {"type": "Point", "coordinates": [106.868888, 21.20218]}, "properties": {"ma": "H02.TL0016.HC001", "ten": "Hồ Khe Chão", "loai": "Hồ chứa", "vung": "ĐB Sông Hồng", "tinh": "24", "don_vi": "Công ty KTCTTL Bắc Giang", "luu_vuc": "Sông Thương", "flv_km2": 0.0, "w_huu_ich": 1.1, "w_toanbo": 1.287, "mndbt": 174.75, "mndgc": 0.0, "mnc": 165.0, "dt_tuoi": 192.3}}, {"type": "Feature", "geometry": {"type": "Point", "coordinates": [105.171096, 21.32524]}, "properties": {"ma": "H44.TL0001.HC001", "ten": "Hồ Dộc Gạo", "loai": "Hồ chứa", "vung": "ĐB Sông Hồng", "tinh": "25", "don_vi": "Công ty KTCTTL Phú Thọ", "luu_vuc": "Sông Lô", "flv_km2": 4.5, "w_huu_ich": 1.2, "w_toanbo": 1.778, "mndbt": 21.9, "mndgc": 0.0, "mnc": 19.2, "dt_tuoi": 0.0}}, {"type": "Feature", "geometry": {"type": "Point", "coordinates": [106.580514, 21.350681]}, "properties": {"ma": "H02.TL0014.HC001", "ten": "Hồ Hàm Rồng", "loai": "Hồ chứa", "vung": "ĐB Sông Hồng", "tinh": "24", "don_vi": "Công ty KTCTTL Bắc Giang", "luu_vuc": "Sông Thương", "flv_km2": 0.0, "w_huu_ich": 1.1, "w_toanbo": 1.113, "mndbt": 30.7, "mndgc": 0.0, "mnc": 19.7, "dt_tuoi": 360.0, "ma_api": "37790768-6c91-4804-8a29-7aa95964e46b"}}, {"type": "Feature", "geometry": {"type": "Point", "coordinates": [105.662439, 19.368803]}, "properties": {"ma": "H56.TL0008.HC001", "ten": "Hồ Kim Giao II", "loai": "Hồ chứa", "nam_xd": "1979", "vung": "Bắc Trung Bộ", "tinh": "38", "don_vi": "Đang cập nhật", "luu_vuc": "Sông Yên", "flv_km2": 9.0, "w_huu_ich": 2.0, "w_toanbo": 2.0, "mndbt": 31.0, "mndgc": 33.0, "mnc": 24.0, "dt_tuoi": 250.0, "ma_api": "bfcd8f4b-0005-4e2a-9a38-e4a3c04ac0d9"}}, {"type": "Feature", "geometry": {"type": "Point", "coordinates": [105.736122, 19.347819]}, "properties": {"ma": "H56.TL0009.HC001", "ten": "Hồ Quế Sơn", "loai": "Hồ chứa", "nam_xd": "1971", "vung": "Bắc Trung Bộ", "tinh": "38", "don_vi": "Đang cập nhật", "luu_vuc": "Sông Yên", "flv_km2": 3.0, "w_huu_ich": 0.0, "w_toanbo": 1.0, "mndbt": 18.0, "mndgc": 19.0, "mnc": 14.0, "dt_tuoi": 95.0, "ma_api": "98b37571-7484-40a2-97bf-3de35744fa75"}}, {"type": "Feature", "geometry": {"type": "Point", "coordinates": [105.549417, 18.769583]}, "properties": {"ma": "H41.TL0007.HC001", "ten": "Hồ Khe Thị", "loai": "Hồ chứa", "nam_xd": "1971", "vung": "Bắc Trung Bộ", "tinh": "40", "don_vi": "Đang cập nhật", "luu_vuc": "Sông Cả", "flv_km2": 0.0, "w_huu_ich": 3.0, "w_toanbo": 3.0, "mndbt": 18.0, "mndgc": 19.0, "mnc": 12.0, "dt_tuoi": 300.0, "ma_api": "c07dea63-3a28-4a64-bf4b-d508c50a847a"}}, {"type": "Feature", "geometry": {"type": "Point", "coordinates": [107.06295, 16.880597]}, "properties": {"ma": "H50.TL0015.HC001", "ten": "Hồ Trúc Kinh", "loai": "Hồ chứa", "nam_xd": "1994", "vung": "Bắc Trung Bộ", "tinh": "45", "don_vi": "Công ty KTCTTL Quảng Trị", "luu_vuc": "Sông Thạch Hãn", "flv_km2": 50.0, "w_huu_ich": 36.0, "w_toanbo": 39.0, "mndbt": 20.0, "mndgc": 20.0, "mnc": 9.0, "dt_tuoi": 0.0, "ma_api": "505a539f-c368-42a6-9aeb-3b847e7baea4"}}, {"type": "Feature", "geometry": {"type": "Point", "coordinates": [107.436528, 16.619056]}, "properties": {"ma": "H57.TL0012.HC001", "ten": "Hồ Nam Giản", "loai": "Hồ chứa", "nam_xd": "1996", "vung": "Bắc Trung Bộ", "tinh": "46", "don_vi": "Công ty KTCTTL Thừa Thiên Huế", "luu_vuc": "Sông Hương", "flv_km2": 5.0, "w_huu_ich": 1.0, "w_toanbo": 1.0, "mndbt": 5.0, "mndgc": 5.0, "mnc": 3.0, "dt_tuoi": 23.0, "ma_api": "17f7bae6-c96a-4fba-8ca5-864e7d008220"}}, {"type": "Feature", "geometry": {"type": "Point", "coordinates": [107.652139, 16.417333]}, "properties": {"ma": "H57.TL0008.HC001", "ten": "Hồ Châu Sơn", "loai": "Hồ chứa", "nam_xd": "1978", "vung": "Bắc Trung Bộ", "tinh": "46", "don_vi": "Công ty KTCTTL Thừa Thiên Huế", "luu_vuc": "Sông Hương", "flv_km2": 12.0, "w_huu_ich": 2.0, "w_toanbo": 3.0, "mndbt": 7.0, "mndgc": 8.0, "mnc": 3.0, "dt_tuoi": 44.0, "ma_api": "d14bd5cc-08d2-4cd5-8c3d-90f158f98f61"}}, {"type": "Feature", "geometry": {"type": "Point", "coordinates": [105.5707, 18.754869]}, "properties": {"ma": "H57.TL0003.HC001", "ten": "Hồ Khe Ngang", "loai": "Hồ chứa", "nam_xd": "1985", "vung": "Bắc Trung Bộ", "tinh": "40", "don_vi": "Công ty KTCTTL Thừa Thiên Huế", "luu_vuc": "Sông Hương", "flv_km2": 15.0, "w_huu_ich": 12.0, "w_toanbo": 15.0, "mndbt": 13.0, "mndgc": 14.0, "mnc": 5.0, "dt_tuoi": 2127.0, "ma_api": "3515cb15-1392-47a7-bf0f-616d6ec42648"}}, {"type": "Feature", "geometry": {"type": "Point", "coordinates": [104.9, 21.603333]}, "properties": {"ma": "H44.TL0005.HC001", "ten": "Hồ Ngòi Vần", "loai": "Hồ chứa", "vung": "ĐB Sông Hồng", "tinh": "25", "don_vi": "Công ty KTCTTL Phú Thọ", "luu_vuc": "Sông Lô", "flv_km2": 80.0, "w_huu_ich": 7.2, "w_toanbo": 9.54, "mndbt": 28.7, "mndgc": 0.0, "mnc": 25.85, "dt_tuoi": 430.0}}, {"type": "Feature", "geometry": {"type": "Point", "coordinates": [104.980556, 21.117222]}, "properties": {"ma": "H44.TL0006.HC001", "ten": "Hồ Xuân Sơn", "loai": "Hồ chứa", "vung": "ĐB Sông Hồng", "tinh": "25", "don_vi": "Công ty KTCTTL Phú Thọ", "luu_vuc": "Sông Lô", "flv_km2": 3.49, "w_huu_ich": 0.7, "w_toanbo": 1.2, "mndbt": 157.5, "mndgc": 0.0, "mnc": 149.5, "dt_tuoi": 242.3}}, {"type": "Feature", "geometry": {"type": "Point", "coordinates": [108.1636, 15.8045]}, "properties": {"ma": "H47.TL0004.HC001", "ten": "Hồ Vĩnh Trinh", "loai": "Hồ chứa", "vung": "Nam Trung Bộ", "tinh": "49", "don_vi": "Công ty KTCTTL Quảng Nam", "luu_vuc": "Sông Vu Gia-Thu Bồn", "flv_km2": 29.2, "w_huu_ich": 18.3, "w_toanbo": 20.7, "mndbt": 30.2, "mndgc": 32.6, "mnc": 17.0, "dt_tuoi": 1500.0, "ma_api": "c6a82f09-12a7-4335-8136-4396ef320d29"}}, {"type": "Feature", "geometry": {"type": "Point", "coordinates": [108.872, 14.665]}, "properties": {"ma": "H08.TL0034.HC001", "ten": "Hồ Đồng Mít", "loai": "Hồ chứa", "nam_xd": "2022", "vung": "Nam Trung Bộ", "tinh": "52", "don_vi": "Công ty KTCTTL Bình Định", "luu_vuc": "Sông Lại Giang", "flv_km2": 160.3, "w_huu_ich": 74.89, "w_toanbo": 89.8, "mndbt": 101.1, "mndgc": 102.23, "mnc": 77.0, "dt_tuoi": 6742.0, "ma_api": "9ac9f9a0-123a-4a9e-bf6e-2450abf357d1"}}, {"type": "Feature", "geometry": {"type": "Point", "coordinates": [105.339179, 20.555194]}, "properties": {"ma": "H28.TL0001.HC001", "ten": "Hồ Vưng", "loai": "Hồ chứa", "vung": "MN phía Bắc", "tinh": "17", "don_vi": "Công ty KTCTTL Hòa Bình", "luu_vuc": "Sông Đà", "flv_km2": 8.92, "w_huu_ich": 2.6, "w_toanbo": 3.0, "mndbt": 118.05, "mndgc": 0.0, "mnc": 102.77, "dt_tuoi": 0.0, "ma_api": "42e6e939-e231-47b3-a5ad-1e584c7ec618"}}, {"type": "Feature", "geometry": {"type": "Point", "coordinates": [108.8321, 11.4985]}, "properties": {"ma": "H43.TL0005.HC001", "ten": "Hồ CK 7", "loai": "Hồ chứa", "vung": "Nam Trung Bộ", "tinh": "58", "don_vi": "Công ty KTCTTL Ninh Thuận", "luu_vuc": "Sông Cái Phan Rang", "flv_km2": 18.0, "w_huu_ich": 1.3, "w_toanbo": 1.4, "mndbt": 68.2, "mndgc": 0.0, "mnc": 60.8, "dt_tuoi": 100.0, "ma_api": "3cb3b376-dfdc-43da-8049-3dc03272041e"}}, {"type": "Feature", "geometry": {"type": "Point", "coordinates": [109.076648, 11.829832]}, "properties": {"ma": "H43.TL0020.HC001", "ten": "Hồ Ma Trai", "loai": "Hồ chứa", "vung": "Nam Trung Bộ", "tinh": "58", "don_vi": "Công ty KTCTTL Ninh Thuận", "luu_vuc": "Sông nhỏ", "flv_km2": 3.8, "w_huu_ich": 0.3, "w_toanbo": 0.5, "mndbt": 123.8, "mndgc": 0.0, "mnc": 121.0, "dt_tuoi": 30.0, "ma_api": "50e46b3f-042d-4de3-a2c6-6c5b4286752d"}}, {"type": "Feature", "geometry": {"type": "Point", "coordinates": [108.8447, 11.6162]}, "properties": {"ma": "H43.TL0006.HC001", "ten": "Hồ Lanh Ra", "loai": "Hồ chứa", "nam_xd": "2013", "vung": "Nam Trung Bộ", "tinh": "58", "don_vi": "Công ty KTCTTL Ninh Thuận", "luu_vuc": "Sông Cái Phan Rang", "flv_km2": 80.0, "w_huu_ich": 13.3, "w_toanbo": 13.9, "mndbt": 40.5, "mndgc": 0.0, "mnc": 30.0, "dt_tuoi": 1142.0, "ma_api": "1df9ca0d-6717-4582-83ec-79a17217ffcb"}}, {"type": "Feature", "geometry": {"type": "Point", "coordinates": [106.081804, 21.490201]}, "properties": {"ma": "H02.TL0007.HC001", "ten": "Hồ Cầu Rễ", "loai": "Hồ chứa", "vung": "ĐB Sông Hồng", "tinh": "24", "don_vi": "Công ty KTCTTL Bắc Giang", "luu_vuc": "Sông Thương", "flv_km2": 0.0, "w_huu_ich": 4.6, "w_toanbo": 0.0, "mndbt": 0.0, "mndgc": 0.0, "mnc": 0.0, "dt_tuoi": 700.0, "ma_api": "a33b72f7-ff25-4cba-8823-a9f46bb970e3"}}, {"type": "Feature", "geometry": {"type": "Point", "coordinates": [104.481207, 21.023571]}, "properties": {"ma": "H52.TL0001.HC001", "ten": "Hồ Mường Lựm", "loai": "Hồ chứa", "vung": "MN phía Bắc", "tinh": "14", "don_vi": "Công ty KTCTTL Sơn La", "luu_vuc": "Sông Đà", "flv_km2": 6.0, "w_huu_ich": 1.0, "w_toanbo": 1.037, "mndbt": 813.5, "mndgc": 0.0, "mnc": 804.0, "dt_tuoi": 0.0, "ma_api": "0ff44d56-fd3b-481c-98b2-21135872c6b1"}}, {"type": "Feature", "geometry": {"type": "Point", "coordinates": [105.091, 22.009758]}, "properties": {"ma": "H60.TL0005.HC001", "ten": "Hồ Khởn", "loai": "Hồ chứa", "vung": "MN phía Bắc", "tinh": "08", "don_vi": "Ban QLKT Tuyên Quang", "luu_vuc": "Sông Gâm - Chảy", "flv_km2": 9.0, "w_huu_ich": 1.0, "w_toanbo": 1.22, "mndbt": 50.4, "mndgc": 0.0, "mnc": 49.2, "dt_tuoi": 0.0, "ma_api": "8dedf274-7e46-44cc-9424-9a08b7a43c43"}}, {"type": "Feature", "geometry": {"type": "Point", "coordinates": [105.70615, 20.177669]}, "properties": {"ma": "H56.TL0020.HC001", "ten": "Hồ Hàm Rồng", "loai": "Hồ chứa", "nam_xd": "2009", "vung": "Bắc Trung Bộ", "tinh": "38", "don_vi": "Đang cập nhật", "luu_vuc": "Sông Mã", "flv_km2": 2.0, "w_huu_ich": 0.0, "w_toanbo": 0.0, "mndbt": 39.0, "mndgc": 40.0, "mnc": 31.0, "dt_tuoi": 46.0, "ma_api": "5f56f87c-8dcc-46dd-9e15-948ce2718296"}}, {"type": "Feature", "geometry": {"type": "Point", "coordinates": [105.516944, 19.139278]}, "properties": {"ma": "H41.TL0008.HC001", "ten": "Hồ Bàu Gia", "loai": "Hồ chứa", "nam_xd": "1966", "vung": "Bắc Trung Bộ", "tinh": "40", "don_vi": "Đang cập nhật", "luu_vuc": "Sông Cả", "flv_km2": 30.0, "w_huu_ich": 4.0, "w_toanbo": 4.0, "mndbt": 26.0, "mndgc": 28.0, "mnc": 17.0, "dt_tuoi": 0.0}}, {"type": "Feature", "geometry": {"type": "Point", "coordinates": [105.560833, 18.882222]}, "properties": {"ma": "H41.TL0009.HC001", "ten": "Hồ Xuân Dương", "loai": "Hồ chứa", "nam_xd": "1938", "vung": "Bắc Trung Bộ", "tinh": "40", "don_vi": "Đang cập nhật", "luu_vuc": "Sông Cả", "flv_km2": 0.0, "w_huu_ich": 9.0, "w_toanbo": 9.0, "mndbt": 26.0, "mndgc": 28.0, "mnc": 15.0, "dt_tuoi": 62.0}}, {"type": "Feature", "geometry": {"type": "Point", "coordinates": [108.1461, 11.213]}, "properties": {"ma": "H11.TL0014.HC001", "ten": "Hồ Sông Khán", "loai": "Hồ chứa", "vung": "Nam Trung Bộ", "tinh": "60", "don_vi": "Công ty KTCTTL Bình Thuận", "luu_vuc": "Sông Cái Phan Thiết", "flv_km2": 30.6, "w_huu_ich": 1.8, "w_toanbo": 2.0, "mndbt": 107.0, "mndgc": 107.9, "mnc": 101.0, "dt_tuoi": 350.0, "ma_api": "eab8b557-5085-44b4-8a68-eb7a1acf468b"}}, {"type": "Feature", "geometry": {"type": "Point", "coordinates": [105.4755, 19.105167]}, "properties": {"ma": "H41.TL0010.HC001", "ten": "Hồ Kẻ Sặt", "loai": "Hồ chứa", "vung": "Bắc Trung Bộ", "tinh": "40", "don_vi": "Đang cập nhật", "luu_vuc": "Sông Cả", "flv_km2": 0.0, "w_huu_ich": 3.0, "w_toanbo": 3.0, "mndbt": 30.0, "mndgc": 31.0, "mnc": 23.0, "dt_tuoi": 174.0}}, {"type": "Feature", "geometry": {"type": "Point", "coordinates": [105.504465, 19.133665]}, "properties": {"ma": "H41.TL0011.HC001", "ten": "Hồ Nhà Trò", "loai": "Hồ chứa", "nam_xd": "1972", "vung": "Bắc Trung Bộ", "tinh": "40", "don_vi": "Đang cập nhật", "luu_vuc": "Sông Cả", "flv_km2": 0.0, "w_huu_ich": 4.0, "w_toanbo": 5.0, "mndbt": 29.0, "mndgc": 30.0, "mnc": 23.0, "dt_tuoi": 320.0}}, {"type": "Feature", "geometry": {"type": "Point", "coordinates": [105.452275, 19.084443]}, "properties": {"ma": "H41.TL0012.HC001", "ten": "Hồ Đồn Húng", "loai": "Hồ chứa", "nam_xd": "1973", "vung": "Bắc Trung Bộ", "tinh": "40", "don_vi": "Đang cập nhật", "luu_vuc": "Sông Cả", "flv_km2": 0.0, "w_huu_ich": 4.0, "w_toanbo": 4.0, "mndbt": 40.0, "mndgc": 41.0, "mnc": 32.0, "dt_tuoi": 350.0}}, {"type": "Feature", "geometry": {"type": "Point", "coordinates": [105.432332, 19.053061]}, "properties": {"ma": "H41.TL0013.HC001", "ten": "Hồ Quản Hài", "loai": "Hồ chứa", "nam_xd": "1978", "vung": "Bắc Trung Bộ", "tinh": "40", "don_vi": "Đang cập nhật", "luu_vuc": "Sông Cả", "flv_km2": 0.0, "w_huu_ich": 5.0, "w_toanbo": 5.0, "mndbt": 24.0, "mndgc": 27.0, "mnc": 0.0, "dt_tuoi": 330.0}}, {"type": "Feature", "geometry": {"type": "Point", "coordinates": [105.401594, 19.027617]}, "properties": {"ma": "H41.TL0014.HC001", "ten": "Hồ Vệ Vừng", "loai": "Hồ chứa", "nam_xd": "1975", "vung": "Bắc Trung Bộ", "tinh": "40", "don_vi": "Đang cập nhật", "luu_vuc": "Sông Cả", "flv_km2": 0.0, "w_huu_ich": 17.0, "w_toanbo": 18.0, "mndbt": 29.0, "mndgc": 37.0, "mnc": 20.0, "dt_tuoi": 680.0}}, {"type": "Feature", "geometry": {"type": "Point", "coordinates": [105.526117, 19.141254]}, "properties": {"ma": "H41.TL0015.HC001", "ten": "Hồ Mả Tổ", "loai": "Hồ chứa", "nam_xd": "1967", "vung": "Bắc Trung Bộ", "tinh": "40", "don_vi": "Đang cập nhật", "luu_vuc": "Sông Cả", "flv_km2": 37.0, "w_huu_ich": 6.0, "w_toanbo": 6.0, "mndbt": 26.0, "mndgc": 28.0, "mnc": 17.0, "dt_tuoi": 430.0}}, {"type": "Feature", "geometry": {"type": "Point", "coordinates": [105.485306, 19.185194]}, "properties": {"ma": "H41.TL0016.HC001", "ten": "Hồ 3_2", "loai": "Hồ chứa", "nam_xd": "1965", "vung": "Bắc Trung Bộ", "tinh": "40", "don_vi": "Đang cập nhật", "luu_vuc": "Sông Cả", "flv_km2": 0.0, "w_huu_ich": 4.0, "w_toanbo": 5.0, "mndbt": 78.0, "mndgc": 79.0, "mnc": 72.0, "dt_tuoi": 450.0}}, {"type": "Feature", "geometry": {"type": "Point", "coordinates": [108.9737, 11.6695]}, "properties": {"ma": "H43.TL0015.HC001", "ten": "Hồ Thành Sơn", "loai": "Hồ chứa", "nam_xd": "1980", "vung": "Nam Trung Bộ", "tinh": "58", "don_vi": "Công ty KTCTTL Ninh Thuận", "luu_vuc": "Sông Cái Phan Rang", "flv_km2": 30.0, "w_huu_ich": 2.6, "w_toanbo": 3.1, "mndbt": 30.8, "mndgc": 0.0, "mnc": 27.5, "dt_tuoi": 200.0, "ma_api": "d577731f-8310-47b2-bc25-aa07b8606edb"}}, {"type": "Feature", "geometry": {"type": "Point", "coordinates": [105.627722, 19.220167]}, "properties": {"ma": "H41.TL0017.HC001", "ten": "Hồ Bà Tùy", "loai": "Hồ chứa", "nam_xd": "1964", "vung": "Bắc Trung Bộ", "tinh": "40", "don_vi": "Đang cập nhật", "luu_vuc": "Sông Hoàng Mai", "flv_km2": 0.0, "w_huu_ich": 5.0, "w_toanbo": 5.0, "mndbt": 25.0, "mndgc": 25.0, "mnc": 0.0, "dt_tuoi": 0.0}}, {"type": "Feature", "geometry": {"type": "Point", "coordinates": [105.45025, 18.817]}, "properties": {"ma": "H41.TL0019.HC001", "ten": "Hồ Bàu Đá", "loai": "Hồ chứa", "nam_xd": "1968", "vung": "Bắc Trung Bộ", "tinh": "40", "don_vi": "Đang cập nhật", "luu_vuc": "Sông Cả", "flv_km2": 8.0, "w_huu_ich": 4.0, "w_toanbo": 5.0, "mndbt": 23.0, "mndgc": 24.0, "mnc": 18.0, "dt_tuoi": 400.0}}, {"type": "Feature", "geometry": {"type": "Point", "coordinates": [105.565658, 19.263061]}, "properties": {"ma": "H41.TL0028.HC001", "ten": "Hồ Khe Sân", "loai": "Hồ chứa", "nam_xd": "1981", "vung": "Bắc Trung Bộ", "tinh": "40", "don_vi": "Đang cập nhật", "luu_vuc": "Sông Cả", "flv_km2": 5.0, "w_huu_ich": 1.0, "w_toanbo": 1.0, "mndbt": 45.0, "mndgc": 0.0, "mnc": 37.0, "dt_tuoi": 120.0}}, {"type": "Feature", "geometry": {"type": "Point", "coordinates": [105.541167, 19.170583]}, "properties": {"ma": "H41.TL0029.HC001", "ten": "Hồ Đình Dù", "loai": "Hồ chứa", "nam_xd": "1968", "vung": "Bắc Trung Bộ", "tinh": "40", "don_vi": "Đang cập nhật", "luu_vuc": "Sông Cả", "flv_km2": 4.0, "w_huu_ich": 2.0, "w_toanbo": 2.0, "mndbt": 33.0, "mndgc": 0.0, "mnc": 0.0, "dt_tuoi": 160.0}}, {"type": "Feature", "geometry": {"type": "Point", "coordinates": [105.260583, 19.005528]}, "properties": {"ma": "H41.TL0030.HC001", "ten": "Hồ Mộ Dạ", "loai": "Hồ chứa", "nam_xd": "1965", "vung": "Bắc Trung Bộ", "tinh": "40", "don_vi": "Đang cập nhật", "luu_vuc": "Sông Cả", "flv_km2": 2.0, "w_huu_ich": 2.0, "w_toanbo": 2.0, "mndbt": 38.0, "mndgc": 0.0, "mnc": 0.0, "dt_tuoi": 155.0}}, {"type": "Feature", "geometry": {"type": "Point", "coordinates": [105.376903, 18.889622]}, "properties": {"ma": "H41.TL0031.HC001", "ten": "Hồ Yên Trạch", "loai": "Hồ chứa", "nam_xd": "1978", "vung": "Bắc Trung Bộ", "tinh": "40", "don_vi": "Đang cập nhật", "luu_vuc": "Sông Cả", "flv_km2": 1.0, "w_huu_ich": 1.0, "w_toanbo": 1.0, "mndbt": 30.0, "mndgc": 0.0, "mnc": 22.0, "dt_tuoi": 100.0}}, {"type": "Feature", "geometry": {"type": "Point", "coordinates": [105.347222, 18.93333]}, "properties": {"ma": "H41.TL0032.HC001", "ten": "Hồ Đá Bàn", "loai": "Hồ chứa", "nam_xd": "1967", "vung": "Bắc Trung Bộ", "tinh": "40", "don_vi": "Đang cập nhật", "luu_vuc": "Sông Cả", "flv_km2": 2.0, "w_huu_ich": 1.0, "w_toanbo": 1.0, "mndbt": 39.0, "mndgc": 0.0, "mnc": 0.0, "dt_tuoi": 220.0}}, {"type": "Feature", "geometry": {"type": "Point", "coordinates": [105.679167, 19.285556]}, "properties": {"ma": "H41.TL0033.HC001", "ten": "Hồ Khe Bung", "loai": "Hồ chứa", "nam_xd": "1963", "vung": "Bắc Trung Bộ", "tinh": "40", "don_vi": "Đang cập nhật", "luu_vuc": "Sông Hoàng Mai", "flv_km2": 6.0, "w_huu_ich": 2.0, "w_toanbo": 2.0, "mndbt": 22.0, "mndgc": 0.0, "mnc": 11.0, "dt_tuoi": 10.0}}, {"type": "Feature", "geometry": {"type": "Point", "coordinates": [105.661774, 19.291116]}, "properties": {"ma": "H41.TL0034.HC001", "ten": "Hồ Đồi Tương", "loai": "Hồ chứa", "nam_xd": "1972", "vung": "Bắc Trung Bộ", "tinh": "40", "don_vi": "Đang cập nhật", "luu_vuc": "Sông Hoàng Mai", "flv_km2": 6.0, "w_huu_ich": 2.0, "w_toanbo": 2.0, "mndbt": 24.0, "mndgc": 0.0, "mnc": 15.0, "dt_tuoi": 22.0}}, {"type": "Feature", "geometry": {"type": "Point", "coordinates": [105.746944, 19.268056]}, "properties": {"ma": "H41.TL0035.HC001", "ten": "Hồ Bà Hảo", "loai": "Hồ chứa", "nam_xd": "1976", "vung": "Bắc Trung Bộ", "tinh": "40", "don_vi": "Đang cập nhật", "luu_vuc": "Sông Hoàng Mai", "flv_km2": 2.0, "w_huu_ich": 0.0, "w_toanbo": 1.0, "mndbt": 0.0, "mndgc": 0.0, "mnc": 0.0, "dt_tuoi": 100.0}}, {"type": "Feature", "geometry": {"type": "Point", "coordinates": [105.420556, 19.009722]}, "properties": {"ma": "H41.TL0036.HC001", "ten": "Hồ Xuân Nguyên", "loai": "Hồ chứa", "nam_xd": "1956", "vung": "Bắc Trung Bộ", "tinh": "40", "don_vi": "Đang cập nhật", "luu_vuc": "Sông Cả", "flv_km2": 4.0, "w_huu_ich": 1.0, "w_toanbo": 1.0, "mndbt": 28.0, "mndgc": 0.0, "mnc": 23.0, "dt_tuoi": 220.0}}, {"type": "Feature", "geometry": {"type": "Point", "coordinates": [105.00646, 21.322906]}, "properties": {"ma": "H44.TL0002.HC001", "ten": "Hồ Thượng Long", "loai": "Hồ chứa", "vung": "ĐB Sông Hồng", "tinh": "25", "don_vi": "Công ty KTCTTL Phú Thọ", "luu_vuc": "Sông Lô", "flv_km2": 9.5, "w_huu_ich": 2.8, "w_toanbo": 3.17, "mndbt": 115.2, "mndgc": 0.0, "mnc": 100.5, "dt_tuoi": 686.6}}, {"type": "Feature", "geometry": {"type": "Point", "coordinates": [105.821194, 18.301536]}, "properties": {"ma": "H27.TL0004.HC001", "ten": "Hồ Đập Bún", "loai": "Hồ chứa", "nam_xd": "1966", "vung": "Bắc Trung Bộ", "tinh": "42", "don_vi": "Đang cập nhật", "luu_vuc": "Sông Nghèn", "flv_km2": 3.0, "w_huu_ich": 4.0, "w_toanbo": 4.0, "mndbt": 18.0, "mndgc": 18.0, "mnc": 10.0, "dt_tuoi": 400.0}}, {"type": "Feature", "geometry": {"type": "Point", "coordinates": [105.924278, 18.197592]}, "properties": {"ma": "H27.TL0001.HC001", "ten": "Hồ Kẻ Gỗ", "loai": "Hồ chứa", "nam_xd": "1983", "vung": "Bắc Trung Bộ", "tinh": "42", "don_vi": "Đang cập nhật", "luu_vuc": "Sông Nghèn", "flv_km2": 223.0, "w_huu_ich": 318.0, "w_toanbo": 345.0, "mndbt": 33.0, "mndgc": 35.0, "mnc": 15.0, "dt_tuoi": 21136.0}}, {"type": "Feature", "geometry": {"type": "Point", "coordinates": [105.634775, 18.445097]}, "properties": {"ma": "H27.TL0007.HC001", "ten": "Hồ Bình Hà", "loai": "Hồ chứa", "nam_xd": "1959", "vung": "Bắc Trung Bộ", "tinh": "42", "don_vi": "Đang cập nhật", "luu_vuc": "Sông Cả", "flv_km2": 10.0, "w_huu_ich": 8.0, "w_toanbo": 9.0, "mndbt": 19.0, "mndgc": 20.0, "mnc": 11.0, "dt_tuoi": 270.0}}, {"type": "Feature", "geometry": {"type": "Point", "coordinates": [105.7775, 18.50375]}, "properties": {"ma": "H27.TL0008.HC001", "ten": "Hồ Nhà Đường", "loai": "Hồ chứa", "nam_xd": "2001", "vung": "Bắc Trung Bộ", "tinh": "42", "don_vi": "Đang cập nhật", "luu_vuc": "Sông Nghèn", "flv_km2": 11.0, "w_huu_ich": 4.0, "w_toanbo": 4.0, "mndbt": 21.0, "mndgc": 24.0, "mnc": 12.0, "dt_tuoi": 385.0}}, {"type": "Feature", "geometry": {"type": "Point", "coordinates": [105.841153, 18.522125]}, "properties": {"ma": "H27.TL0009.HC001", "ten": "Hồ Khe Hao", "loai": "Hồ chứa", "nam_xd": "1996", "vung": "Bắc Trung Bộ", "tinh": "42", "don_vi": "Đang cập nhật", "luu_vuc": "Sông Nghèn", "flv_km2": 6.0, "w_huu_ich": 4.0, "w_toanbo": 4.0, "mndbt": 21.0, "mndgc": 23.0, "mnc": 10.0, "dt_tuoi": 600.0}}, {"type": "Feature", "geometry": {"type": "Point", "coordinates": [105.736433, 18.538653]}, "properties": {"ma": "H27.TL0010.HC001", "ten": "Hồ Đá Bạc", "loai": "Hồ chứa", "nam_xd": "2007", "vung": "Bắc Trung Bộ", "tinh": "42", "don_vi": "Đang cập nhật", "luu_vuc": "Sông Cả", "flv_km2": 6.0, "w_huu_ich": 3.0, "w_toanbo": 3.0, "mndbt": 30.0, "mndgc": 32.0, "mnc": 11.0, "dt_tuoi": 309.0}}, {"type": "Feature", "geometry": {"type": "Point", "coordinates": [105.792025, 18.574289]}, "properties": {"ma": "H27.TL0011.HC001", "ten": "Hồ Xuân Hoa", "loai": "Hồ chứa", "nam_xd": "2008", "vung": "Bắc Trung Bộ", "tinh": "42", "don_vi": "Đang cập nhật", "luu_vuc": "Sông Cả", "flv_km2": 13.0, "w_huu_ich": 7.0, "w_toanbo": 9.0, "mndbt": 14.0, "mndgc": 16.0, "mnc": 8.0, "dt_tuoi": 760.0}}, {"type": "Feature", "geometry": {"type": "Point", "coordinates": [105.774767, 18.587561]}, "properties": {"ma": "H27.TL0012.HC001", "ten": "Hồ Cồn Tranh", "loai": "Hồ chứa", "nam_xd": "1985", "vung": "Bắc Trung Bộ", "tinh": "42", "don_vi": "Đang cập nhật", "luu_vuc": "Sông Cả", "flv_km2": 4.0, "w_huu_ich": 2.0, "w_toanbo": 2.0, "mndbt": 20.0, "mndgc": 22.0, "mnc": 10.0, "dt_tuoi": 275.0}}, {"type": "Feature", "geometry": {"type": "Point", "coordinates": [105.438364, 18.58715]}, "properties": {"ma": "H27.TL0013.HC001", "ten": "Hồ Khe Cò", "loai": "Hồ chứa", "nam_xd": "1996", "vung": "Bắc Trung Bộ", "tinh": "42", "don_vi": "Đang cập nhật", "luu_vuc": "Sông Cả", "flv_km2": 7.0, "w_huu_ich": 4.0, "w_toanbo": 4.0, "mndbt": 39.0, "mndgc": 0.0, "mnc": 29.0, "dt_tuoi": 550.0}}, {"type": "Feature", "geometry": {"type": "Point", "coordinates": [106.726078, 21.05699]}, "properties": {"ma": "H49.TL0008.HC001", "ten": "Hồ Yên Trung", "loai": "Hồ chứa", "vung": "ĐB Sông Hồng", "tinh": "22", "don_vi": "Đang cập nhật", "luu_vuc": "Sông Bạch Đằng - sông Cấm", "flv_km2": 3.2, "w_huu_ich": 3.2, "w_toanbo": 2.771, "mndbt": 17.5, "mndgc": 0.0, "mnc": 12.5, "dt_tuoi": 130.46, "ma_api": "ae5b9b15-d056-4da5-bbc7-9ba1356eea0d"}}, {"type": "Feature", "geometry": {"type": "Point", "coordinates": [107.010222, 21.028947]}, "properties": {"ma": "H49.TL0009.HC001", "ten": "Hồ An Biên", "loai": "Hồ chứa", "vung": "ĐB Sông Hồng", "tinh": "22", "don_vi": "Đang cập nhật", "luu_vuc": "Sông Bạch Đằng - sông Cấm", "flv_km2": 0.6, "w_huu_ich": 1.2, "w_toanbo": 0.98, "mndbt": 9.75, "mndgc": 0.0, "mnc": 0.02, "dt_tuoi": 364.8, "ma_api": "652780d4-4040-48ed-acb6-de7a9b16abf7"}}, {"type": "Feature", "geometry": {"type": "Point", "coordinates": [108.1659, 11.0811]}, "properties": {"ma": "H11.TL0020.HC001", "ten": "Hồ Cà Giang", "loai": "Hồ chứa", "vung": "Nam Trung Bộ", "tinh": "60", "don_vi": "Công ty KTCTTL Bình Thuận", "luu_vuc": "Sông nhỏ", "flv_km2": 5.4, "w_huu_ich": 0.9, "w_toanbo": 1.0, "mndbt": 10.2, "mndgc": 11.0, "mnc": 8.2, "dt_tuoi": 300.0, "ma_api": "e676d5b1-d23b-4cf1-8037-3baa01972be6"}}, {"type": "Feature", "geometry": {"type": "Point", "coordinates": [106.877014, 21.368394]}, "properties": {"ma": "H02.TL0017.HC001", "ten": "Hồ Khe Đặng", "loai": "Hồ chứa", "vung": "ĐB Sông Hồng", "tinh": "24", "don_vi": "Công ty KTCTTL Bắc Giang", "luu_vuc": "Sông Thương", "flv_km2": 0.0, "w_huu_ich": 1.2, "w_toanbo": 0.799, "mndbt": 0.0, "mndgc": 0.0, "mnc": 0.0, "dt_tuoi": 150.42, "ma_api": "a4e92320-db9b-4d0c-aabc-71ddec56e257"}}, {"type": "Feature", "geometry": {"type": "Point", "coordinates": [107.157206, 16.742408]}, "properties": {"ma": "H50.TL0012.HC001", "ten": "Hồ Triệu Thượng 2", "loai": "Hồ chứa", "nam_xd": "1989", "vung": "Bắc Trung Bộ", "tinh": "45", "don_vi": "Công ty KTCTTL Quảng Trị", "luu_vuc": "Sông Thạch Hãn", "flv_km2": 4.0, "w_huu_ich": 3.0, "w_toanbo": 4.0, "mndbt": 11.0, "mndgc": 12.0, "mnc": 7.0, "dt_tuoi": 0.0}}, {"type": "Feature", "geometry": {"type": "Point", "coordinates": [107.926, 10.9685]}, "properties": {"ma": "H11.TL0010.HC001", "ten": "Hồ Ba Bàu", "loai": "Hồ chứa", "nam_xd": "1993", "vung": "Nam Trung Bộ", "tinh": "60", "don_vi": "Công ty KTCTTL Bình Thuận", "luu_vuc": "Sông Cái Phan Thiết", "flv_km2": 342.0, "w_huu_ich": 6.3, "w_toanbo": 6.9, "mndbt": 42.0, "mndgc": 43.1, "mnc": 37.4, "dt_tuoi": 2700.0, "ma_api": "d6695122-66d6-4121-b71d-c61448d76dc1"}}, {"type": "Feature", "geometry": {"type": "Point", "coordinates": [108.8085, 12.7653]}, "properties": {"ma": "H15.TL0009.HC001", "ten": "Hồ C19", "loai": "Hồ chứa", "vung": "Tây Nguyên", "tinh": "66", "don_vi": "Công ty KTCTTL Đắk Lắk", "luu_vuc": "Sông Ba", "flv_km2": 6.0, "w_huu_ich": 0.7, "w_toanbo": 0.8, "mndbt": 458.0, "mndgc": 0.0, "mnc": 0.0, "dt_tuoi": 210.0}}, {"type": "Feature", "geometry": {"type": "Point", "coordinates": [108.2225, 15.578]}, "properties": {"ma": "H47.TL0002.HC001", "ten": "Hồ Việt An", "loai": "Hồ chứa", "vung": "Nam Trung Bộ", "tinh": "49", "don_vi": "Công ty KTCTTL Quảng Nam", "luu_vuc": "Sông Vu Gia-Thu Bồn", "flv_km2": 27.0, "w_huu_ich": 20.1, "w_toanbo": 23.0, "mndbt": 92.1, "mndgc": 94.5, "mnc": 77.0, "dt_tuoi": 2115.0, "ma_api": "9fadc372-107f-48da-badf-6cb22d71f864"}}, {"type": "Feature", "geometry": {"type": "Point", "coordinates": [108.0799, 15.7112]}, "properties": {"ma": "H47.TL0013.HC001", "ten": "Hồ Trung Lộc", "loai": "Hồ chứa", "vung": "Nam Trung Bộ", "tinh": "49", "don_vi": "Công ty KTCTTL Quảng Nam", "luu_vuc": "Sông Vu Gia-Thu Bồn", "flv_km2": 4.4, "w_huu_ich": 1.8, "w_toanbo": 1.9, "mndbt": 24.6, "mndgc": 26.2, "mnc": 17.7, "dt_tuoi": 190.0, "ma_api": "5d9f3f6b-7544-46a8-a818-fbf97ba697ee"}}, {"type": "Feature", "geometry": {"type": "Point", "coordinates": [108.289, 15.4629]}, "properties": {"ma": "H47.TL0014.HC001", "ten": "Hồ Đá Vách", "loai": "Hồ chứa", "vung": "Nam Trung Bộ", "tinh": "49", "don_vi": "Công ty KTCTTL Quảng Nam", "luu_vuc": "Sông Vu Gia-Thu Bồn", "flv_km2": 2.5, "w_huu_ich": 0.7, "w_toanbo": 0.8, "mndbt": 23.0, "mndgc": 24.7, "mnc": 16.0, "dt_tuoi": 100.0, "ma_api": "ee861a3b-9475-4c62-a72a-efe8083e95a6"}}, {"type": "Feature", "geometry": {"type": "Point", "coordinates": [108.4112, 15.0794]}, "properties": {"ma": "H48.TL0016.HC001", "ten": "Hồ Nước Trong", "loai": "Hồ chứa", "nam_xd": "2016", "vung": "Nam Trung Bộ", "tinh": "51", "don_vi": "Công ty KTCTTL Quảng Ngãi", "luu_vuc": "Sông Trà Bồng-Trà Khúc", "flv_km2": 460.0, "w_huu_ich": 258.7, "w_toanbo": 289.5, "mndbt": 129.5, "mndgc": 130.0, "mnc": 375.0, "dt_tuoi": 20000.0, "ma_api": "4d3c6d85-7988-45f8-a478-5da009b92a0e"}}, {"type": "Feature", "geometry": {"type": "Point", "coordinates": [109.051386, 14.6422]}, "properties": {"ma": "H48.TL0010.HC001", "ten": "Hồ Cây Sanh", "loai": "Hồ chứa", "nam_xd": "2002", "vung": "Nam Trung Bộ", "tinh": "51", "don_vi": "Công ty KTCTTL Quảng Ngãi", "luu_vuc": "Sông Trà Bồng-Trà Khúc", "flv_km2": 2.5, "w_huu_ich": 0.6, "w_toanbo": 0.7, "mndbt": 26.7, "mndgc": 28.2, "mnc": 12.0, "dt_tuoi": 200.0, "ma_api": "d1bbefbf-e0a8-4f2c-a797-3f583368f7ef"}}, {"type": "Feature", "geometry": {"type": "Point", "coordinates": [108.822, 14.9428]}, "properties": {"ma": "H48.TL0005.HC001", "ten": "Hồ Mạch Điểu", "loai": "Hồ chứa", "nam_xd": "2012", "vung": "Nam Trung Bộ", "tinh": "51", "don_vi": "Công ty KTCTTL Quảng Ngãi", "luu_vuc": "Sông Trà Bồng-Trà Khúc", "flv_km2": 3.6, "w_huu_ich": 2.2, "w_toanbo": 2.3, "mndbt": 26.7, "mndgc": 28.4, "mnc": 19.4, "dt_tuoi": 270.0, "ma_api": "45f75ed4-e844-4b92-b50d-582bfd6e7aa0"}}, {"type": "Feature", "geometry": {"type": "Point", "coordinates": [109.024417, 14.712178]}, "properties": {"ma": "H48.TL0009.HC001", "ten": "Hồ Diên Trường", "loai": "Hồ chứa", "nam_xd": "2012", "vung": "Nam Trung Bộ", "tinh": "51", "don_vi": "Công ty KTCTTL Quảng Ngãi", "luu_vuc": "Sông Trà Bồng-Trà Khúc", "flv_km2": 22.2, "w_huu_ich": 3.8, "w_toanbo": 4.4, "mndbt": 18.7, "mndgc": 19.8, "mnc": 11.0, "dt_tuoi": 400.0, "ma_api": "45f68f8a-f3bd-4bb4-a059-bec8e3a47152"}}, {"type": "Feature", "geometry": {"type": "Point", "coordinates": [108.058988, 16.080147]}, "properties": {"ma": "H17.TL0002.HC001", "ten": "Hồ Hòa Trung", "loai": "Hồ chứa", "vung": "Nam Trung Bộ", "tinh": "48", "don_vi": "Công ty KTCTTL Đà Nẵng", "luu_vuc": "Sông Cu Đê", "flv_km2": 16.5, "w_huu_ich": 10.7, "w_toanbo": 11.0, "mndbt": 41.1, "mndgc": 43.3, "mnc": 26.5, "dt_tuoi": 950.0}}, {"type": "Feature", "geometry": {"type": "Point", "coordinates": [106.044616, 18.180884]}, "properties": {"ma": "H27.TL0003.HC001", "ten": "Hồ Thượng Tuy", "loai": "Hồ chứa", "nam_xd": "1961", "vung": "Bắc Trung Bộ", "tinh": "42", "don_vi": "Đang cập nhật", "luu_vuc": "Sông Nghèn", "flv_km2": 11.0, "w_huu_ich": 19.0, "w_toanbo": 19.0, "mndbt": 25.0, "mndgc": 26.0, "mnc": 12.0, "dt_tuoi": 2200.0}}, {"type": "Feature", "geometry": {"type": "Point", "coordinates": [108.1408, 11.1648]}, "properties": {"ma": "H11.TL0002.HC001", "ten": "Hồ Sông Quao", "loai": "Hồ chứa", "vung": "Nam Trung Bộ", "tinh": "60", "don_vi": "Công ty KTCTTL Bình Thuận", "luu_vuc": "Sông Cái Phan Thiết", "flv_km2": 296.0, "w_huu_ich": 74.3, "w_toanbo": 80.0, "mndbt": 89.0, "mndgc": 91.0, "mnc": 72.0, "dt_tuoi": 8120.0, "ma_api": "06f74582-e20c-4445-8f33-c7f00c700451"}}, {"type": "Feature", "geometry": {"type": "Point", "coordinates": [109.097534, 12.310932]}, "properties": {"ma": "H32.TL0009.HC001", "ten": "Hồ Am Chúa", "loai": "Hồ chứa", "vung": "Nam Trung Bộ", "tinh": "56", "don_vi": "Công ty KTCTTL Khánh Hòa", "luu_vuc": "Sông Cái Nha Trang", "flv_km2": 13.7, "w_huu_ich": 4.4, "w_toanbo": 4.7, "mndbt": 35.5, "mndgc": 35.6, "mnc": 23.9, "dt_tuoi": 500.0, "ma_api": "fa59ce7e-574f-4a4a-bcf8-7734e287284e"}}, {"type": "Feature", "geometry": {"type": "Point", "coordinates": [109.065206, 11.983088]}, "properties": {"ma": "H32.TL0003.HC001", "ten": "Hồ Tà Rục", "loai": "Hồ chứa", "vung": "Nam Trung Bộ", "tinh": "56", "don_vi": "Công ty KTCTTL Khánh Hòa", "luu_vuc": "Sông nhỏ", "flv_km2": 63.3, "w_huu_ich": 21.1, "w_toanbo": 23.9, "mndbt": 55.0, "mndgc": 55.9, "mnc": 38.0, "dt_tuoi": 175.0, "ma_api": "8474af50-b67c-4baa-ae91-e27f9f7a2e35"}}, {"type": "Feature", "geometry": {"type": "Point", "coordinates": [109.045687, 12.504803]}, "properties": {"ma": "H32.TL0006.HC001", "ten": "Hồ Suối Trầu", "loai": "Hồ chứa", "vung": "Nam Trung Bộ", "tinh": "56", "don_vi": "Công ty KTCTTL Khánh Hòa", "luu_vuc": "Sông Cái Ninh Hòa", "flv_km2": 58.4, "w_huu_ich": 9.3, "w_toanbo": 9.8, "mndbt": 22.5, "mndgc": 24.6, "mnc": 15.5, "dt_tuoi": 870.0, "ma_api": "f008575d-54b4-4875-a540-44fe1178f52e"}}, {"type": "Feature", "geometry": {"type": "Point", "coordinates": [107.315208, 16.499478]}, "properties": {"ma": "H57.TL0004.HC001", "ten": "Hồ Hòa Mỹ", "loai": "Hồ chứa", "nam_xd": "1994", "vung": "Bắc Trung Bộ", "tinh": "46", "don_vi": "Công ty KTCTTL Thừa Thiên Huế", "luu_vuc": "Sông Hương", "flv_km2": 37.0, "w_huu_ich": 9.0, "w_toanbo": 10.0, "mndbt": 35.0, "mndgc": 41.0, "mnc": 22.0, "dt_tuoi": 1065.0, "ma_api": "eab4fe49-88c5-4cfc-9c85-d05c7b883ec4"}}, {"type": "Feature", "geometry": {"type": "Point", "coordinates": [108.8142, 14.8267]}, "properties": {"ma": "H48.TL0012.HC001", "ten": "Hồ Núi Ngang", "loai": "Hồ chứa", "nam_xd": "2001", "vung": "Nam Trung Bộ", "tinh": "51", "don_vi": "Công ty KTCTTL Quảng Ngãi", "luu_vuc": "Sông Trà Bồng-Trà Khúc", "flv_km2": 57.0, "w_huu_ich": 19.1, "w_toanbo": 21.1, "mndbt": 61.0, "mndgc": 63.3, "mnc": 48.5, "dt_tuoi": 145.0, "ma_api": "83f037e9-ab8f-4a09-b8c8-d5aa4fc1b37e"}}, {"type": "Feature", "geometry": {"type": "Point", "coordinates": [109.231812, 12.45771]}, "properties": {"ma": "H32.TL0008.HC001", "ten": "Hồ Tiên Du", "loai": "Hồ chứa", "vung": "Nam Trung Bộ", "tinh": "56", "don_vi": "Công ty KTCTTL Khánh Hòa", "luu_vuc": "Sông nhỏ", "flv_km2": 12.5, "w_huu_ich": 6.9, "w_toanbo": 7.1, "mndbt": 329.0, "mndgc": 330.9, "mnc": 319.0, "dt_tuoi": 150.0, "ma_api": "8a8c9d12-de2d-4a52-87b5-c5cdf7520df8"}}, {"type": "Feature", "geometry": {"type": "Point", "coordinates": [107.127221, 10.745007]}, "properties": {"ma": "G10.TL0028.HC002", "ten": "Hồ Cầu Mới tuyến VI", "loai": "Hồ chứa", "nam_xd": "2007", "vung": "Đông Nam Bộ", "tinh": "75", "don_vi": "Bộ NN&PTNT", "luu_vuc": "Sông Đồng Nai", "flv_km2": 62.0, "w_huu_ich": 19.5, "w_toanbo": 21.0, "mndbt": 87.5, "mndgc": 89.9, "mnc": 74.6, "dt_tuoi": 900.0, "ma_api": "2c2acdeb-36d2-4300-b33e-39bb69b2edfc"}}, {"type": "Feature", "geometry": {"type": "Point", "coordinates": [107.370044, 10.648493]}, "properties": {"ma": "H06.TL0001.HC001", "ten": "Hồ Sông Ray", "loai": "Hồ chứa", "nam_xd": "1982", "vung": "Đông Nam Bộ", "tinh": "77", "don_vi": "Trung tâm QLKT Bà Rịa - Vũng Tàu", "luu_vuc": "Sông Đồng Nai", "flv_km2": 770.0, "w_huu_ich": 196.04, "w_toanbo": 215.36, "mndbt": 72.8, "mndgc": 73.2, "mnc": 57.0, "dt_tuoi": 9357.0, "ma_api": "53a21dae-c77d-4481-a02f-d8376c674c90"}}, {"type": "Feature", "geometry": {"type": "Point", "coordinates": [108.016206, 14.113737]}, "properties": {"ma": "H21.TL0004.HC001", "ten": "Hồ Tân Sơn", "loai": "Hồ chứa", "vung": "Tây Nguyên", "tinh": "64", "don_vi": "Công ty KTCTTL Gia Lai", "luu_vuc": "Sông Sê San", "flv_km2": 11.5, "w_huu_ich": 4.1, "w_toanbo": 4.4, "mndbt": 780.5, "mndgc": 728.6, "mnc": 764.8, "dt_tuoi": 450.0, "ma_api": "0bdde059-2da7-4165-b394-03cd27c7c8ef"}}, {"type": "Feature", "geometry": {"type": "Point", "coordinates": [108.784439, 13.28547]}, "properties": {"ma": "H21.TL0009.HC001", "ten": "Hồ Ia Mlá", "loai": "Hồ chứa", "vung": "Tây Nguyên", "tinh": "64", "don_vi": "Công ty KTCTTL Gia Lai", "luu_vuc": "Sông Ba", "flv_km2": 109.0, "w_huu_ich": 48.6, "w_toanbo": 54.2, "mndbt": 215.0, "mndgc": 215.9, "mnc": 196.8, "dt_tuoi": 515.0, "ma_api": "2ca75966-b843-4dea-8a78-3caf0c6cd772"}}, {"type": "Feature", "geometry": {"type": "Point", "coordinates": [108.4013, 14.0202]}, "properties": {"ma": "H21.TL0012.HC001", "ten": "Hồ Hà Ra Nam", "loai": "Hồ chứa", "vung": "Tây Nguyên", "tinh": "64", "don_vi": "Công ty KTCTTL Gia Lai", "luu_vuc": "Sông Ba", "flv_km2": 8.1, "w_huu_ich": 1.6, "w_toanbo": 2.0, "mndbt": 728.6, "mndgc": 731.0, "mnc": 719.0, "dt_tuoi": 275.0, "ma_api": "3647521a-a7b2-4646-b32d-042f196ea73d"}}, {"type": "Feature", "geometry": {"type": "Point", "coordinates": [105.735111, 18.353067]}, "properties": {"ma": "H27.TL0005.HC001", "ten": "Hồ Cửa Thờ-Trại Tiểu", "loai": "Hồ chứa", "nam_xd": "1988", "vung": "Bắc Trung Bộ", "tinh": "42", "don_vi": "Đang cập nhật", "luu_vuc": "Sông Nghèn", "flv_km2": 21.0, "w_huu_ich": 14.0, "w_toanbo": 16.0, "mndbt": 22.0, "mndgc": 24.0, "mnc": 6.0, "dt_tuoi": 1600.0}}, {"type": "Feature", "geometry": {"type": "Point", "coordinates": [105.801547, 18.503712]}, "properties": {"ma": "H27.TL0006.HC001", "ten": "Hồ Cù Lây-Trường Lão", "loai": "Hồ chứa", "nam_xd": "1972", "vung": "Bắc Trung Bộ", "tinh": "42", "don_vi": "Đang cập nhật", "luu_vuc": "Sông Nghèn", "flv_km2": 20.0, "w_huu_ich": 12.0, "w_toanbo": 13.0, "mndbt": 23.0, "mndgc": 24.0, "mnc": 11.0, "dt_tuoi": 2200.0}}, {"type": "Feature", "geometry": {"type": "Point", "coordinates": [108.7663, 14.9888]}, "properties": {"ma": "H48.TL0003.HC001", "ten": "Hồ Hố Cả", "loai": "Hồ chứa", "nam_xd": "2011", "vung": "Nam Trung Bộ", "tinh": "51", "don_vi": "Công ty KTCTTL Quảng Ngãi", "luu_vuc": "Sông Trà Bồng-Trà Khúc", "flv_km2": 4.1, "w_huu_ich": 1.1, "w_toanbo": 1.2, "mndbt": 72.6, "mndgc": 74.8, "mnc": 61.2, "dt_tuoi": 163.0}}, {"type": "Feature", "geometry": {"type": "Point", "coordinates": [108.8393, 14.9246]}, "properties": {"ma": "H48.TL0004.HC001", "ten": "Hồ Hóc Sầm", "loai": "Hồ chứa", "nam_xd": "1985", "vung": "Nam Trung Bộ", "tinh": "51", "don_vi": "Công ty KTCTTL Quảng Ngãi", "luu_vuc": "Sông Trà Bồng-Trà Khúc", "flv_km2": 7.5, "w_huu_ich": 1.5, "w_toanbo": 1.5, "mndbt": 20.4, "mndgc": 22.0, "mnc": 12.0, "dt_tuoi": 150.0}}, {"type": "Feature", "geometry": {"type": "Point", "coordinates": [108.72, 15.3426]}, "properties": {"ma": "H48.TL0017.HC001", "ten": "Hồ Nam Bình", "loai": "Hồ chứa", "nam_xd": "1987", "vung": "Nam Trung Bộ", "tinh": "51", "don_vi": "Công ty KTCTTL Quảng Ngãi", "luu_vuc": "Sông Trà Bồng-Trà Khúc", "flv_km2": 1.1, "w_huu_ich": 0.5, "w_toanbo": 0.5, "mndbt": 0.0, "mndgc": 0.0, "mnc": 0.0, "dt_tuoi": 120.0}}, {"type": "Feature", "geometry": {"type": "Point", "coordinates": [108.7234, 15.2385]}, "properties": {"ma": "H48.TL0018.HC001", "ten": "Hồ Sơn Rái", "loai": "Hồ chứa", "nam_xd": "1983", "vung": "Nam Trung Bộ", "tinh": "51", "don_vi": "Công ty KTCTTL Quảng Ngãi", "luu_vuc": "Sông Trà Bồng-Trà Khúc", "flv_km2": 2.5, "w_huu_ich": 0.6, "w_toanbo": 0.6, "mndbt": 0.0, "mndgc": 0.0, "mnc": 0.0, "dt_tuoi": 75.0}}, {"type": "Feature", "geometry": {"type": "Point", "coordinates": [108.8813, 14.9085]}, "properties": {"ma": "H48.TL0019.HC001", "ten": "Hồ Ông Tới", "loai": "Hồ chứa", "nam_xd": "1988", "vung": "Nam Trung Bộ", "tinh": "51", "don_vi": "Công ty KTCTTL Quảng Ngãi", "luu_vuc": "Sông Trà Bồng-Trà Khúc", "flv_km2": 3.1, "w_huu_ich": 1.4, "w_toanbo": 1.5, "mndbt": 0.0, "mndgc": 0.0, "mnc": 0.0, "dt_tuoi": 150.0}}, {"type": "Feature", "geometry": {"type": "Point", "coordinates": [108.595128, 15.235743]}, "properties": {"ma": "H48.TL0020.HC001", "ten": "Hồ Sình Kiến", "loai": "Hồ chứa", "nam_xd": "2007", "vung": "Nam Trung Bộ", "tinh": "51", "don_vi": "Công ty KTCTTL Quảng Ngãi", "luu_vuc": "Sông Trà Bồng-Trà Khúc", "flv_km2": 1.6, "w_huu_ich": 0.6, "w_toanbo": 0.8, "mndbt": 0.0, "mndgc": 0.0, "mnc": 0.0, "dt_tuoi": 100.0}}, {"type": "Feature", "geometry": {"type": "Point", "coordinates": [105.480994, 18.764006]}, "properties": {"ma": "H41.TL0039.HC001", "ten": "Hồ Đá Hàn", "loai": "Hồ chứa", "nam_xd": "2013", "vung": "Bắc Trung Bộ", "tinh": "40", "don_vi": "Đang cập nhật", "luu_vuc": "Sông Cả", "flv_km2": 112.0, "w_huu_ich": 16.0, "w_toanbo": 20.0, "mndbt": 38.0, "mndgc": 43.0, "mnc": 28.0, "dt_tuoi": 2612.0}}, {"type": "Feature", "geometry": {"type": "Point", "coordinates": [105.66, 18.41]}, "properties": {"ma": "Đang cập nhật", "ten": "Hồ Vực Trống", "loai": "Hồ chứa", "vung": "Bắc Trung Bộ", "tinh": "42", "don_vi": "Đang cập nhật", "luu_vuc": "Sông Cả", "dt_tuoi": 1970.0}}, {"type": "Feature", "geometry": {"type": "Point", "coordinates": [108.0835, 15.9526]}, "properties": {"ma": "H17.TL0001.HC001", "ten": "Hồ Đồng Nghệ", "loai": "Hồ chứa", "vung": "Nam Trung Bộ", "tinh": "48", "don_vi": "Công ty KTCTTL Đà Nẵng", "luu_vuc": "Sông Cu Đê", "flv_km2": 28.5, "w_huu_ich": 16.2, "w_toanbo": 17.2, "mndbt": 33.3, "mndgc": 35.6, "mnc": 20.8, "dt_tuoi": 2000.0}}, {"type": "Feature", "geometry": {"type": "Point", "coordinates": [109.109028, 14.007508]}, "properties": {"ma": "H08.TL0014.HC001", "ten": "Hồ Tường Sơn", "loai": "Hồ chứa", "nam_xd": "1979", "vung": "Nam Trung Bộ", "tinh": "52", "don_vi": "Công ty KTCTTL Bình Định", "luu_vuc": "Sông Kôn", "flv_km2": 12.2, "w_huu_ich": 3.0, "w_toanbo": 3.1, "mndbt": 33.0, "mndgc": 34.3, "mnc": 25.5, "dt_tuoi": 348.0}}, {"type": "Feature", "geometry": {"type": "Point", "coordinates": [109.136356, 14.220439]}, "properties": {"ma": "H08.TL0015.HC001", "ten": "Hồ Hóc Nhạn", "loai": "Hồ chứa", "vung": "Nam Trung Bộ", "tinh": "52", "don_vi": "Công ty KTCTTL Bình Định", "luu_vuc": "Sông Kôn", "flv_km2": 6.0, "w_huu_ich": 2.1, "w_toanbo": 2.2, "mndbt": 24.0, "mndgc": 0.0, "mnc": 23.6, "dt_tuoi": 240.0}}, {"type": "Feature", "geometry": {"type": "Point", "coordinates": [108.0181, 15.7844]}, "properties": {"ma": "H47.TL0003.HC001", "ten": "Hồ Khe Tân", "loai": "Hồ chứa", "vung": "Nam Trung Bộ", "tinh": "49", "don_vi": "Công ty KTCTTL Quảng Nam", "luu_vuc": "Sông Vu Gia-Thu Bồn", "flv_km2": 88.0, "w_huu_ich": 46.5, "w_toanbo": 54.0, "mndbt": 21.8, "mndgc": 24.0, "mnc": 14.1, "dt_tuoi": 3500.0}}, {"type": "Feature", "geometry": {"type": "Point", "coordinates": [109.0932, 14.0299]}, "properties": {"ma": "H08.TL0016.HC001", "ten": "Hồ Suối Chay", "loai": "Hồ chứa", "vung": "Nam Trung Bộ", "tinh": "52", "don_vi": "Công ty KTCTTL Bình Định", "luu_vuc": "Sông Kôn", "flv_km2": 9.5, "w_huu_ich": 1.7, "w_toanbo": 1.7, "mndbt": 21.0, "mndgc": 23.5, "mnc": 12.0, "dt_tuoi": 383.0}}, {"type": "Feature", "geometry": {"type": "Point", "coordinates": [109.1877, 14.0039]}, "properties": {"ma": "H08.TL0017.HC001", "ten": "Hồ Mỹ Thuận", "loai": "Hồ chứa", "vung": "Nam Trung Bộ", "tinh": "52", "don_vi": "Công ty KTCTTL Bình Định", "luu_vuc": "Sông Kôn", "flv_km2": 12.8, "w_huu_ich": 5.3, "w_toanbo": 5.6, "mndbt": 17.0, "mndgc": 19.0, "mnc": 9.0, "dt_tuoi": 269.0}}, {"type": "Feature", "geometry": {"type": "Point", "coordinates": [108.995, 14.2066]}, "properties": {"ma": "H08.TL0018.HC001", "ten": "Hồ Hội Khánh", "loai": "Hồ chứa", "vung": "Nam Trung Bộ", "tinh": "52", "don_vi": "Công ty KTCTTL Bình Định", "luu_vuc": "Sông Kôn", "flv_km2": 7.2, "w_huu_ich": 6.8, "w_toanbo": 6.9, "mndbt": 66.5, "mndgc": 71.0, "mnc": 53.0, "dt_tuoi": 581.0}}, {"type": "Feature", "geometry": {"type": "Point", "coordinates": [109.1859, 13.5411]}, "properties": {"ma": "H45.TL0004.HC001", "ten": "Hồ Xuân Bình", "loai": "Hồ chứa", "vung": "Nam Trung Bộ", "tinh": "54", "don_vi": "Công ty KTCTTL Đồng Cam", "luu_vuc": "Sông Kỳ Lộ", "flv_km2": 5.0, "w_huu_ich": 4.5, "w_toanbo": 6.4, "mndbt": 75.8, "mndgc": 77.6, "mnc": 67.0, "dt_tuoi": 100.0}}, {"type": "Feature", "geometry": {"type": "Point", "coordinates": [108.8863, 12.9156]}, "properties": {"ma": "H45.TL0005.HC001", "ten": "Hồ Buôn Đức", "loai": "Hồ chứa", "nam_xd": "2013", "vung": "Nam Trung Bộ", "tinh": "54", "don_vi": "Công ty KTCTTL Đồng Cam", "luu_vuc": "Sông Ba", "flv_km2": 27.1, "w_huu_ich": 3.8, "w_toanbo": 4.3, "mndbt": 199.5, "mndgc": 202.8, "mnc": 192.5, "dt_tuoi": 300.0}}, {"type": "Feature", "geometry": {"type": "Point", "coordinates": [109.080677, 13.557056]}, "properties": {"ma": "H45.TL0006.HC001", "ten": "Hồ Kỳ Châu", "loai": "Hồ chứa", "nam_xd": "2013", "vung": "Nam Trung Bộ", "tinh": "54", "don_vi": "Công ty KTCTTL Đồng Cam", "luu_vuc": "Sông Kỳ Lộ", "flv_km2": 14.5, "w_huu_ich": 3.5, "w_toanbo": 3.8, "mndbt": 141.1, "mndgc": 144.2, "mnc": 127.8, "dt_tuoi": 480.0}}, {"type": "Feature", "geometry": {"type": "Point", "coordinates": [109.281689, 12.938431]}, "properties": {"ma": "H45.TL0007.HC001", "ten": "Hồ Hóc Răm", "loai": "Hồ chứa", "nam_xd": "1996", "vung": "Nam Trung Bộ", "tinh": "54", "don_vi": "Công ty KTCTTL Đồng Cam", "luu_vuc": "Sông Ba", "flv_km2": 6.8, "w_huu_ich": 2.6, "w_toanbo": 2.9, "mndbt": 23.2, "mndgc": 25.2, "mnc": 11.3, "dt_tuoi": 209.0}}, {"type": "Feature", "geometry": {"type": "Point", "coordinates": [105.580634, 21.903213]}, "properties": {"ma": "H55.TL0002.HC001", "ten": "Hồ Bảo Linh", "loai": "Hồ chứa", "vung": "MN phía Bắc", "tinh": "19", "don_vi": "Công ty KTCTTL Thái Nguyên", "luu_vuc": "Sông Cầu", "flv_km2": 0.0, "w_huu_ich": 5.8, "w_toanbo": 6.9, "mndbt": 156.0, "mndgc": 0.0, "mnc": 146.0, "dt_tuoi": 0.0, "ma_api": "90ee7ffe-678e-43a7-867a-5c9687250b63"}}, {"type": "Feature", "geometry": {"type": "Point", "coordinates": [105.355156, 19.985147]}, "properties": {"ma": "H56.TL0029.HC001", "ten": "Hồ Chòm Mót", "loai": "Hồ chứa", "nam_xd": "1979", "vung": "Bắc Trung Bộ", "tinh": "38", "don_vi": "Đang cập nhật", "luu_vuc": "Sông Mã", "flv_km2": 9.0, "w_huu_ich": 0.0, "w_toanbo": 0.0, "mndbt": 41.0, "mndgc": 44.0, "mnc": 38.0, "dt_tuoi": 70.0, "ma_api": "4137735a-2493-403d-9f06-6497684aeff0"}}, {"type": "Feature", "geometry": {"type": "Point", "coordinates": [108.94442, 14.755195]}, "properties": {"ma": "H48.TL0006.HC001", "ten": "Hồ Liệt Sơn", "loai": "Hồ chứa", "nam_xd": "2001", "vung": "Nam Trung Bộ", "tinh": "51", "don_vi": "Công ty KTCTTL Quảng Ngãi", "luu_vuc": "Sông Trà Bồng-Trà Khúc", "flv_km2": 36.8, "w_huu_ich": 25.7, "w_toanbo": 28.7, "mndbt": 39.0, "mndgc": 41.3, "mnc": 23.4, "dt_tuoi": 25.0, "ma_api": "532a9dd1-3bd8-4917-9e3e-093a9490b0a9"}}, {"type": "Feature", "geometry": {"type": "Point", "coordinates": [108.939792, 14.796209]}, "properties": {"ma": "H48.TL0007.HC001", "ten": "Hồ An Thọ", "loai": "Hồ chứa", "nam_xd": "2011", "vung": "Nam Trung Bộ", "tinh": "51", "don_vi": "Công ty KTCTTL Quảng Ngãi", "luu_vuc": "Sông Trà Bồng-Trà Khúc", "flv_km2": 3.4, "w_huu_ich": 2.4, "w_toanbo": 2.4, "mndbt": 27.3, "mndgc": 28.4, "mnc": 20.3, "dt_tuoi": 160.0, "ma_api": "0835e858-6657-4ca1-8043-d03d70ac6590"}}, {"type": "Feature", "geometry": {"type": "Point", "coordinates": [108.7629, 14.804]}, "properties": {"ma": "H48.TL0014.HC001", "ten": "Hồ Suối Loa", "loai": "Hồ chứa", "nam_xd": "2013", "vung": "Nam Trung Bộ", "tinh": "51", "don_vi": "Công ty KTCTTL Quảng Ngãi", "luu_vuc": "Sông Trà Bồng-Trà Khúc", "flv_km2": 4.0, "w_huu_ich": 0.3, "w_toanbo": 0.4, "mndbt": 55.4, "mndgc": 58.0, "mnc": 48.2, "dt_tuoi": 117.0, "ma_api": "697eb1e5-be68-4e7d-8c35-6ab3eb522cbf"}}, {"type": "Feature", "geometry": {"type": "Point", "coordinates": [105.754386, 20.265256]}, "properties": {"ma": "H42.TL0004.HC001", "ten": "Hồ Thường Xung", "loai": "Hồ chứa", "vung": "ĐB Sông Hồng", "tinh": "37", "don_vi": "Công ty KTCTTL Ninh Bình", "luu_vuc": "Sông Hoàng Long", "flv_km2": 0.0, "w_huu_ich": 1.5, "w_toanbo": 0.0, "mndbt": 11.0, "mndgc": 0.0, "mnc": 0.0, "dt_tuoi": 0.0, "ma_api": "b602b24e-e5f1-4d9c-8efc-8a964a39b949"}}, {"type": "Feature", "geometry": {"type": "Point", "coordinates": [105.829833, 20.22336]}, "properties": {"ma": "H42.TL0003.HC001", "ten": "Hồ Đập Trời", "loai": "Hồ chứa", "vung": "ĐB Sông Hồng", "tinh": "37", "don_vi": "Công ty KTCTTL Ninh Bình", "luu_vuc": "Sông Hoàng Long", "flv_km2": 0.0, "w_huu_ich": 1.8, "w_toanbo": 0.0, "mndbt": 33.7, "mndgc": 0.0, "mnc": 0.0, "dt_tuoi": 0.0, "ma_api": "3ca51bdb-fcef-4eaa-b102-25dc3690a48c"}}, {"type": "Feature", "geometry": {"type": "Point", "coordinates": [105.725017, 20.284563]}, "properties": {"ma": "H42.TL0005.HC001", "ten": "Hồ Yên Quang 1-4", "loai": "Hồ chứa", "vung": "ĐB Sông Hồng", "tinh": "37", "don_vi": "Công ty KTCTTL Ninh Bình", "luu_vuc": "Sông Hoàng Long", "flv_km2": 0.0, "w_huu_ich": 6.1, "w_toanbo": 0.0, "mndbt": 15.5, "mndgc": 0.0, "mnc": 0.0, "dt_tuoi": 0.0, "ma_api": "958ebdbf-5b1f-40f6-bc11-a414aec21a4a"}}, {"type": "Feature", "geometry": {"type": "Point", "coordinates": [106.643485, 21.328079]}, "properties": {"ma": "H02.TL0021.HC001", "ten": "Hồ Khuôn Vố", "loai": "Hồ chứa", "vung": "ĐB Sông Hồng", "tinh": "24", "don_vi": "Công ty KTCTTL Bắc Giang", "luu_vuc": "Sông Thương", "flv_km2": 0.0, "w_huu_ich": 1.5, "w_toanbo": 1.49, "mndbt": 46.2, "mndgc": 0.0, "mnc": 38.0, "dt_tuoi": 447.0, "ma_api": "795a9a0a-dd0f-43ea-9b97-639431773ce1"}}, {"type": "Feature", "geometry": {"type": "Point", "coordinates": [106.154195, 21.492898]}, "properties": {"ma": "H02.TL0005.HC001", "ten": "Hồ Cầu Cháy", "loai": "Hồ chứa", "vung": "ĐB Sông Hồng", "tinh": "24", "don_vi": "Công ty KTCTTL Bắc Giang", "luu_vuc": "Sông Thương", "flv_km2": 0.0, "w_huu_ich": 0.8, "w_toanbo": 1.21, "mndbt": 24.91, "mndgc": 0.0, "mnc": 18.5, "dt_tuoi": 580.0, "ma_api": "72223ca2-1cf8-45ad-83ce-68241c4334a8"}}, {"type": "Feature", "geometry": {"type": "Point", "coordinates": [106.809145, 21.416377]}, "properties": {"ma": "H02.TL0023.HC001", "ten": "Hồ Khuôn Thắm", "loai": "Hồ chứa", "vung": "ĐB Sông Hồng", "tinh": "24", "don_vi": "Công ty KTCTTL Bắc Giang", "luu_vuc": "Sông Thương", "flv_km2": 0.0, "w_huu_ich": 0.5, "w_toanbo": 0.5388, "mndbt": 61.2, "mndgc": 0.0, "mnc": 53.0, "dt_tuoi": 52.0, "ma_api": "a57729ac-f290-4923-9ff7-c42e02fdb49a"}}, {"type": "Feature", "geometry": {"type": "Point", "coordinates": [106.528033, 21.446187]}, "properties": {"ma": "H02.TL0008.HC001", "ten": "Hồ Khuôn Thần", "loai": "Hồ chứa", "vung": "ĐB Sông Hồng", "tinh": "24", "don_vi": "Công ty KTCTTL Bắc Giang", "luu_vuc": "Sông Thương", "flv_km2": 0.0, "w_huu_ich": 15.6, "w_toanbo": 16.1, "mndbt": 61.2, "mndgc": 0.0, "mnc": 53.0, "dt_tuoi": 2746.0, "ma_api": "7262d8bb-3067-4ff7-83ac-bc5ff82d69fd"}}, {"type": "Feature", "geometry": {"type": "Point", "coordinates": [106.400994, 21.374263]}, "properties": {"ma": "H02.TL0019.HC001", "ten": "Hồ Cây Đa", "loai": "Hồ chứa", "vung": "ĐB Sông Hồng", "tinh": "24", "don_vi": "Công ty KTCTTL Bắc Giang", "luu_vuc": "Sông Thương", "flv_km2": 0.0, "w_huu_ich": 2.3, "w_toanbo": 2.49, "mndbt": 35.6, "mndgc": 0.0, "mnc": 27.5, "dt_tuoi": 400.0, "ma_api": "5e71f1a3-418c-4b0c-a568-3944f6b937a8"}}, {"type": "Feature", "geometry": {"type": "Point", "coordinates": [106.695306, 21.361917]}, "properties": {"ma": "H02.TL0013.HC001", "ten": "Hồ Đồng Cốc", "loai": "Hồ chứa", "vung": "ĐB Sông Hồng", "tinh": "24", "don_vi": "Công ty KTCTTL Bắc Giang", "luu_vuc": "Sông Thương", "flv_km2": 0.0, "w_huu_ich": 1.2, "w_toanbo": 2.053, "mndbt": 29.35, "mndgc": 0.0, "mnc": 26.4, "dt_tuoi": 511.0, "ma_api": "4e2d1017-9cf6-4f52-9f73-b5b57f0e3463"}}, {"type": "Feature", "geometry": {"type": "Point", "coordinates": [106.49949, 21.385792]}, "properties": {"ma": "H02.TL0011.HC001", "ten": "Hồ Làng Thum", "loai": "Hồ chứa", "vung": "ĐB Sông Hồng", "tinh": "24", "don_vi": "Công ty KTCTTL Bắc Giang", "luu_vuc": "Sông Thương", "flv_km2": 0.0, "w_huu_ich": 6.3, "w_toanbo": 8.14, "mndbt": 27.8, "mndgc": 0.0, "mnc": 21.0, "dt_tuoi": 1645.0, "ma_api": "4b5e0753-2b21-4b03-9d62-dc336dfbb87a"}}, {"type": "Feature", "geometry": {"type": "Point", "coordinates": [106.484574, 21.257961]}, "properties": {"ma": "H02.TL0020.HC001", "ten": "Hồ Suối Mỡ", "loai": "Hồ chứa", "vung": "ĐB Sông Hồng", "tinh": "24", "don_vi": "Công ty KTCTTL Bắc Giang", "luu_vuc": "Sông Thương", "flv_km2": 0.0, "w_huu_ich": 2.0, "w_toanbo": 2.242, "mndbt": 0.0, "mndgc": 0.0, "mnc": 0.0, "dt_tuoi": 520.0, "ma_api": "c4ad714f-84b5-45aa-9acb-533f7bdaf010"}}, {"type": "Feature", "geometry": {"type": "Point", "coordinates": [106.580514, 21.350681]}, "properties": {"ma": "H02.TL0015.HC001", "ten": "Hồ Khe Sàng", "loai": "Hồ chứa", "vung": "ĐB Sông Hồng", "tinh": "24", "don_vi": "Công ty KTCTTL Bắc Giang", "luu_vuc": "Sông Thương", "flv_km2": 0.0, "w_huu_ich": 1.3, "w_toanbo": 0.0, "mndbt": 0.0, "mndgc": 0.0, "mnc": 0.0, "dt_tuoi": 0.0, "ma_api": "f9a0d033-61e9-4745-8d5e-d1f7edabcbfb"}}, {"type": "Feature", "geometry": {"type": "Point", "coordinates": [103.137925, 21.380778]}, "properties": {"ma": "H18.TL0009.HC001", "ten": "Hồ Nậm Ngam", "loai": "Hồ chứa", "vung": "MN phía Bắc", "tinh": "11", "don_vi": "Công ty KTCTTL Điện Biên", "luu_vuc": "Sông Đà", "flv_km2": 14.8, "w_huu_ich": 5.4, "w_toanbo": 5.939, "mndbt": 1140.66, "mndgc": 0.0, "mnc": 1126.4, "dt_tuoi": 1200.0, "ma_api": "700469db-7993-491d-bd7e-ff75ab7991cf"}}, {"type": "Feature", "geometry": {"type": "Point", "coordinates": [102.965233, 21.384651]}, "properties": {"ma": "H18.TL0005.HC001", "ten": "Hồ Hồng Khếnh", "loai": "Hồ chứa", "vung": "MN phía Bắc", "tinh": "11", "don_vi": "Công ty KTCTTL Điện Biên", "luu_vuc": "Sông Đà", "flv_km2": 5.4, "w_huu_ich": 1.6, "w_toanbo": 1.682, "mndbt": 515.3, "mndgc": 0.0, "mnc": 503.0, "dt_tuoi": 320.0, "ma_api": "d6e15302-e038-4028-8ae2-fb294d1ee4c8"}}, {"type": "Feature", "geometry": {"type": "Point", "coordinates": [103.081414, 21.149072]}, "properties": {"ma": "H18.TL0006.HC001", "ten": "Hồ Na Hươm", "loai": "Hồ chứa", "vung": "MN phía Bắc", "tinh": "11", "don_vi": "Công ty KTCTTL Điện Biên", "luu_vuc": "Sông Đà", "flv_km2": 3.3, "w_huu_ich": 0.6, "w_toanbo": 0.72, "mndbt": 600.7, "mndgc": 0.0, "mnc": 591.3, "dt_tuoi": 330.0, "ma_api": "2ad0c0a5-783b-4ae1-a44b-e1d436a71d66"}}, {"type": "Feature", "geometry": {"type": "Point", "coordinates": [103.043657, 21.409072]}, "properties": {"ma": "H18.TL0008.HC001", "ten": "Hồ Huổi Phạ", "loai": "Hồ chứa", "vung": "MN phía Bắc", "tinh": "11", "don_vi": "Công ty KTCTTL Điện Biên", "luu_vuc": "Sông Đà", "flv_km2": 17.7, "w_huu_ich": 1.4, "w_toanbo": 1.843, "mndbt": 486.75, "mndgc": 0.0, "mnc": 478.0, "dt_tuoi": 250.0, "ma_api": "80747efd-fed0-4cc1-8ba1-428e913e3f5b"}}, {"type": "Feature", "geometry": {"type": "Point", "coordinates": [102.967564, 21.404205]}, "properties": {"ma": "H18.TL0002.HC001", "ten": "Hồ Pe Luông", "loai": "Hồ chứa", "vung": "MN phía Bắc", "tinh": "11", "don_vi": "Công ty KTCTTL Điện Biên", "luu_vuc": "Sông Đà", "flv_km2": 23.5, "w_huu_ich": 1.6, "w_toanbo": 2.266, "mndbt": 525.22, "mndgc": 0.0, "mnc": 514.4, "dt_tuoi": 265.0, "ma_api": "bc04b013-3153-49c1-a03d-bd52cebae6ca"}}, {"type": "Feature", "geometry": {"type": "Point", "coordinates": [105.356969, 20.67584]}, "properties": {"ma": "H28.TL0006.HC001", "ten": "Hồ Cạn Thượng", "loai": "Hồ chứa", "vung": "MN phía Bắc", "tinh": "17", "don_vi": "Công ty KTCTTL Hòa Bình", "luu_vuc": "Sông Đà", "flv_km2": 17.0, "w_huu_ich": 4.3, "w_toanbo": 4.9, "mndbt": 282.9, "mndgc": 0.0, "mnc": 266.0, "dt_tuoi": 0.0, "ma_api": "b9493f13-2276-4bbd-abbc-d48d9d48ad07"}}, {"type": "Feature", "geometry": {"type": "Point", "coordinates": [105.387876, 20.532655]}, "properties": {"ma": "H28.TL0003.HC001", "ten": "Hồ Khang Trào", "loai": "Hồ chứa", "vung": "MN phía Bắc", "tinh": "17", "don_vi": "Công ty KTCTTL Hòa Bình", "luu_vuc": "Sông Đà", "flv_km2": 7.5, "w_huu_ich": 2.0, "w_toanbo": 2.2, "mndbt": 124.1, "mndgc": 0.0, "mnc": 110.6, "dt_tuoi": 0.0, "ma_api": "212b1489-60f7-4c91-85f0-14f15ba60f46"}}, {"type": "Feature", "geometry": {"type": "Point", "coordinates": [105.757704, 20.463055]}, "properties": {"ma": "H28.TL0011.HC001", "ten": "Hồ Yên Bồng I", "loai": "Hồ chứa", "vung": "MN phía Bắc", "tinh": "17", "don_vi": "Công ty KTCTTL Hòa Bình", "luu_vuc": "Sông Đà", "flv_km2": 280.0, "w_huu_ich": 0.5, "w_toanbo": 0.52, "mndbt": 59.95, "mndgc": 0.0, "mnc": 50.95, "dt_tuoi": 0.0, "ma_api": "79ccbf84-4bd5-466f-aa63-1ac75b6876b8"}}, {"type": "Feature", "geometry": {"type": "Point", "coordinates": [105.202678, 20.646584]}, "properties": {"ma": "H28.TL0002.HC001", "ten": "Hồ Trọng", "loai": "Hồ chứa", "vung": "MN phía Bắc", "tinh": "17", "don_vi": "Công ty KTCTTL Hòa Bình", "luu_vuc": "Sông Đà", "flv_km2": 19.47, "w_huu_ich": 3.7, "w_toanbo": 4.212, "mndbt": 205.2, "mndgc": 0.0, "mnc": 193.6, "dt_tuoi": 0.0, "ma_api": "34e7b44c-10ee-4095-8817-e07d08943ac8"}}, {"type": "Feature", "geometry": {"type": "Point", "coordinates": [106.034031, 21.489717]}, "properties": {"ma": "H55.TL0007.HC001", "ten": "Hồ Trại Gạo", "loai": "Hồ chứa", "vung": "MN phía Bắc", "tinh": "19", "don_vi": "Công ty KTCTTL Thái Nguyên", "luu_vuc": "Sông Cầu", "flv_km2": 0.0, "w_huu_ich": 1.9, "w_toanbo": 2.28, "mndbt": 44.0, "mndgc": 0.0, "mnc": 37.2, "dt_tuoi": 0.0, "ma_api": "cab7f4ed-54bd-44eb-8bdd-273fe10c580e"}}, {"type": "Feature", "geometry": {"type": "Point", "coordinates": [105.702631, 20.08525]}, "properties": {"ma": "H56.TL0013.HC001", "ten": "Hồ Tây Trác", "loai": "Hồ chứa", "nam_xd": "1993", "vung": "Bắc Trung Bộ", "tinh": "38", "don_vi": "Đang cập nhật", "luu_vuc": "Sông Mã", "flv_km2": 14.0, "w_huu_ich": 3.0, "w_toanbo": 3.0, "mndbt": 30.0, "mndgc": 31.0, "mnc": 23.0, "dt_tuoi": 416.0, "ma_api": "e8712f33-9920-4f08-8786-b6f03719735b"}}, {"type": "Feature", "geometry": {"type": "Point", "coordinates": [105.388789, 20.136622]}, "properties": {"ma": "H56.TL0027.HC001", "ten": "Hồ Bai Ngọc", "loai": "Hồ chứa", "nam_xd": "1984", "vung": "Bắc Trung Bộ", "tinh": "38", "don_vi": "Đang cập nhật", "luu_vuc": "Sông Mã", "flv_km2": 2.0, "w_huu_ich": 0.0, "w_toanbo": 0.0, "mndbt": 60.0, "mndgc": 60.0, "mnc": 55.0, "dt_tuoi": 140.0, "ma_api": "532e898a-5e14-4210-8ee4-4aa3f4931b4a"}}, {"type": "Feature", "geometry": {"type": "Point", "coordinates": [105.529792, 19.615697]}, "properties": {"ma": "H56.TL0003.HC001", "ten": "Hồ Sông Mực", "loai": "Hồ chứa", "nam_xd": "1986", "vung": "Bắc Trung Bộ", "tinh": "38", "don_vi": "Công ty KTCTTL Thanh Hóa", "luu_vuc": "Sông Yên", "flv_km2": 236.0, "w_huu_ich": 187.0, "w_toanbo": 200.0, "mndbt": 33.0, "mndgc": 37.0, "mnc": 18.0, "dt_tuoi": 11344.0, "ma_api": "b858cd0f-d93b-4fcc-a210-7d671091afd3"}}, {"type": "Feature", "geometry": {"type": "Point", "coordinates": [105.546119, 20.24675]}, "properties": {"ma": "H56.TL0018.HC001", "ten": "Hồ Trưa Vần", "loai": "Hồ chứa", "nam_xd": "1973", "vung": "Bắc Trung Bộ", "tinh": "38", "don_vi": "Đang cập nhật", "luu_vuc": "Sông Mã", "flv_km2": 3.0, "w_huu_ich": 0.0, "w_toanbo": 0.0, "mndbt": 22.0, "mndgc": 24.0, "mnc": 17.0, "dt_tuoi": 65.0, "ma_api": "577526f7-d72f-4b0b-b3d7-9b395f1822c4"}}, {"type": "Feature", "geometry": {"type": "Point", "coordinates": [105.280136, 19.880439]}, "properties": {"ma": "G10.TL0002.HC001", "ten": "Hồ Cửa Đạt", "loai": "Hồ chứa", "nam_xd": "2010", "vung": "Bắc Trung Bộ", "tinh": "38", "don_vi": "Bộ NN&PTNT", "luu_vuc": "Sông Mã", "flv_km2": 5938.0, "w_huu_ich": 906.0, "w_toanbo": 1122.0, "mndbt": 110.0, "mndgc": 119.0, "mnc": 73.0, "dt_tuoi": 86862.0, "ma_api": "98158a85-f3f6-4394-99b5-07fc6472571d"}}, {"type": "Feature", "geometry": {"type": "Point", "coordinates": [105.574483, 20.213689]}, "properties": {"ma": "H56.TL0011.HC001", "ten": "Hồ Xuân Lũng", "loai": "Hồ chứa", "nam_xd": "1966", "vung": "Bắc Trung Bộ", "tinh": "38", "don_vi": "Đang cập nhật", "luu_vuc": "Sông Mã", "flv_km2": 4.0, "w_huu_ich": 3.0, "w_toanbo": 3.0, "mndbt": 40.0, "mndgc": 41.0, "mnc": 26.0, "dt_tuoi": 214.0, "ma_api": "2584faf8-1cdb-4dcd-bf2e-40f8696d4d98"}}, {"type": "Feature", "geometry": {"type": "Point", "coordinates": [105.625097, 20.243108]}, "properties": {"ma": "H56.TL0015.HC001", "ten": "Hồ Vũng Sú", "loai": "Hồ chứa", "nam_xd": "2002", "vung": "Bắc Trung Bộ", "tinh": "38", "don_vi": "Đang cập nhật", "luu_vuc": "Sông Mã", "flv_km2": 14.0, "w_huu_ich": 2.0, "w_toanbo": 2.0, "mndbt": 70.0, "mndgc": 71.0, "mnc": 57.0, "dt_tuoi": 461.0, "ma_api": "e2bd8a6b-de55-4570-aa74-2704dc0db7af"}}, {"type": "Feature", "geometry": {"type": "Point", "coordinates": [105.714725, 20.099047]}, "properties": {"ma": "H56.TL0010.HC001", "ten": "Hồ Đồng Ngư", "loai": "Hồ chứa", "nam_xd": "1971", "vung": "Bắc Trung Bộ", "tinh": "38", "don_vi": "Đang cập nhật", "luu_vuc": "Sông Mã", "flv_km2": 11.0, "w_huu_ich": 8.0, "w_toanbo": 8.0, "mndbt": 32.0, "mndgc": 33.0, "mnc": 20.0, "dt_tuoi": 758.0, "ma_api": "976ee709-2f58-4fae-b5b7-7492ce4416bd"}}, {"type": "Feature", "geometry": {"type": "Point", "coordinates": [106.268542, 18.021658]}, "properties": {"ma": "H27.TL0016.HC001", "ten": "Hồ Thượng sông Trí", "loai": "Hồ chứa", "nam_xd": "2007", "vung": "Bắc Trung Bộ", "tinh": "42", "don_vi": "Đang cập nhật", "luu_vuc": "Sông Nghèn", "flv_km2": 36.0, "w_huu_ich": 23.0, "w_toanbo": 25.0, "mndbt": 32.0, "mndgc": 33.0, "mnc": 22.0, "dt_tuoi": 1540.0, "ma_api": "b88dd3d0-886f-4988-a9eb-005623eee663"}}, {"type": "Feature", "geometry": {"type": "Point", "coordinates": [105.492931, 18.804968]}, "properties": {"ma": "H41.TL0004.HC001", "ten": "Hồ Khe Làng", "loai": "Hồ chứa", "nam_xd": "1966", "vung": "Bắc Trung Bộ", "tinh": "40", "don_vi": "Đang cập nhật", "luu_vuc": "Sông Cả", "flv_km2": 0.0, "w_huu_ich": 3.0, "w_toanbo": 3.0, "mndbt": 19.0, "mndgc": 20.0, "mnc": 15.0, "dt_tuoi": 297.0, "ma_api": "ba65af99-a3f5-4a5f-9d00-1e31ef69e4c1"}}, {"type": "Feature", "geometry": {"type": "Point", "coordinates": [105.084082, 18.903611]}, "properties": {"ma": "H41.TL0022.HC001", "ten": "Hồ Cao Cang", "loai": "Hồ chứa", "nam_xd": "1965", "vung": "Bắc Trung Bộ", "tinh": "40", "don_vi": "Đang cập nhật", "luu_vuc": "Sông Cả", "flv_km2": 15.0, "w_huu_ich": 1.0, "w_toanbo": 2.0, "mndbt": 34.0, "mndgc": 37.0, "mnc": 29.0, "dt_tuoi": 271.0, "ma_api": "9922efea-3f3b-43b7-b3b9-b07716577b15"}}, {"type": "Feature", "geometry": {"type": "Point", "coordinates": [105.402511, 19.404694]}, "properties": {"ma": "H41.TL0025.HC001", "ten": "Hồ Khe Canh", "loai": "Hồ chứa", "nam_xd": "1987", "vung": "Bắc Trung Bộ", "tinh": "40", "don_vi": "Đang cập nhật", "luu_vuc": "Sông Cả", "flv_km2": 16.0, "w_huu_ich": 4.0, "w_toanbo": 4.0, "mndbt": 79.0, "mndgc": 81.0, "mnc": 68.0, "dt_tuoi": 300.0, "ma_api": "d7c6ac83-dc5d-430e-bba3-a70b5e086518"}}, {"type": "Feature", "geometry": {"type": "Point", "coordinates": [105.531028, 18.872194]}, "properties": {"ma": "H41.TL0003.HC001", "ten": "Hồ Lách Bưởi", "loai": "Hồ chứa", "nam_xd": "1958", "vung": "Bắc Trung Bộ", "tinh": "40", "don_vi": "Đang cập nhật", "luu_vuc": "Sông Cả", "flv_km2": 0.0, "w_huu_ich": 2.0, "w_toanbo": 2.0, "mndbt": 0.0, "mndgc": 0.0, "mnc": 0.0, "dt_tuoi": 150.0, "ma_api": "e3c70704-1839-45af-abd3-a8410a802e09"}}, {"type": "Feature", "geometry": {"type": "Point", "coordinates": [105.533189, 18.835455]}, "properties": {"ma": "H41.TL0002.HC001", "ten": "Hồ Khe Gỗ", "loai": "Hồ chứa", "nam_xd": "1962", "vung": "Bắc Trung Bộ", "tinh": "40", "don_vi": "Đang cập nhật", "luu_vuc": "Sông Cả", "flv_km2": 9.0, "w_huu_ich": 5.0, "w_toanbo": 5.0, "mndbt": 22.0, "mndgc": 23.0, "mnc": 14.0, "dt_tuoi": 400.0, "ma_api": "32305f91-b23d-4189-be74-5cce5c43b053"}}, {"type": "Feature", "geometry": {"type": "Point", "coordinates": [105.346725, 19.232226]}, "properties": {"ma": "H41.TL0024.HC001", "ten": "Hồ Khe Đá", "loai": "Hồ chứa", "nam_xd": "1965", "vung": "Bắc Trung Bộ", "tinh": "40", "don_vi": "Đang cập nhật", "luu_vuc": "Sông Cả", "flv_km2": 50.0, "w_huu_ich": 16.0, "w_toanbo": 17.0, "mndbt": 54.0, "mndgc": 57.0, "mnc": 46.0, "dt_tuoi": 540.0, "ma_api": "2ce784c3-036b-4d8d-8365-1a4b557a15cb"}}, {"type": "Feature", "geometry": {"type": "Point", "coordinates": [105.285556, 18.733333]}, "properties": {"ma": "H41.TL0020.HC001", "ten": "Hồ Cầu Cau", "loai": "Hồ chứa", "nam_xd": "1963", "vung": "Bắc Trung Bộ", "tinh": "40", "don_vi": "Đang cập nhật", "luu_vuc": "Sông Cả", "flv_km2": 15.0, "w_huu_ich": 2.0, "w_toanbo": 5.0, "mndbt": 36.0, "mndgc": 38.0, "mnc": 32.0, "dt_tuoi": 592.0, "ma_api": "6e68f051-987f-4c34-87ae-c814a3749438"}}, {"type": "Feature", "geometry": {"type": "Point", "coordinates": [105.062778, 18.983]}, "properties": {"ma": "H41.TL0021.HC001", "ten": "Hồ Khe Nậy", "loai": "Hồ chứa", "nam_xd": "1967", "vung": "Bắc Trung Bộ", "tinh": "40", "don_vi": "Đang cập nhật", "luu_vuc": "Sông Cả", "flv_km2": 8.0, "w_huu_ich": 2.0, "w_toanbo": 2.0, "mndbt": 38.0, "mndgc": 40.0, "mnc": 28.0, "dt_tuoi": 301.0, "ma_api": "e36176a5-d1db-4015-8561-d367c31bb0a3"}}, {"type": "Feature", "geometry": {"type": "Point", "coordinates": [106.43187, 17.93215]}, "properties": {"ma": "H46.TL0006.HC001", "ten": "Hồ Sông Thai", "loai": "Hồ chứa", "nam_xd": "2008", "vung": "Bắc Trung Bộ", "tinh": "44", "don_vi": "Công ty KTCTTL Quảng Bình", "luu_vuc": "Sông Gianh", "flv_km2": 23.0, "w_huu_ich": 6.0, "w_toanbo": 6.0, "mndbt": 20.0, "mndgc": 23.0, "mnc": 12.0, "dt_tuoi": 236.0, "ma_api": "2fe218aa-3da6-4e26-bb5f-b76ec7a434a1"}}, {"type": "Feature", "geometry": {"type": "Point", "coordinates": [106.82088, 17.11112]}, "properties": {"ma": "H46.TL0012.HC001", "ten": "Hồ An Mã", "loai": "Hồ chứa", "nam_xd": "2001", "vung": "Bắc Trung Bộ", "tinh": "44", "don_vi": "Công ty KTCTTL Quảng Bình", "luu_vuc": "Sông Nhật Lệ", "flv_km2": 49.0, "w_huu_ich": 64.0, "w_toanbo": 68.0, "mndbt": 22.0, "mndgc": 24.0, "mnc": 9.0, "dt_tuoi": 5500.0, "ma_api": "1d5874c8-6c54-42c9-997e-26cd4161cb63"}}, {"type": "Feature", "geometry": {"type": "Point", "coordinates": [108.0835, 15.7774]}, "properties": {"ma": "H47.TL0006.HC001", "ten": "Hồ Thạch Bàn", "loai": "Hồ chứa", "vung": "Nam Trung Bộ", "tinh": "49", "don_vi": "Công ty KTCTTL Quảng Nam", "luu_vuc": "Sông Vu Gia-Thu Bồn", "flv_km2": 33.0, "w_huu_ich": 8.6, "w_toanbo": 9.6, "mndbt": 25.2, "mndgc": 28.7, "mnc": 18.0, "dt_tuoi": 900.0, "ma_api": "ec17f601-162a-4435-92d8-f8433b4d2836"}}, {"type": "Feature", "geometry": {"type": "Point", "coordinates": [108.1546, 15.6324]}, "properties": {"ma": "H47.TL0012.HC001", "ten": "Hồ An Long", "loai": "Hồ chứa", "vung": "Nam Trung Bộ", "tinh": "49", "don_vi": "Công ty KTCTTL Quảng Nam", "luu_vuc": "Sông Vu Gia-Thu Bồn", "flv_km2": 6.5, "w_huu_ich": 1.8, "w_toanbo": 1.9, "mndbt": 108.5, "mndgc": 110.4, "mnc": 95.4, "dt_tuoi": 250.0, "ma_api": "3b5f798a-edf6-43a5-ae46-89e37ef1593f"}}, {"type": "Feature", "geometry": {"type": "Point", "coordinates": [106.997569, 16.787439]}, "properties": {"ma": "H50.TL0010.HC001", "ten": "Hồ Nghĩa Hy", "loai": "Hồ chứa", "nam_xd": "1979", "vung": "Bắc Trung Bộ", "tinh": "45", "don_vi": "Công ty KTCTTL Quảng Trị", "luu_vuc": "Sông Thạch Hãn", "flv_km2": 6.0, "w_huu_ich": 3.0, "w_toanbo": 3.0, "mndbt": 25.0, "mndgc": 26.0, "mnc": 18.0, "dt_tuoi": 0.0, "ma_api": "87ec8279-10fe-4e14-9ea4-2989d6402004"}}, {"type": "Feature", "geometry": {"type": "Point", "coordinates": [107.390706, 16.622064]}, "properties": {"ma": "H57.TL0009.HC001", "ten": "Hồ Thiềm Lúa", "loai": "Hồ chứa", "nam_xd": "1980", "vung": "Bắc Trung Bộ", "tinh": "46", "don_vi": "Công ty KTCTTL Thừa Thiên Huế", "luu_vuc": "Sông Hương", "flv_km2": 6.0, "w_huu_ich": 1.0, "w_toanbo": 2.0, "mndbt": 3.0, "mndgc": 3.0, "mnc": 2.0, "dt_tuoi": 30.0, "ma_api": "7a890b81-df4c-4ad3-84bd-28982344c470"}}, {"type": "Feature", "geometry": {"type": "Point", "coordinates": [107.245278, 16.259417]}, "properties": {"ma": "H57.TL0013.HC001", "ten": "Hồ A Lá", "loai": "Hồ chứa", "nam_xd": "2008", "vung": "Bắc Trung Bộ", "tinh": "46", "don_vi": "Công ty KTCTTL Thừa Thiên Huế", "luu_vuc": "Sông Hương", "flv_km2": 1.0, "w_huu_ich": 0.0, "w_toanbo": 0.0, "mndbt": 591.0, "mndgc": 593.0, "mnc": 578.0, "dt_tuoi": 29.0, "ma_api": "3f4dd90f-d7a0-44b6-83be-0d745ea65c61"}}, {"type": "Feature", "geometry": {"type": "Point", "coordinates": [107.678389, 16.113333]}, "properties": {"ma": "H57.TL0011.HC001", "ten": "Hồ Tà Rinh", "loai": "Hồ chứa", "nam_xd": "2006", "vung": "Bắc Trung Bộ", "tinh": "46", "don_vi": "Công ty KTCTTL Thừa Thiên Huế", "luu_vuc": "Sông Hương", "flv_km2": 2.0, "w_huu_ich": 0.0, "w_toanbo": 0.0, "mndbt": 96.0, "mndgc": 97.0, "mnc": 94.0, "dt_tuoi": 15.0, "ma_api": "830c0639-d319-4088-99fe-cf81336dcdc0"}}, {"type": "Feature", "geometry": {"type": "Point", "coordinates": [108.4192, 15.5099]}, "properties": {"ma": "H47.TL0001.HC001", "ten": "Hồ Phú Ninh", "loai": "Hồ chứa", "vung": "Nam Trung Bộ", "tinh": "49", "don_vi": "Công ty KTCTTL Quảng Nam", "luu_vuc": "Sông Tam Kỳ", "flv_km2": 235.0, "w_huu_ich": 273.7, "w_toanbo": 344.0, "mndbt": 32.0, "mndgc": 35.4, "mnc": 20.4, "dt_tuoi": 17500.0, "ma_api": "45429211-a2d0-411a-8e5a-bbd8fd2589eb"}}, {"type": "Feature", "geometry": {"type": "Point", "coordinates": [108.27715, 15.368889]}, "properties": {"ma": "H47.TL0015.HC001", "ten": "Hồ Nước Rôn", "loai": "Hồ chứa", "vung": "Nam Trung Bộ", "tinh": "49", "don_vi": "Công ty KTCTTL Quảng Nam", "luu_vuc": "Sông Vu Gia-Thu Bồn", "flv_km2": 5.1, "w_huu_ich": 0.5, "w_toanbo": 0.6, "mndbt": 109.6, "mndgc": 111.8, "mnc": 104.8, "dt_tuoi": 170.0, "ma_api": "51cf9cdb-6fc7-42d3-9e1d-b08fdacfc98d"}}, {"type": "Feature", "geometry": {"type": "Point", "coordinates": [108.490487, 15.070469]}, "properties": {"ma": "H48.TL0013.HC001", "ten": "Hồ Di Lăng", "loai": "Hồ chứa", "nam_xd": "1984", "vung": "Nam Trung Bộ", "tinh": "51", "don_vi": "Công ty KTCTTL Quảng Ngãi", "luu_vuc": "Sông Trà Bồng-Trà Khúc", "flv_km2": 10.0, "w_huu_ich": 8.1, "w_toanbo": 9.0, "mndbt": 116.0, "mndgc": 119.5, "mnc": 100.0, "dt_tuoi": 650.0, "ma_api": "da9514ee-dcb1-4b20-9274-d83c8c96c821"}}, {"type": "Feature", "geometry": {"type": "Point", "coordinates": [108.8761, 14.8137]}, "properties": {"ma": "H48.TL0008.HC001", "ten": "Hồ Sở Hầu", "loai": "Hồ chứa", "nam_xd": "2012", "vung": "Nam Trung Bộ", "tinh": "51", "don_vi": "Công ty KTCTTL Quảng Ngãi", "luu_vuc": "Sông Trà Bồng-Trà Khúc", "flv_km2": 10.5, "w_huu_ich": 2.3, "w_toanbo": 2.4, "mndbt": 30.0, "mndgc": 30.8, "mnc": 22.5, "dt_tuoi": 400.0, "ma_api": "f5a47d73-3066-4331-bae4-c50a6c276848"}}, {"type": "Feature", "geometry": {"type": "Point", "coordinates": [108.9855, 14.7061]}, "properties": {"ma": "H48.TL0011.HC001", "ten": "Hồ Huân Phong", "loai": "Hồ chứa", "nam_xd": "2012", "vung": "Nam Trung Bộ", "tinh": "51", "don_vi": "Công ty KTCTTL Quảng Ngãi", "luu_vuc": "Sông Trà Bồng-Trà Khúc", "flv_km2": 1.9, "w_huu_ich": 1.8, "w_toanbo": 1.9, "mndbt": 33.5, "mndgc": 34.5, "mnc": 24.5, "dt_tuoi": 150.0, "ma_api": "348a7012-9c6b-47e8-abc9-775e9fb7bb2a"}}, {"type": "Feature", "geometry": {"type": "Point", "coordinates": [108.6926, 15.0917]}, "properties": {"ma": "H48.TL0015.HC001", "ten": "Hồ Hóc Xoài", "loai": "Hồ chứa", "nam_xd": "2013", "vung": "Nam Trung Bộ", "tinh": "51", "don_vi": "Công ty KTCTTL Quảng Ngãi", "luu_vuc": "Sông Trà Bồng-Trà Khúc", "flv_km2": 8.7, "w_huu_ich": 1.4, "w_toanbo": 1.6, "mndbt": 46.2, "mndgc": 49.3, "mnc": 36.1, "dt_tuoi": 235.0, "ma_api": "4bec3f46-2f28-4e9b-9d6a-c048f1289116"}}, {"type": "Feature", "geometry": {"type": "Point", "coordinates": [108.922439, 14.010039]}, "properties": {"ma": "H08.TL0004.HC001", "ten": "Hồ Thuận Ninh", "loai": "Hồ chứa", "vung": "Nam Trung Bộ", "tinh": "52", "don_vi": "Công ty KTCTTL Bình Định", "luu_vuc": "Sông Kôn", "flv_km2": 78.5, "w_huu_ich": 32.3, "w_toanbo": 35.4, "mndbt": 68.0, "mndgc": 69.3, "mnc": 56.0, "dt_tuoi": 934.0, "ma_api": "c81edb01-4b88-48d1-9e88-4ffd3be74678"}}, {"type": "Feature", "geometry": {"type": "Point", "coordinates": [108.8127, 14.0989]}, "properties": {"ma": "H08.TL0010.HC001", "ten": "Hồ Hòn Lập", "loai": "Hồ chứa", "vung": "Nam Trung Bộ", "tinh": "52", "don_vi": "Công ty KTCTTL Bình Định", "luu_vuc": "Sông Kôn", "flv_km2": 19.4, "w_huu_ich": 2.9, "w_toanbo": 3.1, "mndbt": 62.0, "mndgc": 62.4, "mnc": 52.7, "dt_tuoi": 138.0, "ma_api": "8c4ec447-0885-4bf7-8f69-6b1b7eddbfd6"}}, {"type": "Feature", "geometry": {"type": "Point", "coordinates": [109.127636, 13.709128]}, "properties": {"ma": "H08.TL0011.HC001", "ten": "Hồ Long Mỹ", "loai": "Hồ chứa", "vung": "Nam Trung Bộ", "tinh": "52", "don_vi": "Công ty KTCTTL Bình Định", "luu_vuc": "Sông Kôn", "flv_km2": 6.5, "w_huu_ich": 2.9, "w_toanbo": 3.0, "mndbt": 30.0, "mndgc": 32.0, "mnc": 17.0, "dt_tuoi": 93.0, "ma_api": "b547d7f2-bd74-4d1b-9643-4c410d9493cd"}}, {"type": "Feature", "geometry": {"type": "Point", "coordinates": [108.9912, 14.6438]}, "properties": {"ma": "H08.TL0009.HC001", "ten": "Hồ Cẩn Hậu", "loai": "Hồ chứa", "vung": "Nam Trung Bộ", "tinh": "52", "don_vi": "Công ty KTCTTL Bình Định", "luu_vuc": "Sông Kôn", "flv_km2": 14.2, "w_huu_ich": 3.6, "w_toanbo": 3.7, "mndbt": 191.3, "mndgc": 192.5, "mnc": 175.5, "dt_tuoi": 500.0, "ma_api": "623901f0-d818-43cc-aebb-a9c5957f54e5"}}, {"type": "Feature", "geometry": {"type": "Point", "coordinates": [108.985836, 13.641845]}, "properties": {"ma": "H08.TL0013.HC001", "ten": "Hồ Suối Đuốc", "loai": "Hồ chứa", "vung": "Nam Trung Bộ", "tinh": "52", "don_vi": "Công ty KTCTTL Bình Định", "luu_vuc": "Sông Kôn", "flv_km2": 16.6, "w_huu_ich": 0.9, "w_toanbo": 1.1, "mndbt": 52.3, "mndgc": 53.4, "mnc": 45.0, "dt_tuoi": 25.0, "ma_api": "18c98a0d-8395-4b3a-aa4a-5869806359b8"}}, {"type": "Feature", "geometry": {"type": "Point", "coordinates": [108.958887, 14.151613]}, "properties": {"ma": "H08.TL0003.HC001", "ten": "Hồ Hội Sơn", "loai": "Hồ chứa", "vung": "Nam Trung Bộ", "tinh": "52", "don_vi": "Công ty KTCTTL Bình Định", "luu_vuc": "Sông Kôn", "flv_km2": 67.0, "w_huu_ich": 43.6, "w_toanbo": 44.5, "mndbt": 68.9, "mndgc": 70.4, "mnc": 52.0, "dt_tuoi": 3867.0, "ma_api": "eb6d0042-c700-462a-8084-539e2855c96b"}}, {"type": "Feature", "geometry": {"type": "Point", "coordinates": [109.062, 11.9354]}, "properties": {"ma": "H32.TL0007.HC001", "ten": "Hồ Suối Hành", "loai": "Hồ chứa", "vung": "Nam Trung Bộ", "tinh": "56", "don_vi": "Công ty KTCTTL Khánh Hòa", "luu_vuc": "Sông nhỏ", "flv_km2": 36.1, "w_huu_ich": 9.0, "w_toanbo": 9.5, "mndbt": 33.5, "mndgc": 34.6, "mnc": 23.0, "dt_tuoi": 700.0, "ma_api": "3bc1af7e-95b2-4aab-b9f2-cbc014b015d2"}}, {"type": "Feature", "geometry": {"type": "Point", "coordinates": [109.290887, 12.796788]}, "properties": {"ma": "H32.TL0005.HC001", "ten": "Hồ Hoa Sơn", "loai": "Hồ chứa", "vung": "Nam Trung Bộ", "tinh": "56", "don_vi": "Công ty KTCTTL Khánh Hòa", "luu_vuc": "Sông nhỏ", "flv_km2": 44.0, "w_huu_ich": 17.7, "w_toanbo": 19.2, "mndbt": 26.5, "mndgc": 27.5, "mnc": 10.5, "dt_tuoi": 600.0, "ma_api": "4a3fabc8-99c6-45f4-bb96-6d912133715a"}}, {"type": "Feature", "geometry": {"type": "Point", "coordinates": [109.23959, 12.748828]}, "properties": {"ma": "H32.TL0013.HC001", "ten": "Hồ Suối Luồng", "loai": "Hồ chứa", "vung": "Nam Trung Bộ", "tinh": "56", "don_vi": "Công ty KTCTTL Khánh Hòa", "luu_vuc": "Sông nhỏ", "flv_km2": 6.2, "w_huu_ich": 0.5, "w_toanbo": 0.6, "mndbt": 20.4, "mndgc": 21.9, "mnc": 17.0, "dt_tuoi": 80.0, "ma_api": "e4bc9e07-bf17-42e1-a619-ba71a07bef92"}}, {"type": "Feature", "geometry": {"type": "Point", "coordinates": [108.9749, 12.2349]}, "properties": {"ma": "H32.TL0014.HC001", "ten": "Hồ Cây Sung", "loai": "Hồ chứa", "vung": "Nam Trung Bộ", "tinh": "56", "don_vi": "Công ty KTCTTL Khánh Hòa", "luu_vuc": "Sông Cái Nha Trang", "flv_km2": 7.3, "w_huu_ich": 0.5, "w_toanbo": 0.5, "mndbt": 50.4, "mndgc": 51.0, "mnc": 45.0, "dt_tuoi": 130.0, "ma_api": "ebf9b994-2fca-4f6a-9091-61c9c10f3f7a"}}, {"type": "Feature", "geometry": {"type": "Point", "coordinates": [109.332997, 12.805325]}, "properties": {"ma": "H43.TL0012.HC001", "ten": "Hồ Suối Lớn", "loai": "Hồ chứa", "nam_xd": "1980", "vung": "Nam Trung Bộ", "tinh": "56", "don_vi": "Công ty KTCTTL Ninh Thuận", "luu_vuc": "Sông Cái Phan Rang", "flv_km2": 9.6, "w_huu_ich": 0.9, "w_toanbo": 1.1, "mndbt": 49.5, "mndgc": 0.0, "mnc": 44.2, "dt_tuoi": 125.0, "ma_api": "b08c1fe3-414b-4a37-92c5-86e539695ccc"}}, {"type": "Feature", "geometry": {"type": "Point", "coordinates": [109.0354, 11.7396]}, "properties": {"ma": "H43.TL0001.HC001", "ten": "Hồ Bà Râu", "loai": "Hồ chứa", "nam_xd": "2013", "vung": "Nam Trung Bộ", "tinh": "58", "don_vi": "Công ty KTCTTL Ninh Thuận", "luu_vuc": "Sông nhỏ", "flv_km2": 29.0, "w_huu_ich": 4.5, "w_toanbo": 4.7, "mndbt": 57.4, "mndgc": 0.0, "mnc": 48.0, "dt_tuoi": 300.0, "ma_api": "e62200a8-963f-442a-a370-b0163f13b405"}}, {"type": "Feature", "geometry": {"type": "Point", "coordinates": [108.183, 11.122]}, "properties": {"ma": "H11.TL0007.HC001", "ten": "Hồ Suối Đá", "loai": "Hồ chứa", "vung": "Nam Trung Bộ", "tinh": "60", "don_vi": "Công ty KTCTTL Bình Thuận", "luu_vuc": "Sông Cái Phan Thiết", "flv_km2": 50.0, "w_huu_ich": 7.9, "w_toanbo": 9.1, "mndbt": 46.0, "mndgc": 47.0, "mnc": 43.0, "dt_tuoi": 650.0, "ma_api": "242a2b58-0461-42db-93e9-eb96d8dc7a03"}}, {"type": "Feature", "geometry": {"type": "Point", "coordinates": [108.393052, 11.352093]}, "properties": {"ma": "H11.TL0005.HC001", "ten": "Hồ Cà Giây", "loai": "Hồ chứa", "vung": "Nam Trung Bộ", "tinh": "60", "don_vi": "Công ty KTCTTL Bình Thuận", "luu_vuc": "Sông Lũy", "flv_km2": 141.0, "w_huu_ich": 28.5, "w_toanbo": 36.9, "mndbt": 74.7, "mndgc": 78.2, "mnc": 67.5, "dt_tuoi": 3965.0, "ma_api": "0e90a440-4df4-4147-8a27-eb126c515d80"}}, {"type": "Feature", "geometry": {"type": "Point", "coordinates": [108.6578, 11.4137]}, "properties": {"ma": "H11.TL0006.HC001", "ten": "Hồ Phan Dũng", "loai": "Hồ chứa", "vung": "Nam Trung Bộ", "tinh": "60", "don_vi": "Công ty KTCTTL Bình Thuận", "luu_vuc": "Sông nhỏ", "flv_km2": 147.5, "w_huu_ich": 12.4, "w_toanbo": 13.6, "mndbt": 206.4, "mndgc": 208.3, "mnc": 196.9, "dt_tuoi": 800.0, "ma_api": "9e71766b-db54-4e16-9637-cfdec909aa2d"}}, {"type": "Feature", "geometry": {"type": "Point", "coordinates": [107.652468, 14.633594]}, "properties": {"ma": "H34.TL0006.HC001", "ten": "Hồ Đắk Kan", "loai": "Hồ chứa", "vung": "Tây Nguyên", "tinh": "62", "don_vi": "Công ty KTCTTL Kon Tum", "luu_vuc": "Sông Sê San", "flv_km2": 52.0, "w_huu_ich": 1.6, "w_toanbo": 3.2, "mndbt": 648.0, "mndgc": 0.0, "mnc": 644.2, "dt_tuoi": 120.0, "ma_api": "bbb1dd10-b5e6-48e1-82d9-0b92d9d09752"}}, {"type": "Feature", "geometry": {"type": "Point", "coordinates": [108.006635, 13.73138]}, "properties": {"ma": "H21.TL0017.HC001", "ten": "Hồ Ia Glai", "loai": "Hồ chứa", "vung": "Tây Nguyên", "tinh": "64", "don_vi": "Công ty KTCTTL Gia Lai", "luu_vuc": "Sông Srêpôk", "flv_km2": 13.6, "w_huu_ich": 2.8, "w_toanbo": 3.6, "mndbt": 576.0, "mndgc": 0.0, "mnc": 567.0, "dt_tuoi": 300.0, "ma_api": "65226040-d41b-4711-b5fc-6776eb2ed618"}}, {"type": "Feature", "geometry": {"type": "Point", "coordinates": [107.9536, 13.8206]}, "properties": {"ma": "H21.TL0014.HC001", "ten": "Hồ Hoàng Ân", "loai": "Hồ chứa", "vung": "Tây Nguyên", "tinh": "64", "don_vi": "Công ty KTCTTL Gia Lai", "luu_vuc": "Sông Srêpôk", "flv_km2": 25.0, "w_huu_ich": 5.2, "w_toanbo": 6.8, "mndbt": 657.5, "mndgc": 0.0, "mnc": 647.0, "dt_tuoi": 500.0, "ma_api": "1c9afdce-98d1-41e0-aab3-7530ed299cdf"}}, {"type": "Feature", "geometry": {"type": "Point", "coordinates": [107.882039, 11.255644]}, "properties": {"ma": "H11.TL0019.HC001", "ten": "Hồ Đaguyri", "loai": "Hồ chứa", "vung": "Nam Trung Bộ", "tinh": "60", "don_vi": "Công ty KTCTTL Bình Thuận", "luu_vuc": "Sông Đồng Nai", "flv_km2": 11.0, "w_huu_ich": 1.7, "w_toanbo": 1.7, "mndbt": 391.9, "mndgc": 393.1, "mnc": 387.5, "dt_tuoi": 250.0, "ma_api": "4300582e-3056-4a91-8805-c0c7b85deae7"}}, {"type": "Feature", "geometry": {"type": "Point", "coordinates": [108.3887, 14.0388]}, "properties": {"ma": "H21.TL0011.HC001", "ten": "Hồ Hà Ra Bắc+ Đập Hà Ra Bắc", "loai": "Hồ chứa", "vung": "Tây Nguyên", "tinh": "64", "don_vi": "Công ty KTCTTL Gia Lai", "luu_vuc": "Sông Ba", "flv_km2": 2.5, "w_huu_ich": 0.6, "w_toanbo": 0.7, "mndbt": 722.8, "mndgc": 724.7, "mnc": 714.3, "dt_tuoi": 350.0, "ma_api": "2185b3d5-a3f1-4cbb-a2a3-1481e1a3f071"}}, {"type": "Feature", "geometry": {"type": "Point", "coordinates": [107.812309, 14.563245]}, "properties": {"ma": "H34.TL0015.HC001", "ten": "Hồ Kon Tu Zốp", "loai": "Hồ chứa", "vung": "Tây Nguyên", "tinh": "62", "don_vi": "Công ty KTCTTL Kon Tum", "luu_vuc": "Sông Sê San", "flv_km2": 5.5, "w_huu_ich": 0.4, "w_toanbo": 0.5, "mndbt": 649.5, "mndgc": 0.0, "mnc": 0.0, "dt_tuoi": 47.0, "ma_api": "7656cd03-0bff-4fdd-8808-6c2c5cbbe149"}}, {"type": "Feature", "geometry": {"type": "Point", "coordinates": [108.000115, 14.511241]}, "properties": {"ma": "H34.TL0003.HC001", "ten": "Hồ Đắk Loh", "loai": "Hồ chứa", "vung": "Tây Nguyên", "tinh": "62", "don_vi": "Công ty KTCTTL Kon Tum", "luu_vuc": "Sông Sê San", "flv_km2": 23.0, "w_huu_ich": 2.9, "w_toanbo": 4.0, "mndbt": 623.5, "mndgc": 0.0, "mnc": 618.0, "dt_tuoi": 780.0, "ma_api": "14fb1d62-9984-4dc2-a727-b1a55be59af9"}}, {"type": "Feature", "geometry": {"type": "Point", "coordinates": [107.974827, 14.287678]}, "properties": {"ma": "H34.TL0005.HC001", "ten": "Hồ Đắk Yên", "loai": "Hồ chứa", "vung": "Tây Nguyên", "tinh": "62", "don_vi": "Công ty KTCTTL Kon Tum", "luu_vuc": "Sông Sê San", "flv_km2": 20.2, "w_huu_ich": 5.9, "w_toanbo": 6.1, "mndbt": 556.7, "mndgc": 558.5, "mnc": 543.3, "dt_tuoi": 187.0, "ma_api": "2ce8a058-ad7a-4aff-97a9-421326141f14"}}, {"type": "Feature", "geometry": {"type": "Point", "coordinates": [108.037028, 12.604472]}, "properties": {"ma": "H15.TL0016.HC001", "ten": "Hồ Ea Kao", "loai": "Hồ chứa", "vung": "Tây Nguyên", "tinh": "66", "don_vi": "Công ty KTCTTL Đắk Lắk", "luu_vuc": "Sông Srêpôk", "flv_km2": 104.0, "w_huu_ich": 13.8, "w_toanbo": 17.8, "mndbt": 420.0, "mndgc": 0.0, "mnc": 414.0, "dt_tuoi": 225.0, "ma_api": "e6bf5e5a-d705-4abf-addd-c7aa2f70a7b5"}}, {"type": "Feature", "geometry": {"type": "Point", "coordinates": [108.266644, 12.743855]}, "properties": {"ma": "H15.TL0019.HC001", "ten": "Hồ Ea Kuăng", "loai": "Hồ chứa", "vung": "Tây Nguyên", "tinh": "66", "don_vi": "Công ty KTCTTL Đắk Lắk", "luu_vuc": "Sông Srêpôk", "flv_km2": 15.0, "w_huu_ich": 4.6, "w_toanbo": 5.5, "mndbt": 595.7, "mndgc": 0.0, "mnc": 580.9, "dt_tuoi": 1300.0, "ma_api": "84a845aa-fbaa-463e-870a-3483803d70fb"}}, {"type": "Feature", "geometry": {"type": "Point", "coordinates": [108.3702, 12.78]}, "properties": {"ma": "H15.TL0021.HC001", "ten": "Hồ Krông Buk hạ", "loai": "Hồ chứa", "vung": "Tây Nguyên", "tinh": "66", "don_vi": "Công ty KTCTTL Đắk Lắk", "luu_vuc": "Sông Srêpôk", "flv_km2": 452.0, "w_huu_ich": 95.7, "w_toanbo": 109.3, "mndbt": 483.0, "mndgc": 0.0, "mnc": 469.0, "dt_tuoi": 114.0, "ma_api": "759939fc-cb2d-400b-9ab1-08f2340ce130"}}, {"type": "Feature", "geometry": {"type": "Point", "coordinates": [107.484802, 12.077046]}, "properties": {"ma": "H16.TL0014.HC001", "ten": "Hồ Đắk R'Tih", "loai": "Hồ chứa", "nam_xd": "2003", "vung": "Tây Nguyên", "tinh": "67", "don_vi": "Công ty KTCTTL Đắk Nông", "luu_vuc": "Sông Đồng Nai", "flv_km2": 2.2, "w_huu_ich": 1.8, "w_toanbo": 2.2, "mndbt": 709.0, "mndgc": 710.2, "mnc": 703.0, "dt_tuoi": 450.0, "ma_api": "df2ec78f-f492-4dba-af1f-7c18b84edbfb"}}, {"type": "Feature", "geometry": {"type": "Point", "coordinates": [107.5478, 11.5638]}, "properties": {"ma": "H36.TL0014.HC001", "ten": "Hồ Đạ Tẻh", "loai": "Hồ chứa", "nam_xd": "1988", "vung": "Tây Nguyên", "tinh": "68", "don_vi": "Trung tâm QLKT Lâm Đồng", "luu_vuc": "Sông Đồng Nai", "flv_km2": 22.1, "w_huu_ich": 17.3, "w_toanbo": 22.1, "mndbt": 150.0, "mndgc": 156.6, "mnc": 142.5, "dt_tuoi": 223.0, "ma_api": "124b0c28-8bad-4d19-b3a3-32e19054a71d"}}, {"type": "Feature", "geometry": {"type": "Point", "coordinates": [107.4989, 11.5984]}, "properties": {"ma": "H36.TL0016.HC001", "ten": "Hồ Thôn 5 Quốc Oai", "loai": "Hồ chứa", "nam_xd": "2010", "vung": "Tây Nguyên", "tinh": "68", "don_vi": "Trung tâm QLKT Lâm Đồng", "luu_vuc": "Sông Đồng Nai", "flv_km2": 3.9, "w_huu_ich": 3.5, "w_toanbo": 3.9, "mndbt": 158.2, "mndgc": 159.8, "mnc": 148.6, "dt_tuoi": 511.0, "ma_api": "24c6ec4e-2646-426d-bbe5-21b715c3fcb4"}}, {"type": "Feature", "geometry": {"type": "Point", "coordinates": [108.5535, 11.7068]}, "properties": {"ma": "H36.TL0006.HC001", "ten": "Hồ Próh", "loai": "Hồ chứa", "nam_xd": "2002", "vung": "Tây Nguyên", "tinh": "68", "don_vi": "Trung tâm QLKT Lâm Đồng", "luu_vuc": "Sông Đồng Nai", "flv_km2": 3.2, "w_huu_ich": 3.0, "w_toanbo": 3.2, "mndbt": 1028.3, "mndgc": 1029.7, "mnc": 1021.0, "dt_tuoi": 515.0, "ma_api": "63e109ed-9bb9-4afa-ba7b-65729c53fcf3"}}, {"type": "Feature", "geometry": {"type": "Point", "coordinates": [108.107836, 11.543151]}, "properties": {"ma": "H36.TL0011.HC001", "ten": "Hồ Ka La", "loai": "Hồ chứa", "nam_xd": "2003", "vung": "Tây Nguyên", "tinh": "68", "don_vi": "Trung tâm QLKT Lâm Đồng", "luu_vuc": "Sông Đồng Nai", "flv_km2": 18.9, "w_huu_ich": 15.7, "w_toanbo": 18.9, "mndbt": 952.4, "mndgc": 953.3, "mnc": 945.5, "dt_tuoi": 2100.0, "ma_api": "47b88dbf-b20a-4f63-bc3c-5cacc993fc76"}}, {"type": "Feature", "geometry": {"type": "Point", "coordinates": [107.112935, 10.767636]}, "properties": {"ma": "G10.TL0028.HC001", "ten": "Hồ Cầu Mới tuyến V", "loai": "Hồ chứa", "nam_xd": "2007", "vung": "Đông Nam Bộ", "tinh": "75", "don_vi": "Bộ NN&PTNT", "luu_vuc": "Sông Đồng Nai", "flv_km2": 44.5, "w_huu_ich": 8.0, "w_toanbo": 9.0, "mndbt": 73.0, "mndgc": 74.9, "mnc": 66.0, "dt_tuoi": 300.0, "ma_api": "e9d9bc3c-b60c-4fee-9e56-3abd48cb6b57"}}, {"type": "Feature", "geometry": {"type": "Point", "coordinates": [107.474355, 11.319889]}, "properties": {"ma": "H19.TL0013.HC001", "ten": "Hồ Đa Tôn", "loai": "Hồ chứa", "nam_xd": "1989", "vung": "Đông Nam Bộ", "tinh": "75", "don_vi": "Công ty KTCTTL Đồng Nai", "luu_vuc": "Sông Đồng Nai", "flv_km2": 21.0, "w_huu_ich": 19.36, "w_toanbo": 19.76, "mndbt": 133.44, "mndgc": 134.53, "mnc": 125.5, "dt_tuoi": 1100.0, "ma_api": "c7841b1b-1385-4871-8835-d25afc78a2b1"}}, {"type": "Feature", "geometry": {"type": "Point", "coordinates": [106.941777, 10.978263]}, "properties": {"ma": "H19.TL0014.HC001", "ten": "Hồ Bà Long", "loai": "Hồ chứa", "nam_xd": "1983", "vung": "Đông Nam Bộ", "tinh": "75", "don_vi": "Công ty KTCTTL Đồng Nai", "luu_vuc": "Sông Đồng Nai", "flv_km2": 2.42, "w_huu_ich": 1.18, "w_toanbo": 1.22, "mndbt": 29.8, "mndgc": 30.53, "mnc": 20.6, "dt_tuoi": 50.0, "ma_api": "9839e931-4b32-43a0-9d1c-ddee68cb9e2f"}}, {"type": "Feature", "geometry": {"type": "Point", "coordinates": [106.339954, 11.324275]}, "properties": {"ma": "G10.TL0001.HC001", "ten": "Hồ Dầu Tiếng", "loai": "Hồ chứa", "nam_xd": "1981", "vung": "Đông Nam Bộ", "tinh": "72", "don_vi": "Bộ NN&PTNT", "luu_vuc": "Sông Đồng Nai", "flv_km2": 2700.0, "w_huu_ich": 1110.0, "w_toanbo": 1580.8, "mndbt": 24.4, "mndgc": 25.1, "mnc": 17.0, "dt_tuoi": 110867.0, "ma_api": "613bbcf5-212e-43c5-9ef8-69016787454f"}}, {"type": "Feature", "geometry": {"type": "Point", "coordinates": [107.165092, 10.621635]}, "properties": {"ma": "H06.TL0002.HC001", "ten": "Hồ Đá Đen", "loai": "Hồ chứa", "nam_xd": "1997", "vung": "Đông Nam Bộ", "tinh": "77", "don_vi": "Trung tâm QLKT Bà Rịa - Vũng Tàu", "luu_vuc": "Sông Đồng Nai", "flv_km2": 149.0, "w_huu_ich": 23.28, "w_toanbo": 33.4, "mndbt": 44.8, "mndgc": 45.38, "mnc": 39.0, "dt_tuoi": 1314.0, "ma_api": "a4e01363-ea33-4989-b69f-89ac911f65ef"}}, {"type": "Feature", "geometry": {"type": "Point", "coordinates": [107.268806, 10.695681]}, "properties": {"ma": "H06.TL0003.HC001", "ten": "Hồ Tầm Bó", "loai": "Hồ chứa", "nam_xd": "1995", "vung": "Đông Nam Bộ", "tinh": "77", "don_vi": "Trung tâm QLKT Bà Rịa - Vũng Tàu", "luu_vuc": "Sông Đồng Nai", "flv_km2": 23.2, "w_huu_ich": 5.35, "w_toanbo": 5.85, "mndbt": 139.8, "mndgc": 141.21, "mnc": 130.44, "dt_tuoi": 645.0, "ma_api": "f1b8f371-1919-496a-bc1b-e5b28fad79f2"}}, {"type": "Feature", "geometry": {"type": "Point", "coordinates": [107.322587, 10.581288]}, "properties": {"ma": "H06.TL0006.HC001", "ten": "Hồ Suối Giàu", "loai": "Hồ chứa", "nam_xd": "1990", "vung": "Đông Nam Bộ", "tinh": "77", "don_vi": "Trung tâm QLKT Bà Rịa - Vũng Tàu", "luu_vuc": "Sông Đồng Nai", "flv_km2": 23.0, "w_huu_ich": 11.3, "w_toanbo": 12.2, "mndbt": 38.9, "mndgc": 40.1, "mnc": 26.0, "dt_tuoi": 1000.0, "ma_api": "1890b529-dca9-44a8-b431-2305177e2175"}}, {"type": "Feature", "geometry": {"type": "Point", "coordinates": [106.57514, 21.259764]}, "properties": {"ma": "H02.TL0001.HC001", "ten": "Hồ Khe Cát", "loai": "Hồ chứa", "vung": "ĐB Sông Hồng", "tinh": "24", "don_vi": "Đang cập nhật", "luu_vuc": "Sông Bạch Đằng - sông Cấm", "flv_km2": 0.0, "w_huu_ich": 6.3, "w_toanbo": 1.31, "mndbt": 0.0, "mndgc": 0.0, "mnc": 0.0, "dt_tuoi": 75.0, "ma_api": "be241945-a720-4863-bd67-edc77491410a"}}, {"type": "Feature", "geometry": {"type": "Point", "coordinates": [105.742902, 21.433044]}, "properties": {"ma": "H55.TL0008.HC001", "ten": "Hồ Nước Hai", "loai": "Hồ chứa", "vung": "MN phía Bắc", "tinh": "19", "don_vi": "Công ty KTCTTL Thái Nguyên", "luu_vuc": "Sông Cầu", "flv_km2": 0.0, "w_huu_ich": 2.6, "w_toanbo": 2.61, "mndbt": 112.7, "mndgc": 0.0, "mnc": 95.2, "dt_tuoi": 0.0, "ma_api": "9009ade1-7b3d-4136-b733-fd5ac606009f"}}, {"type": "Feature", "geometry": {"type": "Point", "coordinates": [105.34685, 19.982033]}, "properties": {"ma": "H56.TL0031.HC001", "ten": "Hồ Đồng Tiến", "loai": "Hồ chứa", "nam_xd": "1985", "vung": "Bắc Trung Bộ", "tinh": "38", "don_vi": "Đang cập nhật", "luu_vuc": "Sông Mã", "flv_km2": 11.0, "w_huu_ich": 0.0, "w_toanbo": 0.0, "mndbt": 52.0, "mndgc": 54.0, "mnc": 49.0, "dt_tuoi": 45.0, "ma_api": "41353d78-5da1-44cc-8e18-ef8b42600f57"}}, {"type": "Feature", "geometry": {"type": "Point", "coordinates": [106.468899, 17.440683]}, "properties": {"ma": "H46.TL0008.HC001", "ten": "Hồ Thác Chuối", "loai": "Hồ chứa", "nam_xd": "1964", "vung": "Bắc Trung Bộ", "tinh": "44", "don_vi": "Công ty KTCTTL Quảng Bình", "luu_vuc": "Sông Nhật Lệ", "flv_km2": 88.0, "w_huu_ich": 32.0, "w_toanbo": 33.0, "mndbt": 58.0, "mndgc": 59.0, "mnc": 37.0, "dt_tuoi": 750.0, "ma_api": "0c004d0f-b6d6-46b6-b929-80a45ab73e47"}}, {"type": "Feature", "geometry": {"type": "Point", "coordinates": [105.686975, 20.191456]}, "properties": {"ma": "H50.TL0007.HC001", "ten": "Hồ Đá Mài", "loai": "Hồ chứa", "nam_xd": "2009", "vung": "Bắc Trung Bộ", "tinh": "38", "don_vi": "Công ty KTCTTL Quảng Trị", "luu_vuc": "Sông Thạch Hãn", "flv_km2": 10.0, "w_huu_ich": 8.0, "w_toanbo": 8.0, "mndbt": 50.0, "mndgc": 50.0, "mnc": 32.0, "dt_tuoi": 0.0, "ma_api": "58d72a71-6896-4561-b896-d791ff2e2ca6"}}, {"type": "Feature", "geometry": {"type": "Point", "coordinates": [107.969463, 14.539292]}, "properties": {"ma": "H34.TL0008.HC001", "ten": "Hồ Đắk Uy", "loai": "Hồ chứa", "vung": "Tây Nguyên", "tinh": "62", "don_vi": "Công ty KTCTTL Kon Tum", "luu_vuc": "Sông Sê San", "flv_km2": 89.7, "w_huu_ich": 25.8, "w_toanbo": 29.7, "mndbt": 640.3, "mndgc": 0.0, "mnc": 625.0, "dt_tuoi": 2516.0, "ma_api": "283bb6cb-e43b-4930-958c-60e4155f62e8"}}, {"type": "Feature", "geometry": {"type": "Point", "coordinates": [107.9353, 13.0366]}, "properties": {"ma": "H15.TL0023.HC001", "ten": "Hồ Ea Súp thượng", "loai": "Hồ chứa", "vung": "Tây Nguyên", "tinh": "66", "don_vi": "Công ty KTCTTL Đắk Lắk", "luu_vuc": "Sông Srêpôk", "flv_km2": 0.0, "w_huu_ich": 136.3, "w_toanbo": 146.9, "mndbt": 217.6, "mndgc": 0.0, "mnc": 205.4, "dt_tuoi": 0.0, "ma_api": "63ada512-f741-4a35-a653-cfe47f429092"}}, {"type": "Feature", "geometry": {"type": "Point", "coordinates": [107.219466, 10.958679]}, "properties": {"ma": "H19.TL0012.HC001", "ten": "Hồ Suối Tre", "loai": "Hồ chứa", "nam_xd": "1986", "vung": "Đông Nam Bộ", "tinh": "75", "don_vi": "Công ty KTCTTL Đồng Nai", "luu_vuc": "Sông Đồng Nai", "flv_km2": 7.1, "w_huu_ich": 0.14, "w_toanbo": 0.64, "mndbt": 171.5, "mndgc": 172.96, "mnc": 170.23, "dt_tuoi": 50.0, "ma_api": "f8a5932b-6df2-4476-b211-27f1b236eaec"}}]}