{"type": "FeatureCollection", "name": "ho_thuydien", "crs": {"type": "name", "properties": {"name": "urn:ogc:def:crs:OGC:1.3:CRS84"}}, "ghi_chu": "Lớp hồ chứa thuỷ điện Việt Nam. Gộp ngày 03/9/2026 từ \"Toạ độ thuỷ điện Việt Nam\" (635 bản ghi, là nguồn chính — thắng khi trùng về tên và toạ độ) và danh mục master (góp thông số kỹ thuật cho 47 bản ghi trùng, và 2 nhà máy không có trong file mới). CHỈ GỒM CÔNG TRÌNH TRÊN LÃNH THỔ VIỆT NAM — đã loại 3 đập Trung Quốc và 5 công trình Lào/Thái Lan vốn lẫn trong danh mục master. Hai nhà máy TĐ. Đơn Dương và TĐ. A Vương chỉ có ở danh mục master, đã được xác nhận là có thật và GIỮ LẠI — lần gộp sau không được loại bỏ chúng vì lý do \"không khớp\".", "features": [{"type": "Feature", "geometry": {"type": "Point", "coordinates": [107.9223, 12.528]}, "properties": {"ten": "Buôn Kuốp", "loai": "Hồ chứa TĐ", "nguon": "Toạ độ thuỷ điện Việt Nam + danh mục master", "w_toanbo": 63.2, "w_huu_ich": 14.7, "mndbt": 412.0, "mndgc": 414.5, "mnc": 409.0, "flv_km2": 7980.0, "luu_vuc": "Sông Srêpôk", "don_vi": "Bộ Công thương (EVN)", "nam_xd": "2003", "vung": "Tây Nguyên", "tinh": "67", "ma": "G02.TL0040.TD001", "dt_tuoi": 0.0, "toado_nguon": "VN-WIS"}}, {"type": "Feature", "geometry": {"type": "Point", "coordinates": [105.022797, 21.747124]}, "properties": {"ten": "Thác Bà", "loai": "Hồ chứa TĐ", "nguon": "Toạ độ thuỷ điện Việt Nam + danh mục master", "w_toanbo": 2160.0, "w_huu_ich": 2160.0, "mndbt": 58.0, "mndgc": 0.0, "mnc": 46.0, "flv_km2": 6430.0, "luu_vuc": "Sông Chảy", "don_vi": "Bộ Công thương (EVN)", "vung": "MN phía Bắc", "tinh": "15", "ma": "G02.TL0007.TD001", "dt_tuoi": 0.0}}, {"type": "Feature", "geometry": {"type": "Point", "coordinates": [106.984643, 11.104966]}, "properties": {"ten": "Trị An", "loai": "Hồ chứa TĐ", "nguon": "Toạ độ thuỷ điện Việt Nam + danh mục master", "w_toanbo": 2765.0, "w_huu_ich": 0.0, "mndbt": 62.0, "mndgc": 63.9, "mnc": 50.0, "flv_km2": 0.0, "luu_vuc": "Sông Đồng Nai", "don_vi": "Bộ Công thương (EVN)", "nam_xd": "1984", "vung": "Đông Nam Bộ", "tinh": "75", "ma": "G02.TL0049.TD001", "dt_tuoi": 1.0}}, {"type": "Feature", "geometry": {"type": "Point", "coordinates": [105.323877, 20.80778]}, "properties": {"ten": "Hòa Bình", "loai": "Hồ chứa TĐ", "nguon": "Toạ độ thuỷ điện Việt Nam + danh mục master", "w_toanbo": 6062.0, "w_huu_ich": 0.0, "mndbt": 117.0, "mndgc": 120.0, "mnc": 80.0, "flv_km2": 0.0, "luu_vuc": "Sông Đà", "don_vi": "Bộ Công thương (EVN)", "vung": "MN phía Bắc", "tinh": "17", "ma": "G02.TL0006.TD001", "dt_tuoi": 0.0, "toado_nguon": "VN-WIS"}}, {"type": "Feature", "geometry": {"type": "Point", "coordinates": [106.703951, 16.688558]}, "properties": {"ten": "Thủy lợi - Thủy điện Quảng Trị", "loai": "Hồ chứa TĐ", "nguon": "Toạ độ thuỷ điện Việt Nam + danh mục master", "w_toanbo": 163.0, "w_huu_ich": 141.0, "mndbt": 480.0, "mndgc": 482.0, "mnc": 450.0, "flv_km2": 159.0, "luu_vuc": "Sông Thạch Hãn", "don_vi": "Bộ Công thương (EVN)", "nam_xd": "2009", "vung": "Bắc Trung Bộ", "tinh": "45", "ma": "G02.TL0011.TD001", "dt_tuoi": 0.0}}, {"type": "Feature", "geometry": {"type": "Point", "coordinates": [107.862816, 14.408543]}, "properties": {"ten": "Plei Krông", "loai": "Hồ chứa TĐ", "nguon": "Toạ độ thuỷ điện Việt Nam + danh mục master", "w_toanbo": 1048.7, "w_huu_ich": 948.0, "mndbt": 570.0, "mndgc": 573.4, "mnc": 537.0, "flv_km2": 3216.0, "luu_vuc": "Sông Sê San", "don_vi": "Bộ Công thương (EVN)", "nam_xd": "2003", "vung": "Tây Nguyên", "tinh": "62", "ma": "G02.TL0034.TD001", "dt_tuoi": 0.0}}, {"type": "Feature", "geometry": {"type": "Point", "coordinates": [108.576933, 14.174311]}, "properties": {"ten": "Ka Nak", "loai": "Hồ chứa TĐ", "nguon": "Toạ độ thuỷ điện Việt Nam + danh mục master", "w_toanbo": 313.7, "w_huu_ich": 285.5, "mndbt": 515.0, "mndgc": 515.3, "mnc": 485.0, "flv_km2": 833.0, "luu_vuc": "Sông Ba", "don_vi": "Bộ Công thương (EVN)", "nam_xd": "2005", "vung": "Tây Nguyên", "tinh": "64", "ma": "G02.TL0023.TD001", "dt_tuoi": 0.0}}, {"type": "Feature", "geometry": {"type": "Point", "coordinates": [107.94344, 15.688187]}, "properties": {"ten": "Khe Diên", "loai": "Hồ chứa TĐ", "nguon": "Toạ độ thuỷ điện Việt Nam"}}, {"type": "Feature", "geometry": {"type": "Point", "coordinates": [107.4957, 13.9676]}, "properties": {"ten": "Sê San 4", "loai": "Hồ chứa TĐ", "nguon": "Toạ độ thuỷ điện Việt Nam + danh mục master", "w_toanbo": 893.3, "w_huu_ich": 264.2, "mndbt": 215.0, "mndgc": 217.9, "mnc": 210.0, "flv_km2": 9326.0, "luu_vuc": "Sông Sê San", "don_vi": "Bộ Công thương (EVN)", "nam_xd": "2010", "vung": "Tây Nguyên", "tinh": "64", "ma": "G02.TL0037.TD001", "dt_tuoi": 0.0, "toado_nguon": "VN-WIS"}}, {"type": "Feature", "geometry": {"type": "Point", "coordinates": [107.8297, 14.226529]}, "properties": {"ten": "Ialy", "loai": "Hồ chứa TĐ", "nguon": "Toạ độ thuỷ điện Việt Nam + danh mục master", "w_toanbo": 1037.1, "w_huu_ich": 779.0, "mndbt": 515.0, "mndgc": 518.0, "mnc": 490.0, "flv_km2": 7455.0, "luu_vuc": "Sông Sê San", "don_vi": "Bộ Công thương (EVN)", "nam_xd": "1993", "vung": "Tây Nguyên", "tinh": "64", "ma": "G02.TL0035.TD001", "dt_tuoi": 0.0, "toado_nguon": "VN-WIS"}}, {"type": "Feature", "geometry": {"type": "Point", "coordinates": [107.721611, 14.215213]}, "properties": {"ten": "Sê San 3", "loai": "Hồ chứa TĐ", "nguon": "Toạ độ thuỷ điện Việt Nam + danh mục master", "w_toanbo": 92.0, "w_huu_ich": 3.8, "mndbt": 304.5, "mndgc": 309.2, "mnc": 303.2, "flv_km2": 7788.0, "luu_vuc": "Sông Sê San", "don_vi": "Bộ Công thương (EVN)", "nam_xd": "2002", "vung": "Tây Nguyên", "tinh": "62", "ma": "G02.TL0036.TD001", "dt_tuoi": 0.0, "toado_nguon": "VN-WIS"}}, {"type": "Feature", "geometry": {"type": "Point", "coordinates": [108.33596, 11.43654]}, "properties": {"ten": "Bắc Bình", "loai": "Hồ chứa TĐ", "nguon": "Toạ độ thuỷ điện Việt Nam"}}, {"type": "Feature", "geometry": {"type": "Point", "coordinates": [103.828611, 21.861111]}, "properties": {"ten": "Bản Chát", "loai": "Hồ chứa TĐ", "nguon": "Toạ độ thuỷ điện Việt Nam + danh mục master", "w_toanbo": 1702.4, "w_huu_ich": 1702.4, "mndbt": 475.0, "mndgc": 457.27, "mnc": 431.0, "flv_km2": 0.0, "luu_vuc": "Sông Đà", "don_vi": "Bộ Công thương (EVN)", "vung": "MN phía Bắc", "tinh": "12", "ma": "G02.TL0003.TD001", "dt_tuoi": 0.0}}, {"type": "Feature", "geometry": {"type": "Point", "coordinates": [108.6915, 14.3563]}, "properties": {"ten": "Vĩnh Sơn A", "loai": "Hồ chứa TĐ", "nguon": "Toạ độ thuỷ điện Việt Nam + danh mục master", "w_toanbo": 34.0, "w_huu_ich": 22.0, "mndbt": 775.0, "mndgc": 780.5, "mnc": 765.0, "flv_km2": 97.0, "luu_vuc": "Sông Kôn", "don_vi": "Bộ Công thương (EVN)", "vung": "Nam Trung Bộ", "tinh": "52", "ma": "G02.TL0019.TD001", "dt_tuoi": 0.0, "toado_nguon": "VN-WIS"}}, {"type": "Feature", "geometry": {"type": "Point", "coordinates": [107.9333, 11.3235]}, "properties": {"ten": "Hàm Thuận", "loai": "Hồ chứa TĐ", "nguon": "Toạ độ thuỷ điện Việt Nam + danh mục master", "w_toanbo": 695.0, "w_huu_ich": 523.0, "mndbt": 605.0, "mndgc": 607.5, "mnc": 575.0, "flv_km2": 1.3, "luu_vuc": "Sông Đồng Nai", "don_vi": "Bộ Công thương (EVN)", "vung": "Nam Trung Bộ", "tinh": "60", "ma": "G02.TL0031.TD001", "dt_tuoi": 0.0, "toado_nguon": "VN-WIS"}}, {"type": "Feature", "geometry": {"type": "Point", "coordinates": [107.272752, 16.22656]}, "properties": {"ten": "A Lưới", "loai": "Hồ chứa TĐ", "nguon": "Toạ độ thuỷ điện Việt Nam"}}, {"type": "Feature", "geometry": {"type": "Point", "coordinates": [108.903654, 13.023339]}, "properties": {"ten": "Sông Ba Hạ", "loai": "Hồ chứa TĐ", "nguon": "Toạ độ thuỷ điện Việt Nam + danh mục master", "w_toanbo": 349.7, "w_huu_ich": 165.9, "mndbt": 105.0, "mndgc": 106.0, "mnc": 101.0, "flv_km2": 11115.0, "luu_vuc": "Sông Ba", "don_vi": "Bộ Công thương (EVN)", "nam_xd": "2004", "vung": "Nam Trung Bộ", "tinh": "54", "ma": "G02.TL0025.TD001", "dt_tuoi": 0.0}}, {"type": "Feature", "geometry": {"type": "Point", "coordinates": [107.729162, 11.885301]}, "properties": {"ten": "Đồng Nai 4", "loai": "Hồ chứa TĐ", "nguon": "Toạ độ thuỷ điện Việt Nam"}}, {"type": "Feature", "geometry": {"type": "Point", "coordinates": [108.042532, 12.282234]}, "properties": {"ten": "Buôn Tua Srah", "loai": "Hồ chứa TĐ", "nguon": "Toạ độ thuỷ điện Việt Nam + danh mục master", "w_toanbo": 848.0, "w_huu_ich": 504.0, "mndbt": 487.5, "mndgc": 487.8, "mnc": 465.0, "flv_km2": 2930.0, "luu_vuc": "Sông Srêpôk", "don_vi": "Bộ Công thương (EVN)", "nam_xd": "2004", "vung": "Tây Nguyên", "tinh": "66", "ma": "G02.TL0039.TD001", "dt_tuoi": 0.0}}, {"type": "Feature", "geometry": {"type": "Point", "coordinates": [108.688623, 14.28281]}, "properties": {"ten": "Trà Xom", "loai": "Hồ chứa TĐ", "nguon": "Toạ độ thuỷ điện Việt Nam + danh mục master", "w_toanbo": 39.5, "w_huu_ich": 31.2, "mndbt": 668.0, "mndgc": 668.7, "mnc": 653.0, "flv_km2": 0.0, "luu_vuc": "Sông Kôn", "don_vi": "Bộ Công thương (EVN)", "nam_xd": "2008", "vung": "Nam Trung Bộ", "tinh": "52", "ma": "G02.TL0022.TD001", "dt_tuoi": 0.0, "toado_nguon": "VN-WIS"}}, {"type": "Feature", "geometry": {"type": "Point", "coordinates": [107.639201, 15.697731]}, "properties": {"ten": "Sông Bung 4", "loai": "Hồ chứa TĐ", "nguon": "Toạ độ thuỷ điện Việt Nam + danh mục master", "w_toanbo": 510.8, "w_huu_ich": 234.0, "mndbt": 222.5, "mndgc": 225.8, "mnc": 205.0, "flv_km2": 1448.0, "luu_vuc": "Sông Vu Gia-Thu Bồn", "don_vi": "Bộ Công thương (EVN)", "nam_xd": "2010", "vung": "Nam Trung Bộ", "tinh": "49", "ma": "G02.TL0017.TD001", "dt_tuoi": 0.0}}, {"type": "Feature", "geometry": {"type": "Point", "coordinates": [107.019336, 11.857762]}, "properties": {"ten": "Thác Mơ", "loai": "Hồ chứa TĐ", "nguon": "Toạ độ thuỷ điện Việt Nam + danh mục master", "w_toanbo": 1360.0, "w_huu_ich": 0.0, "mndbt": 218.0, "mndgc": 220.8, "mnc": 0.0, "flv_km2": 0.0, "luu_vuc": "Sông Đồng Nai", "don_vi": "Bộ Công thương (EVN)", "vung": "Đông Nam Bộ", "tinh": "70", "ma": "G02.TL0048.TD001", "dt_tuoi": 0.0}}, {"type": "Feature", "geometry": {"type": "Point", "coordinates": [108.692533, 14.015398]}, "properties": {"ten": "An Khê", "loai": "Hồ chứa TĐ", "nguon": "Toạ độ thuỷ điện Việt Nam + danh mục master", "w_toanbo": 15.9, "w_huu_ich": 5.6, "mndbt": 429.0, "mndgc": 429.9, "mnc": 427.0, "flv_km2": 1236.0, "luu_vuc": "Sông Ba", "don_vi": "Bộ Công thương (EVN)", "nam_xd": "2005", "vung": "Tây Nguyên", "tinh": "64", "ma": "G02.TL0024.TD001", "dt_tuoi": 0.0, "toado_nguon": "VN-WIS"}}, {"type": "Feature", "geometry": {"type": "Point", "coordinates": [103.995593, 21.496624]}, "properties": {"ten": "Sơn La", "loai": "Hồ chứa TĐ", "nguon": "Toạ độ thuỷ điện Việt Nam + danh mục master", "w_toanbo": 6504.0, "w_huu_ich": 6504.0, "mndbt": 215.0, "mndgc": 217.0, "mnc": 175.0, "flv_km2": 0.0, "luu_vuc": "Sông Đà", "don_vi": "Bộ Công thương (EVN)", "vung": "MN phía Bắc", "tinh": "14", "ma": "G02.TL0005.TD001", "dt_tuoi": 0.0}}, {"type": "Feature", "geometry": {"type": "Point", "coordinates": [108.445225, 14.425488]}, "properties": {"ten": "Vĩnh Sơn C", "loai": "Hồ chứa TĐ", "nguon": "Toạ độ thuỷ điện Việt Nam + danh mục master", "w_toanbo": 58.0, "w_huu_ich": 35.0, "mndbt": 981.0, "mndgc": 986.4, "mnc": 971.1, "flv_km2": 0.0, "luu_vuc": "Sông Kôn", "don_vi": "Bộ Công thương (EVN)", "vung": "Tây Nguyên", "tinh": "64", "ma": "G02.TL0021.TD001", "dt_tuoi": 0.0}}, {"type": "Feature", "geometry": {"type": "Point", "coordinates": [107.466305, 13.930958]}, "properties": {"ten": "Sê San 4A", "loai": "Hồ chứa TĐ", "nguon": "Toạ độ thuỷ điện Việt Nam + danh mục master", "w_toanbo": 13.1, "w_huu_ich": 7.5, "mndbt": 155.2, "mndgc": 166.2, "mnc": 150.0, "flv_km2": 9368.0, "luu_vuc": "Sông Sê San", "don_vi": "Bộ Công thương (EVN)", "nam_xd": "2008", "vung": "Tây Nguyên", "tinh": "64", "ma": "G02.TL0038.TD001", "dt_tuoi": 0.0, "toado_nguon": "VN-WIS"}}, {"type": "Feature", "geometry": {"type": "Point", "coordinates": [108.996725, 12.925]}, "properties": {"ten": "Sông Hinh", "loai": "Hồ chứa TĐ", "nguon": "Toạ độ thuỷ điện Việt Nam + danh mục master", "w_toanbo": 357.0, "w_huu_ich": 323.0, "mndbt": 209.0, "mndgc": 211.9, "mnc": 196.0, "flv_km2": 772.0, "luu_vuc": "Sông Ba", "don_vi": "Bộ Công thương (EVN)", "nam_xd": "1993", "vung": "Nam Trung Bộ", "tinh": "54", "ma": "G02.TL0026.TD001", "dt_tuoi": 0.0, "toado_nguon": "VN-WIS"}}, {"type": "Feature", "geometry": {"type": "Point", "coordinates": [105.399847, 22.360563]}, "properties": {"ten": "Tuyên Quang", "loai": "Hồ chứa TĐ", "nguon": "Toạ độ thuỷ điện Việt Nam + danh mục master", "w_toanbo": 1699.0, "w_huu_ich": 1699.0, "mndbt": 120.0, "mndgc": 122.55, "mnc": 90.0, "flv_km2": 0.0, "luu_vuc": "Sông Gâm", "don_vi": "Bộ Công thương (EVN)", "vung": "MN phía Bắc", "tinh": "08", "ma": "G02.TL0001.TD001", "dt_tuoi": 0.0, "toado_nguon": "VN-WIS"}}, {"type": "Feature", "geometry": {"type": "Point", "coordinates": [107.869526, 12.763707]}, "properties": {"ten": "Srêpốk 3", "loai": "Hồ chứa TĐ", "nguon": "Toạ độ thuỷ điện Việt Nam + danh mục master", "w_toanbo": 219.0, "w_huu_ich": 62.9, "mndbt": 272.0, "mndgc": 275.0, "mnc": 268.0, "flv_km2": 9410.0, "luu_vuc": "Sông Srêpôk", "don_vi": "Bộ Công thương (EVN)", "nam_xd": "2005", "vung": "Tây Nguyên", "tinh": "66", "ma": "G02.TL0041.TD001", "dt_tuoi": 0.0, "toado_nguon": "VN-WIS"}}, {"type": "Feature", "geometry": {"type": "Point", "coordinates": [108.303597, 11.627908]}, "properties": {"ten": "Đại Ninh", "loai": "Hồ chứa TĐ", "nguon": "Toạ độ thuỷ điện Việt Nam + danh mục master", "w_toanbo": 319.8, "w_huu_ich": 251.7, "mndbt": 880.0, "mndgc": 882.6, "mnc": 860.0, "flv_km2": 1.2, "luu_vuc": "Sông Đồng Nai", "don_vi": "Bộ Công thương (EVN)", "vung": "Tây Nguyên", "tinh": "68", "ma": "G02.TL0030.TD001", "dt_tuoi": 0.0, "toado_nguon": "VN-WIS"}}, {"type": "Feature", "geometry": {"type": "Point", "coordinates": [104.483155, 19.345712]}, "properties": {"ten": "Bản Vẽ", "loai": "Hồ chứa TĐ", "nguon": "Toạ độ thuỷ điện Việt Nam + danh mục master", "w_toanbo": 1835.0, "w_huu_ich": 1383.0, "mndbt": 200.0, "mndgc": 0.0, "mnc": 155.0, "flv_km2": 8700.0, "luu_vuc": "Sông Cả", "don_vi": "Bộ Công thương (EVN)", "nam_xd": "2004", "vung": "Bắc Trung Bộ", "tinh": "40", "ma": "G02.TL0010.TD001", "dt_tuoi": 0.0}}, {"type": "Feature", "geometry": {"type": "Point", "coordinates": [108.147483, 15.331187]}, "properties": {"ten": "Sông Tranh 2", "loai": "Hồ chứa TĐ", "nguon": "Toạ độ thuỷ điện Việt Nam + danh mục master", "w_toanbo": 729.2, "w_huu_ich": 521.1, "mndbt": 175.0, "mndgc": 175.8, "mnc": 140.0, "flv_km2": 1100.0, "luu_vuc": "Sông Vu Gia-Thu Bồn", "don_vi": "Bộ Công thương (EVN)", "nam_xd": "2006", "vung": "Nam Trung Bộ", "tinh": "49", "ma": "G02.TL0015.TD001", "dt_tuoi": 0.0}}, {"type": "Feature", "geometry": {"type": "Point", "coordinates": [107.88842, 11.872524]}, "properties": {"ten": "Đồng Nai 3", "loai": "Hồ chứa TĐ", "nguon": "Toạ độ thuỷ điện Việt Nam"}}, {"type": "Feature", "geometry": {"type": "Point", "coordinates": [108.7132, 12.9395]}, "properties": {"ten": "Krông H’năng", "loai": "Hồ chứa TĐ", "nguon": "Toạ độ thuỷ điện Việt Nam + danh mục master", "w_toanbo": 165.8, "w_huu_ich": 108.5, "mndbt": 255.0, "mndgc": 255.9, "mnc": 242.5, "flv_km2": 1168.0, "luu_vuc": "Sông Ba", "don_vi": "Bộ Công thương (EVN)", "nam_xd": "2005", "vung": "Tây Nguyên", "tinh": "54", "ma": "G02.TL0027.TD001", "dt_tuoi": 0.0, "toado_nguon": "VN-WIS"}}, {"type": "Feature", "geometry": {"type": "Point", "coordinates": [108.616, 14.3813]}, "properties": {"ten": "Vĩnh Sơn B", "loai": "Hồ chứa TĐ", "nguon": "Toạ độ thuỷ điện Việt Nam + danh mục master", "w_toanbo": 97.0, "w_huu_ich": 80.0, "mndbt": 826.0, "mndgc": 831.1, "mnc": 813.6, "flv_km2": 117.0, "luu_vuc": "Sông Kôn", "don_vi": "Bộ Công thương (EVN)", "vung": "Tây Nguyên", "tinh": "64", "ma": "G02.TL0020.TD001", "dt_tuoi": 0.0, "toado_nguon": "VN-WIS"}}, {"type": "Feature", "geometry": {"type": "Point", "coordinates": [102.983889, 22.138056]}, "properties": {"ten": "Lai Châu", "loai": "Hồ chứa TĐ", "nguon": "Toạ độ thuỷ điện Việt Nam + danh mục master", "w_toanbo": 799.7, "w_huu_ich": 799.7, "mndbt": 295.0, "mndgc": 297.9, "mnc": 265.0, "flv_km2": 0.0, "luu_vuc": "Sông Đà", "don_vi": "Bộ Công thương (EVN)", "vung": "MN phía Bắc", "tinh": "12", "ma": "G02.TL0002.TD001", "dt_tuoi": 0.0}}, {"type": "Feature", "geometry": {"type": "Point", "coordinates": [103.8775, 21.696389]}, "properties": {"ten": "Huội Quảng", "loai": "Hồ chứa TĐ", "nguon": "Toạ độ thuỷ điện Việt Nam + danh mục master", "w_toanbo": 16.3, "w_huu_ich": 16.3, "mndbt": 370.0, "mndgc": 427.2, "mnc": 368.0, "flv_km2": 0.0, "luu_vuc": "Sông Đà", "don_vi": "Bộ Công thương (EVN)", "vung": "MN phía Bắc", "tinh": "12", "ma": "G02.TL0004.TD001", "dt_tuoi": 0.0}}, {"type": "Feature", "geometry": {"type": "Point", "coordinates": [107.657956, 14.10642]}, "properties": {"ten": "Sê San 3A", "loai": "Hồ chứa TĐ", "nguon": "Toạ độ thuỷ điện Việt Nam"}}, {"type": "Feature", "geometry": {"type": "Point", "coordinates": [105.172663, 20.320519]}, "properties": {"ten": "Bá Thước I", "loai": "Hồ chứa TĐ", "nguon": "Toạ độ thuỷ điện Việt Nam"}}, {"type": "Feature", "geometry": {"type": "Point", "coordinates": [104.6625, 19.183333]}, "properties": {"ten": "Thủy điện Khe Bố", "loai": "Hồ chứa TĐ", "nguon": "Toạ độ thuỷ điện Việt Nam + danh mục master", "w_toanbo": 98.0, "w_huu_ich": 17.0, "mndbt": 65.0, "mndgc": 0.0, "mnc": 63.0, "flv_km2": 14300.0, "luu_vuc": "Sông Cả", "don_vi": "Bộ Công thương (EVN)", "nam_xd": "2007", "vung": "Bắc Trung Bộ", "tinh": "40", "ma": "G02.TL0014.TD001", "dt_tuoi": 0.0, "toado_nguon": "VN-WIS"}}, {"type": "Feature", "geometry": {"type": "Point", "coordinates": [104.802881, 19.088099]}, "properties": {"ten": "Chi Khê", "loai": "Hồ chứa TĐ", "nguon": "Toạ độ thuỷ điện Việt Nam + danh mục master", "w_toanbo": 33.0, "w_huu_ich": 0.0, "mndbt": 38.0, "mndgc": 0.0, "mnc": 38.0, "flv_km2": 0.0, "luu_vuc": "Sông Cả", "don_vi": "Bộ Công thương (EVN)", "nam_xd": "2013", "vung": "Bắc Trung Bộ", "tinh": "40", "ma": "G02.TL0015.TD001", "dt_tuoi": 0.0}}, {"type": "Feature", "geometry": {"type": "Point", "coordinates": [107.423396, 16.460041]}, "properties": {"ten": "Hương Điền", "loai": "Hồ chứa TĐ", "nguon": "Toạ độ thuỷ điện Việt Nam + danh mục master", "w_toanbo": 821.0, "w_huu_ich": 351.0, "mndbt": 58.0, "mndgc": 60.0, "mnc": 46.0, "flv_km2": 707.0, "luu_vuc": "Sông Hương", "don_vi": "Bộ Công thương (EVN)", "nam_xd": "2004", "vung": "Bắc Trung Bộ", "tinh": "46", "ma": "G02.TL0013.TD001", "dt_tuoi": 0.0}}, {"type": "Feature", "geometry": {"type": "Point", "coordinates": [107.502721, 16.317285]}, "properties": {"ten": "Bình Điền", "loai": "Hồ chứa TĐ", "nguon": "Toạ độ thuỷ điện Việt Nam + danh mục master", "w_toanbo": 424.0, "w_huu_ich": 344.0, "mndbt": 85.0, "mndgc": 85.0, "mnc": 53.0, "flv_km2": 515.0, "luu_vuc": "Sông Hương", "don_vi": "Bộ Công thương (EVN)", "vung": "Bắc Trung Bộ", "tinh": "46", "ma": "G02.TL0012.TD001", "dt_tuoi": 0.0}}, {"type": "Feature", "geometry": {"type": "Point", "coordinates": [107.8311, 15.4547]}, "properties": {"ten": "Đăk Mi 4", "loai": "Hồ chứa TĐ", "nguon": "Toạ độ thuỷ điện Việt Nam + danh mục master", "w_toanbo": 312.4, "w_huu_ich": 158.3, "mndbt": 258.0, "mndgc": 258.2, "mnc": 240.0, "flv_km2": 1125.0, "luu_vuc": "Sông Vu Gia-Thu Bồn", "don_vi": "Bộ Công thương (EVN)", "nam_xd": "2007", "vung": "Nam Trung Bộ", "tinh": "49", "ma": "G02.TL0016.TD001", "dt_tuoi": 0.0, "toado_nguon": "VN-WIS"}}, {"type": "Feature", "geometry": {"type": "Point", "coordinates": [107.680102, 15.764464]}, "properties": {"ten": "Sông Bung 4A", "loai": "Hồ chứa TĐ", "nguon": "Toạ độ thuỷ điện Việt Nam"}}, {"type": "Feature", "geometry": {"type": "Point", "coordinates": [107.747266, 15.80807]}, "properties": {"ten": "Sông Bung 5", "loai": "Hồ chứa TĐ", "nguon": "Toạ độ thuỷ điện Việt Nam"}}, {"type": "Feature", "geometry": {"type": "Point", "coordinates": [108.720185, 14.36132]}, "properties": {"ten": "Vĩnh Sơn 5", "loai": "Hồ chứa TĐ", "nguon": "Toạ độ thuỷ điện Việt Nam"}}, {"type": "Feature", "geometry": {"type": "Point", "coordinates": [107.8558, 12.8082]}, "properties": {"ten": "Srêpốk 4", "loai": "Hồ chứa TĐ", "nguon": "Toạ độ thuỷ điện Việt Nam"}}, {"type": "Feature", "geometry": {"type": "Point", "coordinates": [107.812399, 12.893514]}, "properties": {"ten": "Srêpốk 4A", "loai": "Hồ chứa TĐ", "nguon": "Toạ độ thuỷ điện Việt Nam"}}, {"type": "Feature", "geometry": {"type": "Point", "coordinates": [106.843134, 11.968814]}, "properties": {"ten": "Cần Đơn", "loai": "Hồ chứa TĐ", "nguon": "Toạ độ thuỷ điện Việt Nam + danh mục master", "w_toanbo": 165.49, "w_huu_ich": 79.9, "mndbt": 110.0, "mndgc": 111.44, "mnc": 104.0, "flv_km2": 0.0, "luu_vuc": "Sông Đồng Nai", "don_vi": "Bộ Công thương (EVN)", "vung": "Đông Nam Bộ", "tinh": "70", "ma": "G02.TL0043.TD001", "dt_tuoi": 0.0}}, {"type": "Feature", "geometry": {"type": "Point", "coordinates": [108.05753, 11.713109]}, "properties": {"ten": "Đồng Nai 2", "loai": "Hồ chứa TĐ", "nguon": "Toạ độ thuỷ điện Việt Nam"}}, {"type": "Feature", "geometry": {"type": "Point", "coordinates": [104.102974, 21.514942]}, "properties": {"ten": "Nậm Chiến", "loai": "Hồ chứa TĐ", "nguon": "Toạ độ thuỷ điện Việt Nam"}}, {"type": "Feature", "geometry": {"type": "Point", "coordinates": [105.7889, 22.1936]}, "properties": {"ten": "Nậm Cắt", "loai": "Hồ chứa TĐ", "nguon": "Toạ độ thuỷ điện Việt Nam"}}, {"type": "Feature", "geometry": {"type": "Point", "coordinates": [105.723661, 22.30414]}, "properties": {"ten": "Tà Làng", "loai": "Hồ chứa TĐ", "nguon": "Toạ độ thuỷ điện Việt Nam"}}, {"type": "Feature", "geometry": {"type": "Point", "coordinates": [106.69972, 22.858944]}, "properties": {"ten": "Bản Rạ", "loai": "Hồ chứa TĐ", "nguon": "Toạ độ thuỷ điện Việt Nam"}}, {"type": "Feature", "geometry": {"type": "Point", "coordinates": [105.549119, 22.941653]}, "properties": {"ten": "Bảo Lâm 1", "loai": "Hồ chứa TĐ", "nguon": "Toạ độ thuỷ điện Việt Nam"}}, {"type": "Feature", "geometry": {"type": "Point", "coordinates": [105.489466, 23.012742]}, "properties": {"ten": "Bảo Lâm 3", "loai": "Hồ chứa TĐ", "nguon": "Toạ độ thuỷ điện Việt Nam"}}, {"type": "Feature", "geometry": {"type": "Point", "coordinates": [106.599037, 22.68453]}, "properties": {"ten": "Nà Lòa", "loai": "Hồ chứa TĐ", "nguon": "Toạ độ thuỷ điện Việt Nam"}}, {"type": "Feature", "geometry": {"type": "Point", "coordinates": [106.501124, 22.67239]}, "properties": {"ten": "Nà Tẩu", "loai": "Hồ chứa TĐ", "nguon": "Toạ độ thuỷ điện Việt Nam"}}, {"type": "Feature", "geometry": {"type": "Point", "coordinates": [106.618875, 22.829616]}, "properties": {"ten": "Thoong Cót 2", "loai": "Hồ chứa TĐ", "nguon": "Toạ độ thuỷ điện Việt Nam"}}, {"type": "Feature", "geometry": {"type": "Point", "coordinates": [106.607841, 22.839175]}, "properties": {"ten": "Thoong Gót", "loai": "Hồ chứa TĐ", "nguon": "Toạ độ thuỷ điện Việt Nam"}}, {"type": "Feature", "geometry": {"type": "Point", "coordinates": [103.101389, 21.965]}, "properties": {"ten": "Nậm He", "loai": "Hồ chứa TĐ", "nguon": "Toạ độ thuỷ điện Việt Nam"}}, {"type": "Feature", "geometry": {"type": "Point", "coordinates": [103.324785, 21.788758]}, "properties": {"ten": "Nậm Mu 2", "loai": "Hồ chứa TĐ", "nguon": "Toạ độ thuỷ điện Việt Nam"}}, {"type": "Feature", "geometry": {"type": "Point", "coordinates": [103.293611, 21.798056]}, "properties": {"ten": "Nậm Mức", "loai": "Hồ chứa TĐ", "nguon": "Toạ độ thuỷ điện Việt Nam"}}, {"type": "Feature", "geometry": {"type": "Point", "coordinates": [102.932419, 21.30249]}, "properties": {"ten": "Nậm Núa", "loai": "Hồ chứa TĐ", "nguon": "Toạ độ thuỷ điện Việt Nam"}}, {"type": "Feature", "geometry": {"type": "Point", "coordinates": [103.05847, 21.468779]}, "properties": {"ten": "Thác Bay", "loai": "Hồ chứa TĐ", "nguon": "Toạ độ thuỷ điện Việt Nam"}}, {"type": "Feature", "geometry": {"type": "Point", "coordinates": [103.07822, 21.458152]}, "properties": {"ten": "Thác Trắng", "loai": "Hồ chứa TĐ", "nguon": "Toạ độ thuỷ điện Việt Nam"}}, {"type": "Feature", "geometry": {"type": "Point", "coordinates": [103.255949, 21.938481]}, "properties": {"ten": "Trung Thu", "loai": "Hồ chứa TĐ", "nguon": "Toạ độ thuỷ điện Việt Nam"}}, {"type": "Feature", "geometry": {"type": "Point", "coordinates": [105.40423, 22.73807]}, "properties": {"ten": "Bắc Mê", "loai": "Hồ chứa TĐ", "nguon": "Toạ độ thuỷ điện Việt Nam"}}, {"type": "Feature", "geometry": {"type": "Point", "coordinates": [105.114941, 22.923545]}, "properties": {"ten": "Nậm Mạ 1", "loai": "Hồ chứa TĐ", "nguon": "Toạ độ thuỷ điện Việt Nam"}}, {"type": "Feature", "geometry": {"type": "Point", "coordinates": [104.877405, 22.549271]}, "properties": {"ten": "Nhà máy Nậm Mu", "loai": "Hồ chứa TĐ", "nguon": "Toạ độ thuỷ điện Việt Nam"}}, {"type": "Feature", "geometry": {"type": "Point", "coordinates": [104.899914, 22.612311]}, "properties": {"ten": "Nậm Ngần", "loai": "Hồ chứa TĐ", "nguon": "Toạ độ thuỷ điện Việt Nam"}}, {"type": "Feature", "geometry": {"type": "Point", "coordinates": [105.430794, 23.230866]}, "properties": {"ten": "Nho Quế 1", "loai": "Hồ chứa TĐ", "nguon": "Toạ độ thuỷ điện Việt Nam"}}, {"type": "Feature", "geometry": {"type": "Point", "coordinates": [105.485202, 23.17799]}, "properties": {"ten": "Nho Quế 2", "loai": "Hồ chứa TĐ", "nguon": "Toạ độ thuỷ điện Việt Nam"}}, {"type": "Feature", "geometry": {"type": "Point", "coordinates": [105.515578, 23.143103]}, "properties": {"ten": "Nho Quế 3", "loai": "Hồ chứa TĐ", "nguon": "Toạ độ thuỷ điện Việt Nam"}}, {"type": "Feature", "geometry": {"type": "Point", "coordinates": [104.722742, 22.452095]}, "properties": {"ten": "Sông Bạc", "loai": "Hồ chứa TĐ", "nguon": "Toạ độ thuỷ điện Việt Nam"}}, {"type": "Feature", "geometry": {"type": "Point", "coordinates": [104.535, 22.714722]}, "properties": {"ten": "Sông Chảy 5", "loai": "Hồ chứa TĐ", "nguon": "Toạ độ thuỷ điện Việt Nam"}}, {"type": "Feature", "geometry": {"type": "Point", "coordinates": [104.635, 22.43]}, "properties": {"ten": "Sông Chừng (sông con 2)", "loai": "Hồ chứa TĐ", "nguon": "Toạ độ thuỷ điện Việt Nam"}}, {"type": "Feature", "geometry": {"type": "Point", "coordinates": [104.9737, 22.722709]}, "properties": {"ten": "Sông Lô 2", "loai": "Hồ chứa TĐ", "nguon": "Toạ độ thuỷ điện Việt Nam"}}, {"type": "Feature", "geometry": {"type": "Point", "coordinates": [104.908451, 22.541576]}, "properties": {"ten": "Sông Lô 4", "loai": "Hồ chứa TĐ", "nguon": "Toạ độ thuỷ điện Việt Nam"}}, {"type": "Feature", "geometry": {"type": "Point", "coordinates": [105.017877, 23.157399]}, "properties": {"ten": "Sông Miện", "loai": "Hồ chứa TĐ", "nguon": "Toạ độ thuỷ điện Việt Nam"}}, {"type": "Feature", "geometry": {"type": "Point", "coordinates": [105.005978, 22.922386]}, "properties": {"ten": "Sông Miện 5", "loai": "Hồ chứa TĐ", "nguon": "Toạ độ thuỷ điện Việt Nam"}}, {"type": "Feature", "geometry": {"type": "Point", "coordinates": [104.995929, 22.88892]}, "properties": {"ten": "Sông Miện 5A", "loai": "Hồ chứa TĐ", "nguon": "Toạ độ thuỷ điện Việt Nam"}}, {"type": "Feature", "geometry": {"type": "Point", "coordinates": [105.01357, 22.845691]}, "properties": {"ten": "Sông Miện 6", "loai": "Hồ chứa TĐ", "nguon": "Toạ độ thuỷ điện Việt Nam"}}, {"type": "Feature", "geometry": {"type": "Point", "coordinates": [105.065865, 22.999185]}, "properties": {"ten": "Thái An", "loai": "Hồ chứa TĐ", "nguon": "Toạ độ thuỷ điện Việt Nam"}}, {"type": "Feature", "geometry": {"type": "Point", "coordinates": [104.80685, 22.865324]}, "properties": {"ten": "Thanh Thủy 1", "loai": "Hồ chứa TĐ", "nguon": "Toạ độ thuỷ điện Việt Nam"}}, {"type": "Feature", "geometry": {"type": "Point", "coordinates": [104.844393, 22.897995]}, "properties": {"ten": "Thanh Thủy 2", "loai": "Hồ chứa TĐ", "nguon": "Toạ độ thuỷ điện Việt Nam"}}, {"type": "Feature", "geometry": {"type": "Point", "coordinates": [105.03475, 22.959707]}, "properties": {"ten": "Thuận Hoà", "loai": "Hồ chứa TĐ", "nguon": "Toạ độ thuỷ điện Việt Nam"}}, {"type": "Feature", "geometry": {"type": "Point", "coordinates": [105.419705, 20.461732]}, "properties": {"ten": "Định Cư", "loai": "Hồ chứa TĐ", "nguon": "Toạ độ thuỷ điện Việt Nam"}}, {"type": "Feature", "geometry": {"type": "Point", "coordinates": [104.987283, 20.951197]}, "properties": {"ten": "Đồng Chum 2B", "loai": "Hồ chứa TĐ", "nguon": "Toạ độ thuỷ điện Việt Nam"}}, {"type": "Feature", "geometry": {"type": "Point", "coordinates": [105.021451, 20.742348]}, "properties": {"ten": "So Lo 1", "loai": "Hồ chứa TĐ", "nguon": "Toạ độ thuỷ điện Việt Nam"}}, {"type": "Feature", "geometry": {"type": "Point", "coordinates": [104.973846, 20.938642]}, "properties": {"ten": "Suối Nhạp A", "loai": "Hồ chứa TĐ", "nguon": "Toạ độ thuỷ điện Việt Nam"}}, {"type": "Feature", "geometry": {"type": "Point", "coordinates": [105.289838, 20.720804]}, "properties": {"ten": "Suối Tráng", "loai": "Hồ chứa TĐ", "nguon": "Toạ độ thuỷ điện Việt Nam"}}, {"type": "Feature", "geometry": {"type": "Point", "coordinates": [105.026653, 20.593556]}, "properties": {"ten": "Vạn Mai", "loai": "Hồ chứa TĐ", "nguon": "Toạ độ thuỷ điện Việt Nam"}}, {"type": "Feature", "geometry": {"type": "Point", "coordinates": [103.875491, 21.748405]}, "properties": {"ten": "Nậm Mở 3", "loai": "Hồ chứa TĐ", "nguon": "Toạ độ thuỷ điện Việt Nam"}}, {"type": "Feature", "geometry": {"type": "Point", "coordinates": [103.233781, 22.492785]}, "properties": {"ten": "Nậm Na 2", "loai": "Hồ chứa TĐ", "nguon": "Toạ độ thuỷ điện Việt Nam"}}, {"type": "Feature", "geometry": {"type": "Point", "coordinates": [103.161197, 22.298512]}, "properties": {"ten": "Nậm Na 3", "loai": "Hồ chứa TĐ", "nguon": "Toạ độ thuỷ điện Việt Nam"}}, {"type": "Feature", "geometry": {"type": "Point", "coordinates": [106.397011, 22.284122]}, "properties": {"ten": "Bắc Khê 1", "loai": "Hồ chứa TĐ", "nguon": "Toạ độ thuỷ điện Việt Nam"}}, {"type": "Feature", "geometry": {"type": "Point", "coordinates": [106.551022, 21.878]}, "properties": {"ten": "Bản Quyền", "loai": "Hồ chứa TĐ", "nguon": "Toạ độ thuỷ điện Việt Nam"}}, {"type": "Feature", "geometry": {"type": "Point", "coordinates": [106.499515, 22.171162]}, "properties": {"ten": "Thác Xăng", "loai": "Hồ chứa TĐ", "nguon": "Toạ độ thuỷ điện Việt Nam"}}, {"type": "Feature", "geometry": {"type": "Point", "coordinates": [104.195588, 22.506895]}, "properties": {"ten": "Bắc Hà", "loai": "Hồ chứa TĐ", "nguon": "Toạ độ thuỷ điện Việt Nam"}}, {"type": "Feature", "geometry": {"type": "Point", "coordinates": [104.336391, 22.507925]}, "properties": {"ten": "Bắc Nà", "loai": "Hồ chứa TĐ", "nguon": "Toạ độ thuỷ điện Việt Nam"}}, {"type": "Feature", "geometry": {"type": "Point", "coordinates": [104.317509, 22.414454]}, "properties": {"ten": "Cốc Đàm", "loai": "Hồ chứa TĐ", "nguon": "Toạ độ thuỷ điện Việt Nam"}}, {"type": "Feature", "geometry": {"type": "Point", "coordinates": [103.905323, 22.413931]}, "properties": {"ten": "Cốc San", "loai": "Hồ chứa TĐ", "nguon": "Toạ độ thuỷ điện Việt Nam"}}, {"type": "Feature", "geometry": {"type": "Point", "coordinates": [103.860133, 22.309978]}, "properties": {"ten": "Lao Chải", "loai": "Hồ chứa TĐ", "nguon": "Toạ độ thuỷ điện Việt Nam"}}, {"type": "Feature", "geometry": {"type": "Point", "coordinates": [104.090114, 22.044265]}, "properties": {"ten": "Minh Lương", "loai": "Hồ chứa TĐ", "nguon": "Toạ độ thuỷ điện Việt Nam"}}, {"type": "Feature", "geometry": {"type": "Point", "coordinates": [103.714167, 22.540556]}, "properties": {"ten": "Mường Hum", "loai": "Hồ chứa TĐ", "nguon": "Toạ độ thuỷ điện Việt Nam"}}, {"type": "Feature", "geometry": {"type": "Point", "coordinates": [103.984972, 22.265733]}, "properties": {"ten": "Nậm Củn", "loai": "Hồ chứa TĐ", "nguon": "Toạ độ thuỷ điện Việt Nam"}}, {"type": "Feature", "geometry": {"type": "Point", "coordinates": [104.396771, 22.496049]}, "properties": {"ten": "Nậm Khánh", "loai": "Hồ chứa TĐ", "nguon": "Toạ độ thuỷ điện Việt Nam"}}, {"type": "Feature", "geometry": {"type": "Point", "coordinates": [104.094548, 22.082986]}, "properties": {"ten": "Nậm Khắt", "loai": "Hồ chứa TĐ", "nguon": "Toạ độ thuỷ điện Việt Nam"}}, {"type": "Feature", "geometry": {"type": "Point", "coordinates": [103.980011, 22.059398]}, "properties": {"ten": "Nậm Khóa 3", "loai": "Hồ chứa TĐ", "nguon": "Toạ độ thuỷ điện Việt Nam"}}, {"type": "Feature", "geometry": {"type": "Point", "coordinates": [104.340776, 22.446599]}, "properties": {"ten": "Nậm Phàng", "loai": "Hồ chứa TĐ", "nguon": "Toạ độ thuỷ điện Việt Nam"}}, {"type": "Feature", "geometry": {"type": "Point", "coordinates": [103.719234, 22.50355]}, "properties": {"ten": "Nậm Pung", "loai": "Hồ chứa TĐ", "nguon": "Toạ độ thuỷ điện Việt Nam"}}, {"type": "Feature", "geometry": {"type": "Point", "coordinates": [104.351494, 21.891924]}, "properties": {"ten": "Nậm Tha 3", "loai": "Hồ chứa TĐ", "nguon": "Toạ độ thuỷ điện Việt Nam"}}, {"type": "Feature", "geometry": {"type": "Point", "coordinates": [104.371955, 21.908705]}, "properties": {"ten": "Nậm Tha 4", "loai": "Hồ chứa TĐ", "nguon": "Toạ độ thuỷ điện Việt Nam"}}, {"type": "Feature", "geometry": {"type": "Point", "coordinates": [104.380564, 21.924821]}, "properties": {"ten": "Nậm Tha 5", "loai": "Hồ chứa TĐ", "nguon": "Toạ độ thuỷ điện Việt Nam"}}, {"type": "Feature", "geometry": {"type": "Point", "coordinates": [104.388342, 21.943379]}, "properties": {"ten": "Nậm Tha 6", "loai": "Hồ chứa TĐ", "nguon": "Toạ độ thuỷ điện Việt Nam"}}, {"type": "Feature", "geometry": {"type": "Point", "coordinates": [103.944233, 22.222531]}, "properties": {"ten": "Nậm Toóng", "loai": "Hồ chứa TĐ", "nguon": "Toạ độ thuỷ điện Việt Nam"}}, {"type": "Feature", "geometry": {"type": "Point", "coordinates": [104.071834, 21.989973]}, "properties": {"ten": "Nậm Xây Luông", "loai": "Hồ chứa TĐ", "nguon": "Toạ độ thuỷ điện Việt Nam"}}, {"type": "Feature", "geometry": {"type": "Point", "coordinates": [104.153102, 21.942574]}, "properties": {"ten": "Nậm Xây Luông 3", "loai": "Hồ chứa TĐ", "nguon": "Toạ độ thuỷ điện Việt Nam"}}, {"type": "Feature", "geometry": {"type": "Point", "coordinates": [104.1329, 21.9552]}, "properties": {"ten": "Nậm Xây Luông 4-5", "loai": "Hồ chứa TĐ", "nguon": "Toạ độ thuỷ điện Việt Nam"}}, {"type": "Feature", "geometry": {"type": "Point", "coordinates": [103.743333, 22.554444]}, "properties": {"ten": "Ngòi Phát", "loai": "Hồ chứa TĐ", "nguon": "Toạ độ thuỷ điện Việt Nam"}}, {"type": "Feature", "geometry": {"type": "Point", "coordinates": [103.817325, 22.461724]}, "properties": {"ten": "Ngòi Xan 1", "loai": "Hồ chứa TĐ", "nguon": "Toạ độ thuỷ điện Việt Nam"}}, {"type": "Feature", "geometry": {"type": "Point", "coordinates": [103.83656, 22.468024]}, "properties": {"ten": "Ngòi Xan 2", "loai": "Hồ chứa TĐ", "nguon": "Toạ độ thuỷ điện Việt Nam"}}, {"type": "Feature", "geometry": {"type": "Point", "coordinates": [103.895911, 22.248103]}, "properties": {"ten": "Séo Chong Hô", "loai": "Hồ chứa TĐ", "nguon": "Toạ độ thuỷ điện Việt Nam"}}, {"type": "Feature", "geometry": {"type": "Point", "coordinates": [103.914287, 22.290528]}, "properties": {"ten": "Sử Pán 1", "loai": "Hồ chứa TĐ", "nguon": "Toạ độ thuỷ điện Việt Nam"}}, {"type": "Feature", "geometry": {"type": "Point", "coordinates": [103.940635, 22.271937]}, "properties": {"ten": "Sử Pán 2", "loai": "Hồ chứa TĐ", "nguon": "Toạ độ thuỷ điện Việt Nam"}}, {"type": "Feature", "geometry": {"type": "Point", "coordinates": [103.821111, 22.434444]}, "properties": {"ten": "Sùng Vui", "loai": "Hồ chứa TĐ", "nguon": "Toạ độ thuỷ điện Việt Nam"}}, {"type": "Feature", "geometry": {"type": "Point", "coordinates": [104.231867, 22.145803]}, "properties": {"ten": "Suối Chăn 2", "loai": "Hồ chứa TĐ", "nguon": "Toạ độ thuỷ điện Việt Nam"}}, {"type": "Feature", "geometry": {"type": "Point", "coordinates": [103.665419, 22.48742]}, "properties": {"ten": "Tà Lơi 2", "loai": "Hồ chứa TĐ", "nguon": "Toạ độ thuỷ điện Việt Nam"}}, {"type": "Feature", "geometry": {"type": "Point", "coordinates": [103.690677, 22.506647]}, "properties": {"ten": "Tà Lơi 3", "loai": "Hồ chứa TĐ", "nguon": "Toạ độ thuỷ điện Việt Nam"}}, {"type": "Feature", "geometry": {"type": "Point", "coordinates": [104.022222, 22.298611]}, "properties": {"ten": "Tà Thàng", "loai": "Hồ chứa TĐ", "nguon": "Toạ độ thuỷ điện Việt Nam"}}, {"type": "Feature", "geometry": {"type": "Point", "coordinates": [103.908124, 22.499454]}, "properties": {"ten": "Trung Hồ", "loai": "Hồ chứa TĐ", "nguon": "Toạ độ thuỷ điện Việt Nam"}}, {"type": "Feature", "geometry": {"type": "Point", "coordinates": [103.873019, 22.473244]}, "properties": {"ten": "Vạn Hồ", "loai": "Hồ chứa TĐ", "nguon": "Toạ độ thuỷ điện Việt Nam"}}, {"type": "Feature", "geometry": {"type": "Point", "coordinates": [104.441661, 22.308868]}, "properties": {"ten": "Vĩnh Hà", "loai": "Hồ chứa TĐ", "nguon": "Toạ độ thuỷ điện Việt Nam"}}, {"type": "Feature", "geometry": {"type": "Point", "coordinates": [107.381601, 21.365032]}, "properties": {"ten": "Khe Soong", "loai": "Hồ chứa TĐ", "nguon": "Toạ độ thuỷ điện Việt Nam"}}, {"type": "Feature", "geometry": {"type": "Point", "coordinates": [104.185331, 21.470753]}, "properties": {"ten": "Chiềng Công 1", "loai": "Hồ chứa TĐ", "nguon": "Toạ độ thuỷ điện Việt Nam"}}, {"type": "Feature", "geometry": {"type": "Point", "coordinates": [103.781254, 21.479575]}, "properties": {"ten": "Chiềng Ngàm Thượng", "loai": "Hồ chứa TĐ", "nguon": "Toạ độ thuỷ điện Việt Nam"}}, {"type": "Feature", "geometry": {"type": "Point", "coordinates": [104.476666, 21.313056]}, "properties": {"ten": "Háng Đồng A", "loai": "Hồ chứa TĐ", "nguon": "Toạ độ thuỷ điện Việt Nam"}}, {"type": "Feature", "geometry": {"type": "Point", "coordinates": [104.478549, 21.287117]}, "properties": {"ten": "Háng Đồng A1", "loai": "Hồ chứa TĐ", "nguon": "Toạ độ thuỷ điện Việt Nam"}}, {"type": "Feature", "geometry": {"type": "Point", "coordinates": [104.091, 21.5001]}, "properties": {"ten": "Nậm Chiến 2", "loai": "Hồ chứa TĐ", "nguon": "Toạ độ thuỷ điện Việt Nam"}}, {"type": "Feature", "geometry": {"type": "Point", "coordinates": [104.495484, 21.223824]}, "properties": {"ten": "Suối Sập 3", "loai": "Hồ chứa TĐ", "nguon": "Toạ độ thuỷ điện Việt Nam"}}, {"type": "Feature", "geometry": {"type": "Point", "coordinates": [104.045631, 21.43693]}, "properties": {"ten": "Nậm Bú", "loai": "Hồ chứa TĐ", "nguon": "Toạ độ thuỷ điện Việt Nam"}}, {"type": "Feature", "geometry": {"type": "Point", "coordinates": [103.866537, 21.253586]}, "properties": {"ten": "Nậm Chanh", "loai": "Hồ chứa TĐ", "nguon": "Toạ độ thuỷ điện Việt Nam"}}, {"type": "Feature", "geometry": {"type": "Point", "coordinates": [104.349786, 21.341272]}, "properties": {"ten": "Nậm Chim 1", "loai": "Hồ chứa TĐ", "nguon": "Toạ độ thuỷ điện Việt Nam"}}, {"type": "Feature", "geometry": {"type": "Point", "coordinates": [103.654382, 21.007947]}, "properties": {"ten": "Nậm Công 3", "loai": "Hồ chứa TĐ", "nguon": "Toạ độ thuỷ điện Việt Nam"}}, {"type": "Feature", "geometry": {"type": "Point", "coordinates": [103.682735, 21.030753]}, "properties": {"ten": "Nậm Công 4", "loai": "Hồ chứa TĐ", "nguon": "Toạ độ thuỷ điện Việt Nam"}}, {"type": "Feature", "geometry": {"type": "Point", "coordinates": [103.764696, 21.674545]}, "properties": {"ten": "Nậm Giôn", "loai": "Hồ chứa TĐ", "nguon": "Toạ độ thuỷ điện Việt Nam"}}, {"type": "Feature", "geometry": {"type": "Point", "coordinates": [103.407121, 21.413226]}, "properties": {"ten": "Nậm Hóa 2", "loai": "Hồ chứa TĐ", "nguon": "Toạ độ thuỷ điện Việt Nam"}}, {"type": "Feature", "geometry": {"type": "Point", "coordinates": [104.236742, 21.451466]}, "properties": {"ten": "Nậm Hồng 1", "loai": "Hồ chứa TĐ", "nguon": "Toạ độ thuỷ điện Việt Nam"}}, {"type": "Feature", "geometry": {"type": "Point", "coordinates": [104.210404, 21.457144]}, "properties": {"ten": "Nậm Hồng 2", "loai": "Hồ chứa TĐ", "nguon": "Toạ độ thuỷ điện Việt Nam"}}, {"type": "Feature", "geometry": {"type": "Point", "coordinates": [104.171784, 21.63159]}, "properties": {"ten": "Nậm Khốt", "loai": "Hồ chứa TĐ", "nguon": "Toạ độ thuỷ điện Việt Nam"}}, {"type": "Feature", "geometry": {"type": "Point", "coordinates": [103.983088, 21.405917]}, "properties": {"ten": "Nậm La", "loai": "Hồ chứa TĐ", "nguon": "Toạ độ thuỷ điện Việt Nam"}}, {"type": "Feature", "geometry": {"type": "Point", "coordinates": [103.261278, 22.595563]}, "properties": {"ten": "Nậm Na 1", "loai": "Hồ chứa TĐ", "nguon": "Toạ độ thuỷ điện Việt Nam"}}, {"type": "Feature", "geometry": {"type": "Point", "coordinates": [104.169204, 21.445252]}, "properties": {"ten": "Nậm Pia", "loai": "Hồ chứa TĐ", "nguon": "Toạ độ thuỷ điện Việt Nam"}}, {"type": "Feature", "geometry": {"type": "Point", "coordinates": [103.735005, 20.914025]}, "properties": {"ten": "Nậm Sọi", "loai": "Hồ chứa TĐ", "nguon": "Toạ độ thuỷ điện Việt Nam"}}, {"type": "Feature", "geometry": {"type": "Point", "coordinates": [104.040289, 21.476025]}, "properties": {"ten": "Pá Chiến", "loai": "Hồ chứa TĐ", "nguon": "Toạ độ thuỷ điện Việt Nam"}}, {"type": "Feature", "geometry": {"type": "Point", "coordinates": [104.541507, 21.266947]}, "properties": {"ten": "Suối Sập 1", "loai": "Hồ chứa TĐ", "nguon": "Toạ độ thuỷ điện Việt Nam"}}, {"type": "Feature", "geometry": {"type": "Point", "coordinates": [103.635771, 20.973383]}, "properties": {"ten": "Tà Cọ", "loai": "Hồ chứa TĐ", "nguon": "Toạ độ thuỷ điện Việt Nam"}}, {"type": "Feature", "geometry": {"type": "Point", "coordinates": [104.522843, 20.894466]}, "properties": {"ten": "Tà Niết", "loai": "Hồ chứa TĐ", "nguon": "Toạ độ thuỷ điện Việt Nam"}}, {"type": "Feature", "geometry": {"type": "Point", "coordinates": [104.56957, 20.864811]}, "properties": {"ten": "Tắt Ngoẵng", "loai": "Hồ chứa TĐ", "nguon": "Toạ độ thuỷ điện Việt Nam"}}, {"type": "Feature", "geometry": {"type": "Point", "coordinates": [105.327951, 22.196794]}, "properties": {"ten": "Chiêm Hóa", "loai": "Hồ chứa TĐ", "nguon": "Toạ độ thuỷ điện Việt Nam"}}, {"type": "Feature", "geometry": {"type": "Point", "coordinates": [104.357832, 21.508921]}, "properties": {"ten": "Hát Lìu", "loai": "Hồ chứa TĐ", "nguon": "Toạ độ thuỷ điện Việt Nam"}}, {"type": "Feature", "geometry": {"type": "Point", "coordinates": [103.941877, 21.87785]}, "properties": {"ten": "Hồ Bốn", "loai": "Hồ chứa TĐ", "nguon": "Toạ độ thuỷ điện Việt Nam"}}, {"type": "Feature", "geometry": {"type": "Point", "coordinates": [103.998626, 21.868398]}, "properties": {"ten": "Khao Mang", "loai": "Hồ chứa TĐ", "nguon": "Toạ độ thuỷ điện Việt Nam"}}, {"type": "Feature", "geometry": {"type": "Point", "coordinates": [104.035359, 21.858445]}, "properties": {"ten": "Khao Mang Thượng", "loai": "Hồ chứa TĐ", "nguon": "Toạ độ thuỷ điện Việt Nam"}}, {"type": "Feature", "geometry": {"type": "Point", "coordinates": [103.906035, 21.872075]}, "properties": {"ten": "Mường Kim", "loai": "Hồ chứa TĐ", "nguon": "Toạ độ thuỷ điện Việt Nam"}}, {"type": "Feature", "geometry": {"type": "Point", "coordinates": [104.435939, 21.809166]}, "properties": {"ten": "Ngòi Hút 1", "loai": "Hồ chứa TĐ", "nguon": "Toạ độ thuỷ điện Việt Nam"}}, {"type": "Feature", "geometry": {"type": "Point", "coordinates": [104.332345, 21.79389]}, "properties": {"ten": "Ngòi hút 2", "loai": "Hồ chứa TĐ", "nguon": "Toạ độ thuỷ điện Việt Nam"}}, {"type": "Feature", "geometry": {"type": "Point", "coordinates": [104.450877, 21.506559]}, "properties": {"ten": "Noong Phai", "loai": "Hồ chứa TĐ", "nguon": "Toạ độ thuỷ điện Việt Nam"}}, {"type": "Feature", "geometry": {"type": "Point", "coordinates": [104.548965, 21.681068]}, "properties": {"ten": "Văn Chấn", "loai": "Hồ chứa TĐ", "nguon": "Toạ độ thuỷ điện Việt Nam"}}, {"type": "Feature", "geometry": {"type": "Point", "coordinates": [105.151427, 18.446042]}, "properties": {"ten": "Hương Sơn", "loai": "Hồ chứa TĐ", "nguon": "Toạ độ thuỷ điện Việt Nam"}}, {"type": "Feature", "geometry": {"type": "Point", "coordinates": [104.400478, 19.256206]}, "properties": {"ten": "Bản Ang", "loai": "Hồ chứa TĐ", "nguon": "Toạ độ thuỷ điện Việt Nam"}}, {"type": "Feature", "geometry": {"type": "Point", "coordinates": [104.859108, 19.605409]}, "properties": {"ten": "Bản Cốc", "loai": "Hồ chứa TĐ", "nguon": "Toạ độ thuỷ điện Việt Nam"}}, {"type": "Feature", "geometry": {"type": "Point", "coordinates": [104.99968, 19.600228]}, "properties": {"ten": "Châu Thắng", "loai": "Hồ chứa TĐ", "nguon": "Toạ độ thuỷ điện Việt Nam"}}, {"type": "Feature", "geometry": {"type": "Point", "coordinates": [105.084415, 19.838286]}, "properties": {"ten": "Hủa Na", "loai": "Hồ chứa TĐ", "nguon": "Toạ độ thuỷ điện Việt Nam + danh mục master", "w_toanbo": 569.0, "w_huu_ich": 391.0, "mndbt": 240.0, "mndgc": 240.0, "mnc": 215.0, "flv_km2": 5345.0, "luu_vuc": "Sông Mã", "don_vi": "Bộ Công thương (EVN)", "nam_xd": "2013", "vung": "Bắc Trung Bộ", "tinh": "40", "ma": "G02.TL0009.TD001", "dt_tuoi": 0.0}}, {"type": "Feature", "geometry": {"type": "Point", "coordinates": [104.096048, 19.449255]}, "properties": {"ten": "Nậm Cắn 2", "loai": "Hồ chứa TĐ", "nguon": "Toạ độ thuỷ điện Việt Nam"}}, {"type": "Feature", "geometry": {"type": "Point", "coordinates": [104.112289, 19.414299]}, "properties": {"ten": "Nậm Mô", "loai": "Hồ chứa TĐ", "nguon": "Toạ độ thuỷ điện Việt Nam"}}, {"type": "Feature", "geometry": {"type": "Point", "coordinates": [104.422198, 19.297207]}, "properties": {"ten": "Nậm Nơn", "loai": "Hồ chứa TĐ", "nguon": "Toạ độ thuỷ điện Việt Nam"}}, {"type": "Feature", "geometry": {"type": "Point", "coordinates": [104.957652, 19.538567]}, "properties": {"ten": "Nhạn Hạc", "loai": "Hồ chứa TĐ", "nguon": "Toạ độ thuỷ điện Việt Nam"}}, {"type": "Feature", "geometry": {"type": "Point", "coordinates": [106.971735, 16.49449]}, "properties": {"ten": "Đakrông 1", "loai": "Hồ chứa TĐ", "nguon": "Toạ độ thuỷ điện Việt Nam"}}, {"type": "Feature", "geometry": {"type": "Point", "coordinates": [106.816761, 16.648457]}, "properties": {"ten": "Đakrông 2", "loai": "Hồ chứa TĐ", "nguon": "Toạ độ thuỷ điện Việt Nam"}}, {"type": "Feature", "geometry": {"type": "Point", "coordinates": [106.95357, 16.56021]}, "properties": {"ten": "Đakrông 3", "loai": "Hồ chứa TĐ", "nguon": "Toạ độ thuỷ điện Việt Nam"}}, {"type": "Feature", "geometry": {"type": "Point", "coordinates": [106.769934, 16.646619]}, "properties": {"ten": "Hạ Rào Quán", "loai": "Hồ chứa TĐ", "nguon": "Toạ độ thuỷ điện Việt Nam"}}, {"type": "Feature", "geometry": {"type": "Point", "coordinates": [106.68658, 16.607765]}, "properties": {"ten": "La La", "loai": "Hồ chứa TĐ", "nguon": "Toạ độ thuỷ điện Việt Nam"}}, {"type": "Feature", "geometry": {"type": "Point", "coordinates": [105.328281, 20.321227]}, "properties": {"ten": "Bá Thước II", "loai": "Hồ chứa TĐ", "nguon": "Toạ độ thuỷ điện Việt Nam"}}, {"type": "Feature", "geometry": {"type": "Point", "coordinates": [104.837225, 20.609769]}, "properties": {"ten": "Trung Sơn", "loai": "Hồ chứa TĐ", "nguon": "Toạ độ thuỷ điện Việt Nam + danh mục master", "w_toanbo": 349.0, "w_huu_ich": 113.0, "mndbt": 160.0, "mndgc": 162.0, "mnc": 150.0, "flv_km2": 14660.0, "luu_vuc": "Sông Mã", "don_vi": "Bộ Công thương (EVN)", "nam_xd": "2017", "vung": "Bắc Trung Bộ", "tinh": "38", "ma": "G02.TL0008.TD001", "dt_tuoi": 0.0}}, {"type": "Feature", "geometry": {"type": "Point", "coordinates": [107.396321, 16.122793]}, "properties": {"ten": "A ROÀNG", "loai": "Hồ chứa TĐ", "nguon": "Toạ độ thuỷ điện Việt Nam"}}, {"type": "Feature", "geometry": {"type": "Point", "coordinates": [107.749463, 16.140703]}, "properties": {"ten": "Thượng Lộ", "loai": "Hồ chứa TĐ", "nguon": "Toạ độ thuỷ điện Việt Nam"}}, {"type": "Feature", "geometry": {"type": "Point", "coordinates": [106.976674, 11.871258]}, "properties": {"ten": "Bù Cà Mau", "loai": "Hồ chứa TĐ", "nguon": "Toạ độ thuỷ điện Việt Nam"}}, {"type": "Feature", "geometry": {"type": "Point", "coordinates": [107.18298, 12.025076]}, "properties": {"ten": "Đak Glun", "loai": "Hồ chứa TĐ", "nguon": "Toạ độ thuỷ điện Việt Nam + danh mục master", "w_toanbo": 27.7, "w_huu_ich": 2.0, "mndbt": 294.0, "mndgc": 1141.41, "mnc": 293.0, "flv_km2": 0.0, "luu_vuc": "Sông Đồng Nai", "don_vi": "Bộ Công thương (EVN)", "vung": "Đông Nam Bộ", "tinh": "70", "ma": "G02.TL0042.TD001", "dt_tuoi": 0.0}}, {"type": "Feature", "geometry": {"type": "Point", "coordinates": [107.168442, 12.002868]}, "properties": {"ten": "Đak Glun 2", "loai": "Hồ chứa TĐ", "nguon": "Toạ độ thuỷ điện Việt Nam"}}, {"type": "Feature", "geometry": {"type": "Point", "coordinates": [107.012158, 11.998222]}, "properties": {"ten": "Đắk U", "loai": "Hồ chứa TĐ", "nguon": "Toạ độ thuỷ điện Việt Nam"}}, {"type": "Feature", "geometry": {"type": "Point", "coordinates": [106.754692, 11.768207]}, "properties": {"ten": "Srok Phu Miêng", "loai": "Hồ chứa TĐ", "nguon": "Toạ độ thuỷ điện Việt Nam + danh mục master", "w_toanbo": 99.3, "w_huu_ich": 28.57, "mndbt": 72.0, "mndgc": 73.6, "mnc": 70.0, "flv_km2": 0.0, "luu_vuc": "Sông Đồng Nai", "don_vi": "Bộ Công thương (EVN)", "vung": "Đông Nam Bộ", "tinh": "70", "ma": "G02.TL0044.TD001", "dt_tuoi": 0.0}}, {"type": "Feature", "geometry": {"type": "Point", "coordinates": [108.851456, 14.514493]}, "properties": {"ten": "Nước Xáng", "loai": "Hồ chứa TĐ", "nguon": "Toạ độ thuỷ điện Việt Nam"}}, {"type": "Feature", "geometry": {"type": "Point", "coordinates": [108.940038, 12.599504]}, "properties": {"ten": "Ea Krong Rou", "loai": "Hồ chứa TĐ", "nguon": "Toạ độ thuỷ điện Việt Nam + danh mục master", "w_toanbo": 35.9, "w_huu_ich": 31.8, "mndbt": 606.0, "mndgc": 606.1, "mnc": 590.0, "flv_km2": 74.5, "luu_vuc": "Sông Cái Ninh Hòa", "don_vi": "Bộ Công thương (EVN)", "vung": "Nam Trung Bộ", "tinh": "56", "ma": "G02.TL0028.TD001", "dt_tuoi": 2850.0}}, {"type": "Feature", "geometry": {"type": "Point", "coordinates": [108.838059, 12.372795]}, "properties": {"ten": "Sông Giang 2", "loai": "Hồ chứa TĐ", "nguon": "Toạ độ thuỷ điện Việt Nam"}}, {"type": "Feature", "geometry": {"type": "Point", "coordinates": [108.689783, 11.828773]}, "properties": {"ten": "Hạ Sông Pha 1", "loai": "Hồ chứa TĐ", "nguon": "Toạ độ thuỷ điện Việt Nam"}}, {"type": "Feature", "geometry": {"type": "Point", "coordinates": [108.805493, 11.75353]}, "properties": {"ten": "Sông Ông", "loai": "Hồ chứa TĐ", "nguon": "Toạ độ thuỷ điện Việt Nam"}}, {"type": "Feature", "geometry": {"type": "Point", "coordinates": [108.808706, 11.76063]}, "properties": {"ten": "Thượng Sông Ông", "loai": "Hồ chứa TĐ", "nguon": "Toạ độ thuỷ điện Việt Nam"}}, {"type": "Feature", "geometry": {"type": "Point", "coordinates": [108.848126, 13.501722]}, "properties": {"ten": "Hồ chứa La Hiêng 2", "loai": "Hồ chứa TĐ", "nguon": "Toạ độ thuỷ điện Việt Nam"}}, {"type": "Feature", "geometry": {"type": "Point", "coordinates": [107.88198, 15.901823]}, "properties": {"ten": "An Điềm", "loai": "Hồ chứa TĐ", "nguon": "Toạ độ thuỷ điện Việt Nam"}}, {"type": "Feature", "geometry": {"type": "Point", "coordinates": [107.825448, 15.319146]}, "properties": {"ten": "Đak Mi 3", "loai": "Hồ chứa TĐ", "nguon": "Toạ độ thuỷ điện Việt Nam"}}, {"type": "Feature", "geometry": {"type": "Point", "coordinates": [107.912408, 15.458892]}, "properties": {"ten": "Đăk Mi 4A", "loai": "Hồ chứa TĐ", "nguon": "Toạ độ thuỷ điện Việt Nam"}}, {"type": "Feature", "geometry": {"type": "Point", "coordinates": [107.89246, 15.444263]}, "properties": {"ten": "Đăk Mi 4B", "loai": "Hồ chứa TĐ", "nguon": "Toạ độ thuỷ điện Việt Nam"}}, {"type": "Feature", "geometry": {"type": "Point", "coordinates": [107.928927, 15.464179]}, "properties": {"ten": "Đăk Mi 4C", "loai": "Hồ chứa TĐ", "nguon": "Toạ độ thuỷ điện Việt Nam"}}, {"type": "Feature", "geometry": {"type": "Point", "coordinates": [107.556867, 15.630207]}, "properties": {"ten": "Đăk Pring", "loai": "Hồ chứa TĐ", "nguon": "Toạ độ thuỷ điện Việt Nam"}}, {"type": "Feature", "geometry": {"type": "Point", "coordinates": [107.485033, 15.699943]}, "properties": {"ten": "TĐ Sông Bung 2", "loai": "Hồ chứa TĐ", "nguon": "Toạ độ thuỷ điện Việt Nam"}}, {"type": "Feature", "geometry": {"type": "Point", "coordinates": [107.778781, 15.818683]}, "properties": {"ten": "Sông Bung 6", "loai": "Hồ chứa TĐ", "nguon": "Toạ độ thuỷ điện Việt Nam"}}, {"type": "Feature", "geometry": {"type": "Point", "coordinates": [107.790411, 15.985356]}, "properties": {"ten": "Sông Côn 2 b1", "loai": "Hồ chứa TĐ", "nguon": "Toạ độ thuỷ điện Việt Nam"}}, {"type": "Feature", "geometry": {"type": "Point", "coordinates": [107.808205, 15.933321]}, "properties": {"ten": "Sông Côn 2 b2", "loai": "Hồ chứa TĐ", "nguon": "Toạ độ thuỷ điện Việt Nam"}}, {"type": "Feature", "geometry": {"type": "Point", "coordinates": [107.653753, 15.859985]}, "properties": {"ten": "Za Hung", "loai": "Hồ chứa TĐ", "nguon": "Toạ độ thuỷ điện Việt Nam"}}, {"type": "Feature", "geometry": {"type": "Point", "coordinates": [108.371232, 15.167881]}, "properties": {"ten": "Sông Riềng", "loai": "Hồ chứa TĐ", "nguon": "Toạ độ thuỷ điện Việt Nam"}}, {"type": "Feature", "geometry": {"type": "Point", "coordinates": [108.300944, 14.979084]}, "properties": {"ten": "Đakđrinh", "loai": "Hồ chứa TĐ", "nguon": "Toạ độ thuỷ điện Việt Nam + danh mục master", "w_toanbo": 248.5, "w_huu_ich": 205.2, "mndbt": 410.0, "mndgc": 411.4, "mnc": 375.0, "flv_km2": 420.0, "luu_vuc": "Sông Trà Khúc", "don_vi": "Bộ Công thương (EVN)", "nam_xd": "2007", "vung": "Nam Trung Bộ", "tinh": "51", "ma": "G02.TL0018.TD001", "dt_tuoi": 0.0}}, {"type": "Feature", "geometry": {"type": "Point", "coordinates": [107.904151, 12.675762]}, "properties": {"ten": "Đrây H’linh", "loai": "Hồ chứa TĐ", "nguon": "Toạ độ thuỷ điện Việt Nam"}}, {"type": "Feature", "geometry": {"type": "Point", "coordinates": [107.905679, 12.672178]}, "properties": {"ten": "Đrây H’linh 1", "loai": "Hồ chứa TĐ", "nguon": "Toạ độ thuỷ điện Việt Nam"}}, {"type": "Feature", "geometry": {"type": "Point", "coordinates": [108.060792, 13.239705]}, "properties": {"ten": "Ea Drăng 2", "loai": "Hồ chứa TĐ", "nguon": "Toạ độ thuỷ điện Việt Nam"}}, {"type": "Feature", "geometry": {"type": "Point", "coordinates": [108.595889, 12.428281]}, "properties": {"ten": "Ea Kar", "loai": "Hồ chứa TĐ", "nguon": "Toạ độ thuỷ điện Việt Nam"}}, {"type": "Feature", "geometry": {"type": "Point", "coordinates": [108.8813, 12.77441]}, "properties": {"ten": "Ea M’Doal 2", "loai": "Hồ chứa TĐ", "nguon": "Toạ độ thuỷ điện Việt Nam"}}, {"type": "Feature", "geometry": {"type": "Point", "coordinates": [108.078987, 13.064638]}, "properties": {"ten": "Ea Súp 3", "loai": "Hồ chứa TĐ", "nguon": "Toạ độ thuỷ điện Việt Nam"}}, {"type": "Feature", "geometry": {"type": "Point", "coordinates": [107.948905, 12.801644]}, "properties": {"ten": "Ea Tul 4", "loai": "Hồ chứa TĐ", "nguon": "Toạ độ thuỷ điện Việt Nam"}}, {"type": "Feature", "geometry": {"type": "Point", "coordinates": [107.909141, 12.649789]}, "properties": {"ten": "Hòa Phú", "loai": "Hồ chứa TĐ", "nguon": "Toạ độ thuỷ điện Việt Nam"}}, {"type": "Feature", "geometry": {"type": "Point", "coordinates": [108.337197, 12.452053]}, "properties": {"ten": "Krông Kma", "loai": "Hồ chứa TĐ", "nguon": "Toạ độ thuỷ điện Việt Nam"}}, {"type": "Feature", "geometry": {"type": "Point", "coordinates": [107.734886, 11.906875]}, "properties": {"ten": "Đa K’long", "loai": "Hồ chứa TĐ", "nguon": "Toạ độ thuỷ điện Việt Nam"}}, {"type": "Feature", "geometry": {"type": "Point", "coordinates": [107.926875, 12.195927]}, "properties": {"ten": "Đăk Nteng", "loai": "Hồ chứa TĐ", "nguon": "Toạ độ thuỷ điện Việt Nam"}}, {"type": "Feature", "geometry": {"type": "Point", "coordinates": [107.667529, 11.964287]}, "properties": {"ten": "Đăk Nông", "loai": "Hồ chứa TĐ", "nguon": "Toạ độ thuỷ điện Việt Nam"}}, {"type": "Feature", "geometry": {"type": "Point", "coordinates": [107.685553, 12.05883]}, "properties": {"ten": "Đăk Nông 1", "loai": "Hồ chứa TĐ", "nguon": "Toạ độ thuỷ điện Việt Nam"}}, {"type": "Feature", "geometry": {"type": "Point", "coordinates": [107.664177, 11.959238]}, "properties": {"ten": "Đắk Nông 2", "loai": "Hồ chứa TĐ", "nguon": "Toạ độ thuỷ điện Việt Nam"}}, {"type": "Feature", "geometry": {"type": "Point", "coordinates": [107.4044, 11.952]}, "properties": {"ten": "Đăk Ru", "loai": "Hồ chứa TĐ", "nguon": "Toạ độ thuỷ điện Việt Nam"}}, {"type": "Feature", "geometry": {"type": "Point", "coordinates": [107.630213, 12.162343]}, "properties": {"ten": "Đăk Rung", "loai": "Hồ chứa TĐ", "nguon": "Toạ độ thuỷ điện Việt Nam"}}, {"type": "Feature", "geometry": {"type": "Point", "coordinates": [107.635955, 12.128288]}, "properties": {"ten": "Đăk Rung 1", "loai": "Hồ chứa TĐ", "nguon": "Toạ độ thuỷ điện Việt Nam"}}, {"type": "Feature", "geometry": {"type": "Point", "coordinates": [107.470772, 11.807298]}, "properties": {"ten": "Đăk Sin 1", "loai": "Hồ chứa TĐ", "nguon": "Toạ độ thuỷ điện Việt Nam"}}, {"type": "Feature", "geometry": {"type": "Point", "coordinates": [107.656343, 11.936]}, "properties": {"ten": "ĐăkR’Tih (bậc dưới)", "loai": "Hồ chứa TĐ", "nguon": "Toạ độ thuỷ điện Việt Nam"}}, {"type": "Feature", "geometry": {"type": "Point", "coordinates": [107.639201, 11.994076]}, "properties": {"ten": "ĐăkR’Tih (bậc trên)", "loai": "Hồ chứa TĐ", "nguon": "Toạ độ thuỷ điện Việt Nam"}}, {"type": "Feature", "geometry": {"type": "Point", "coordinates": [107.596026, 11.984962]}, "properties": {"ten": "Nhân Cơ", "loai": "Hồ chứa TĐ", "nguon": "Toạ độ thuỷ điện Việt Nam"}}, {"type": "Feature", "geometry": {"type": "Point", "coordinates": [107.449308, 11.963072]}, "properties": {"ten": "Quảng Tín", "loai": "Hồ chứa TĐ", "nguon": "Toạ độ thuỷ điện Việt Nam"}}, {"type": "Feature", "geometry": {"type": "Point", "coordinates": [108.231512, 13.928051]}, "properties": {"ten": "Ayun Thượng 1A", "loai": "Hồ chứa TĐ", "nguon": "Toạ độ thuỷ điện Việt Nam"}}, {"type": "Feature", "geometry": {"type": "Point", "coordinates": [108.212964, 13.855573]}, "properties": {"ten": "Ayun Trung", "loai": "Hồ chứa TĐ", "nguon": "Toạ độ thuỷ điện Việt Nam"}}, {"type": "Feature", "geometry": {"type": "Point", "coordinates": [107.766675, 13.96474]}, "properties": {"ten": "Chư Prông", "loai": "Hồ chứa TĐ", "nguon": "Toạ độ thuỷ điện Việt Nam"}}, {"type": "Feature", "geometry": {"type": "Point", "coordinates": [108.216941, 13.93168]}, "properties": {"ten": "Đăk Hnol", "loai": "Hồ chứa TĐ", "nguon": "Toạ độ thuỷ điện Việt Nam"}}, {"type": "Feature", "geometry": {"type": "Point", "coordinates": [108.341213, 13.76733]}, "properties": {"ten": "Đak Pi Hao 1", "loai": "Hồ chứa TĐ", "nguon": "Toạ độ thuỷ điện Việt Nam"}}, {"type": "Feature", "geometry": {"type": "Point", "coordinates": [108.425322, 13.70981]}, "properties": {"ten": "Đăk Pi Hao 2", "loai": "Hồ chứa TĐ", "nguon": "Toạ độ thuỷ điện Việt Nam"}}, {"type": "Feature", "geometry": {"type": "Point", "coordinates": [108.561901, 13.696432]}, "properties": {"ten": "Đăk Srông 2", "loai": "Hồ chứa TĐ", "nguon": "Toạ độ thuỷ điện Việt Nam"}}, {"type": "Feature", "geometry": {"type": "Point", "coordinates": [108.562419, 13.678775]}, "properties": {"ten": "Đăk Srông 2A", "loai": "Hồ chứa TĐ", "nguon": "Toạ độ thuỷ điện Việt Nam"}}, {"type": "Feature", "geometry": {"type": "Point", "coordinates": [108.557973, 13.336658]}, "properties": {"ten": "Đăk Srông 3B", "loai": "Hồ chứa TĐ", "nguon": "Toạ độ thuỷ điện Việt Nam"}}, {"type": "Feature", "geometry": {"type": "Point", "coordinates": [108.523695, 13.762699]}, "properties": {"ten": "Thủy điện Đaksrông", "loai": "Hồ chứa TĐ", "nguon": "Toạ độ thuỷ điện Việt Nam"}}, {"type": "Feature", "geometry": {"type": "Point", "coordinates": [108.532606, 13.348654]}, "properties": {"ten": "ĐakSrông3A", "loai": "Hồ chứa TĐ", "nguon": "Toạ độ thuỷ điện Việt Nam"}}, {"type": "Feature", "geometry": {"type": "Point", "coordinates": [108.17877, 13.835731]}, "properties": {"ten": "H’Chan", "loai": "Hồ chứa TĐ", "nguon": "Toạ độ thuỷ điện Việt Nam"}}, {"type": "Feature", "geometry": {"type": "Point", "coordinates": [108.163962, 13.809759]}, "properties": {"ten": "H’Mun", "loai": "Hồ chứa TĐ", "nguon": "Toạ độ thuỷ điện Việt Nam"}}, {"type": "Feature", "geometry": {"type": "Point", "coordinates": [107.894684, 13.773483]}, "properties": {"ten": "Ia Đrăng 1", "loai": "Hồ chứa TĐ", "nguon": "Toạ độ thuỷ điện Việt Nam"}}, {"type": "Feature", "geometry": {"type": "Point", "coordinates": [107.85101, 13.738902]}, "properties": {"ten": "Ia Đrăng 2", "loai": "Hồ chứa TĐ", "nguon": "Toạ độ thuỷ điện Việt Nam"}}, {"type": "Feature", "geometry": {"type": "Point", "coordinates": [107.779393, 13.676352]}, "properties": {"ten": "Ia Đrăng 3", "loai": "Hồ chứa TĐ", "nguon": "Toạ độ thuỷ điện Việt Nam"}}, {"type": "Feature", "geometry": {"type": "Point", "coordinates": [107.727707, 13.975867]}, "properties": {"ten": "Ia Grai 1A", "loai": "Hồ chứa TĐ", "nguon": "Toạ độ thuỷ điện Việt Nam"}}, {"type": "Feature", "geometry": {"type": "Point", "coordinates": [107.691236, 13.976178]}, "properties": {"ten": "Ia Grai 2", "loai": "Hồ chứa TĐ", "nguon": "Toạ độ thuỷ điện Việt Nam"}}, {"type": "Feature", "geometry": {"type": "Point", "coordinates": [107.649041, 14.022246]}, "properties": {"ten": "Ia Grai 3", "loai": "Hồ chứa TĐ", "nguon": "Toạ độ thuỷ điện Việt Nam"}}, {"type": "Feature", "geometry": {"type": "Point", "coordinates": [107.824183, 13.673607]}, "properties": {"ten": "Ia Meur", "loai": "Hồ chứa TĐ", "nguon": "Toạ độ thuỷ điện Việt Nam"}}, {"type": "Feature", "geometry": {"type": "Point", "coordinates": [107.804705, 13.732338]}, "properties": {"ten": "Ia Puch 3", "loai": "Hồ chứa TĐ", "nguon": "Toạ độ thuỷ điện Việt Nam"}}, {"type": "Feature", "geometry": {"type": "Point", "coordinates": [107.816818, 14.20245]}, "properties": {"ten": "Ry Ninh", "loai": "Hồ chứa TĐ", "nguon": "Toạ độ thuỷ điện Việt Nam"}}, {"type": "Feature", "geometry": {"type": "Point", "coordinates": [107.814325, 14.209301]}, "properties": {"ten": "Ry Ninh 2", "loai": "Hồ chứa TĐ", "nguon": "Toạ độ thuỷ điện Việt Nam"}}, {"type": "Feature", "geometry": {"type": "Point", "coordinates": [108.105292, 14.23892]}, "properties": {"ten": "Hà Tây", "loai": "Hồ chứa TĐ", "nguon": "Toạ độ thuỷ điện Việt Nam"}}, {"type": "Feature", "geometry": {"type": "Point", "coordinates": [107.997352, 14.933769]}, "properties": {"ten": "Đăk Lây", "loai": "Hồ chứa TĐ", "nguon": "Toạ độ thuỷ điện Việt Nam"}}, {"type": "Feature", "geometry": {"type": "Point", "coordinates": [108.327802, 14.731553]}, "properties": {"ten": "Đăk Lô A", "loai": "Hồ chứa TĐ", "nguon": "Toạ độ thuỷ điện Việt Nam"}}, {"type": "Feature", "geometry": {"type": "Point", "coordinates": [108.219227, 14.528393]}, "properties": {"ten": "Đăk Ne", "loai": "Hồ chứa TĐ", "nguon": "Toạ độ thuỷ điện Việt Nam"}}, {"type": "Feature", "geometry": {"type": "Point", "coordinates": [108.159374, 14.665081]}, "properties": {"ten": "Đăk Pia", "loai": "Hồ chứa TĐ", "nguon": "Toạ độ thuỷ điện Việt Nam"}}, {"type": "Feature", "geometry": {"type": "Point", "coordinates": [108.305964, 14.563095]}, "properties": {"ten": "Đăk Pô Ne 2", "loai": "Hồ chứa TĐ", "nguon": "Toạ độ thuỷ điện Việt Nam"}}, {"type": "Feature", "geometry": {"type": "Point", "coordinates": [108.294163, 14.519047]}, "properties": {"ten": "Đăk Pô Ne 2ab-A", "loai": "Hồ chứa TĐ", "nguon": "Toạ độ thuỷ điện Việt Nam"}}, {"type": "Feature", "geometry": {"type": "Point", "coordinates": [108.304977, 14.57593]}, "properties": {"ten": "Đăk Pô Ne", "loai": "Hồ chứa TĐ", "nguon": "Toạ độ thuỷ điện Việt Nam"}}, {"type": "Feature", "geometry": {"type": "Point", "coordinates": [108.013999, 14.863731]}, "properties": {"ten": "Đăk Psi 2B", "loai": "Hồ chứa TĐ", "nguon": "Toạ độ thuỷ điện Việt Nam"}}, {"type": "Feature", "geometry": {"type": "Point", "coordinates": [108.007607, 14.797623]}, "properties": {"ten": "Đăk Psi 3", "loai": "Hồ chứa TĐ", "nguon": "Toạ độ thuỷ điện Việt Nam"}}, {"type": "Feature", "geometry": {"type": "Point", "coordinates": [108.003269, 14.768495]}, "properties": {"ten": "Đăk Psi 4", "loai": "Hồ chứa TĐ", "nguon": "Toạ độ thuỷ điện Việt Nam"}}, {"type": "Feature", "geometry": {"type": "Point", "coordinates": [107.936809, 14.661287]}, "properties": {"ten": "Đăk Psi 5", "loai": "Hồ chứa TĐ", "nguon": "Toạ độ thuỷ điện Việt Nam"}}, {"type": "Feature", "geometry": {"type": "Point", "coordinates": [107.83567, 14.747205]}, "properties": {"ten": "Đăk Rơ Sa", "loai": "Hồ chứa TĐ", "nguon": "Toạ độ thuỷ điện Việt Nam"}}, {"type": "Feature", "geometry": {"type": "Point", "coordinates": [107.821089, 14.713472]}, "properties": {"ten": "Đăk Rơ Sa 2", "loai": "Hồ chứa TĐ", "nguon": "Toạ độ thuỷ điện Việt Nam"}}, {"type": "Feature", "geometry": {"type": "Point", "coordinates": [107.946051, 14.768909]}, "properties": {"ten": "Đăk Ter 1", "loai": "Hồ chứa TĐ", "nguon": "Toạ độ thuỷ điện Việt Nam"}}, {"type": "Feature", "geometry": {"type": "Point", "coordinates": [107.875575, 11.422008]}, "properties": {"ten": "Thủy điện Bảo Lộc", "loai": "Hồ chứa TĐ", "nguon": "Toạ độ thuỷ điện Việt Nam"}}, {"type": "Feature", "geometry": {"type": "Point", "coordinates": [108.246809, 11.722027]}, "properties": {"ten": "Đa Dâng 2", "loai": "Hồ chứa TĐ", "nguon": "Toạ độ thuỷ điện Việt Nam"}}, {"type": "Feature", "geometry": {"type": "Point", "coordinates": [107.82415, 11.773057]}, "properties": {"ten": "Đa Kai", "loai": "Hồ chứa TĐ", "nguon": "Toạ độ thuỷ điện Việt Nam"}}, {"type": "Feature", "geometry": {"type": "Point", "coordinates": [108.558127, 12.108131]}, "properties": {"ten": "Đa Khai", "loai": "Hồ chứa TĐ", "nguon": "Toạ độ thuỷ điện Việt Nam"}}, {"type": "Feature", "geometry": {"type": "Point", "coordinates": [107.672423, 11.582607]}, "properties": {"ten": "ĐamBri", "loai": "Hồ chứa TĐ", "nguon": "Toạ độ thuỷ điện Việt Nam"}}, {"type": "Feature", "geometry": {"type": "Point", "coordinates": [107.8376, 11.2408]}, "properties": {"ten": "Đa Mi", "loai": "Hồ chứa TĐ", "nguon": "Toạ độ thuỷ điện Việt Nam + danh mục master", "w_toanbo": 140.8, "w_huu_ich": 11.6, "mndbt": 325.0, "mndgc": 327.1, "mnc": 323.0, "flv_km2": 83.0, "luu_vuc": "Sông Đồng Nai", "don_vi": "Bộ Công thương (EVN)", "vung": "Nam Trung Bộ", "tinh": "60", "ma": "G02.TL0032.TD001", "dt_tuoi": 0.0}}, {"type": "Feature", "geometry": {"type": "Point", "coordinates": [107.873003, 11.538821]}, "properties": {"ten": "Đại Nga", "loai": "Hồ chứa TĐ", "nguon": "Toạ độ thuỷ điện Việt Nam"}}, {"type": "Feature", "geometry": {"type": "Point", "coordinates": [108.261995, 12.154578]}, "properties": {"ten": "Đắk Mê 1+2", "loai": "Hồ chứa TĐ", "nguon": "Toạ độ thuỷ điện Việt Nam"}}, {"type": "Feature", "geometry": {"type": "Point", "coordinates": [107.645562, 11.831366]}, "properties": {"ten": "Đa Siat", "loai": "Hồ chứa TĐ", "nguon": "Toạ độ thuỷ điện Việt Nam"}}, {"type": "Feature", "geometry": {"type": "Point", "coordinates": [107.553405, 11.792656]}, "properties": {"ten": "Đồng Nai 5", "loai": "Hồ chứa TĐ", "nguon": "Toạ độ thuỷ điện Việt Nam"}}, {"type": "Feature", "geometry": {"type": "Point", "coordinates": [108.355474, 12.254352]}, "properties": {"ten": "Krông Nô 2", "loai": "Hồ chứa TĐ", "nguon": "Toạ độ thuỷ điện Việt Nam"}}, {"type": "Feature", "geometry": {"type": "Point", "coordinates": [108.2846, 12.211625]}, "properties": {"ten": "Krông Nô 3", "loai": "Hồ chứa TĐ", "nguon": "Toạ độ thuỷ điện Việt Nam"}}, {"type": "Feature", "geometry": {"type": "Point", "coordinates": [108.374362, 12.002955]}, "properties": {"ten": "Suối Vàng (Ankroet)", "loai": "Hồ chứa TĐ", "nguon": "Toạ độ thuỷ điện Việt Nam"}}, {"type": "Feature", "geometry": {"type": "Point", "coordinates": [105.833437, 18.046464]}, "properties": {"ten": "Hố Hô", "loai": "Hồ chứa TĐ", "nguon": "Toạ độ thuỷ điện Việt Nam"}}, {"type": "Feature", "geometry": {"type": "Point", "coordinates": [105.519999, 22.976323]}, "properties": {"ten": "Bảo Lâm 3A", "loai": "Hồ chứa TĐ", "nguon": "Toạ độ thuỷ điện Việt Nam"}}, {"type": "Feature", "geometry": {"type": "Point", "coordinates": [104.564856, 22.549677]}, "properties": {"ten": "Nậm Ly 1", "loai": "Hồ chứa TĐ", "nguon": "Toạ độ thuỷ điện Việt Nam"}}, {"type": "Feature", "geometry": {"type": "Point", "coordinates": [104.920686, 22.751605]}, "properties": {"ten": "Nậm Má", "loai": "Hồ chứa TĐ", "nguon": "Toạ độ thuỷ điện Việt Nam"}}, {"type": "Feature", "geometry": {"type": "Point", "coordinates": [104.488767, 22.629683]}, "properties": {"ten": "Nậm Yên", "loai": "Hồ chứa TĐ", "nguon": "Toạ độ thuỷ điện Việt Nam"}}, {"type": "Feature", "geometry": {"type": "Point", "coordinates": [102.983387, 22.405124]}, "properties": {"ten": "Nậm Bụm 1", "loai": "Hồ chứa TĐ", "nguon": "Toạ độ thuỷ điện Việt Nam"}}, {"type": "Feature", "geometry": {"type": "Point", "coordinates": [104.048611, 21.961667]}, "properties": {"ten": "Nậm Xây Nọi 2", "loai": "Hồ chứa TĐ", "nguon": "Toạ độ thuỷ điện Việt Nam"}}, {"type": "Feature", "geometry": {"type": "Point", "coordinates": [108.484416, 14.604118]}, "properties": {"ten": "Đăk Re", "loai": "Hồ chứa TĐ", "nguon": "Toạ độ thuỷ điện Việt Nam"}}, {"type": "Feature", "geometry": {"type": "Point", "coordinates": [108.106371, 14.184663]}, "properties": {"ten": "Đăk Đoa", "loai": "Hồ chứa TĐ", "nguon": "Toạ độ thuỷ điện Việt Nam"}}, {"type": "Feature", "geometry": {"type": "Point", "coordinates": [103.888421, 21.875938]}, "properties": {"ten": "Mường Kim 2", "loai": "Hồ chứa TĐ", "nguon": "Toạ độ thuỷ điện Việt Nam"}}, {"type": "Feature", "geometry": {"type": "Point", "coordinates": [103.243131, 21.318199]}, "properties": {"ten": "Na Son", "loai": "Hồ chứa TĐ", "nguon": "Toạ độ thuỷ điện Việt Nam"}}, {"type": "Feature", "geometry": {"type": "Point", "coordinates": [109.004721, 13.807175]}, "properties": {"ten": "Núi Một", "loai": "Hồ chứa TĐ", "nguon": "Toạ độ thuỷ điện Việt Nam"}}, {"type": "Feature", "geometry": {"type": "Point", "coordinates": [107.422387, 11.844881]}, "properties": {"ten": "Đak Kar", "loai": "Hồ chứa TĐ", "nguon": "Toạ độ thuỷ điện Việt Nam"}}, {"type": "Feature", "geometry": {"type": "Point", "coordinates": [105.1175, 19.885556]}, "properties": {"ten": "Đồng Văn", "loai": "Hồ chứa TĐ", "nguon": "Toạ độ thuỷ điện Việt Nam"}}, {"type": "Feature", "geometry": {"type": "Point", "coordinates": [105.280187, 19.879125]}, "properties": {"ten": "Cửa Đạt", "loai": "Hồ chứa TĐ", "nguon": "Toạ độ thuỷ điện Việt Nam"}}, {"type": "Feature", "geometry": {"type": "Point", "coordinates": [105.335609, 19.881389]}, "properties": {"ten": "Xuân Minh", "loai": "Hồ chứa TĐ", "nguon": "Toạ độ thuỷ điện Việt Nam"}}, {"type": "Feature", "geometry": {"type": "Point", "coordinates": [104.906111, 20.59]}, "properties": {"ten": "Thành Sơn", "loai": "Hồ chứa TĐ", "nguon": "Toạ độ thuỷ điện Việt Nam"}}, {"type": "Feature", "geometry": {"type": "Point", "coordinates": [105.05263, 20.445489]}, "properties": {"ten": "Hồi Xuân", "loai": "Hồ chứa TĐ", "nguon": "Toạ độ thuỷ điện Việt Nam"}}, {"type": "Feature", "geometry": {"type": "Point", "coordinates": [105.404726, 20.234768]}, "properties": {"ten": "Cẩm Thủy I", "loai": "Hồ chứa TĐ", "nguon": "Toạ độ thuỷ điện Việt Nam"}}, {"type": "Feature", "geometry": {"type": "Point", "coordinates": [105.378165, 19.895206]}, "properties": {"ten": "Đập Bái Thượng", "loai": "Hồ chứa TĐ", "nguon": "Toạ độ thuỷ điện Việt Nam"}}, {"type": "Feature", "geometry": {"type": "Point", "coordinates": [108.41239, 15.080634]}, "properties": {"ten": "Nước Trong", "loai": "Hồ chứa TĐ", "nguon": "Toạ độ thuỷ điện Việt Nam"}}, {"type": "Feature", "geometry": {"type": "Point", "coordinates": [108.36006, 15.008372]}, "properties": {"ten": "Sơn Tây", "loai": "Hồ chứa TĐ", "nguon": "Toạ độ thuỷ điện Việt Nam"}}, {"type": "Feature", "geometry": {"type": "Point", "coordinates": [108.257679, 13.582036]}, "properties": {"ten": "Ayun Hạ", "loai": "Hồ chứa TĐ", "nguon": "Toạ độ thuỷ điện Việt Nam"}}, {"type": "Feature", "geometry": {"type": "Point", "coordinates": [104.033342, 21.680936]}, "properties": {"ten": "Nậm Trai 3", "loai": "Hồ chứa TĐ", "nguon": "Toạ độ thuỷ điện Việt Nam"}}, {"type": "Feature", "geometry": {"type": "Point", "coordinates": [104.420119, 20.95882]}, "properties": {"ten": "Đông Khùa", "loai": "Hồ chứa TĐ", "nguon": "Toạ độ thuỷ điện Việt Nam"}}, {"type": "Feature", "geometry": {"type": "Point", "coordinates": [104.305546, 21.045638]}, "properties": {"ten": "Mưa Tơi", "loai": "Hồ chứa TĐ", "nguon": "Toạ độ thuỷ điện Việt Nam"}}, {"type": "Feature", "geometry": {"type": "Point", "coordinates": [104.828386, 20.846132]}, "properties": {"ten": "Suối Tân 1", "loai": "Hồ chứa TĐ", "nguon": "Toạ độ thuỷ điện Việt Nam"}}, {"type": "Feature", "geometry": {"type": "Point", "coordinates": [104.404641, 20.926871]}, "properties": {"ten": "Tô Buông", "loai": "Hồ chứa TĐ", "nguon": "Toạ độ thuỷ điện Việt Nam"}}, {"type": "Feature", "geometry": {"type": "Point", "coordinates": [104.292111, 21.315451]}, "properties": {"ten": "Nậm Chim 2", "loai": "Hồ chứa TĐ", "nguon": "Toạ độ thuỷ điện Việt Nam"}}, {"type": "Feature", "geometry": {"type": "Point", "coordinates": [104.038732, 21.475332]}, "properties": {"ten": "Mường Sang 1", "loai": "Hồ chứa TĐ", "nguon": "Toạ độ thuỷ điện Việt Nam"}}, {"type": "Feature", "geometry": {"type": "Point", "coordinates": [104.270062, 21.04965]}, "properties": {"ten": "Chiềng Pằn", "loai": "Hồ chứa TĐ", "nguon": "Toạ độ thuỷ điện Việt Nam"}}, {"type": "Feature", "geometry": {"type": "Point", "coordinates": [104.0121, 21.349118]}, "properties": {"ten": "Nậm Pàn 5", "loai": "Hồ chứa TĐ", "nguon": "Toạ độ thuỷ điện Việt Nam"}}, {"type": "Feature", "geometry": {"type": "Point", "coordinates": [103.4075, 21.355556]}, "properties": {"ten": "Nậm Hóa 1", "loai": "Hồ chứa TĐ", "nguon": "Toạ độ thuỷ điện Việt Nam"}}, {"type": "Feature", "geometry": {"type": "Point", "coordinates": [103.992763, 21.654484]}, "properties": {"ten": "Nậm Trai 4", "loai": "Hồ chứa TĐ", "nguon": "Toạ độ thuỷ điện Việt Nam"}}, {"type": "Feature", "geometry": {"type": "Point", "coordinates": [104.837307, 20.842067]}, "properties": {"ten": "Suối Tân 2", "loai": "Hồ chứa TĐ", "nguon": "Toạ độ thuỷ điện Việt Nam"}}, {"type": "Feature", "geometry": {"type": "Point", "coordinates": [104.210124, 21.491063]}, "properties": {"ten": "Nậm Xá", "loai": "Hồ chứa TĐ", "nguon": "Toạ độ thuỷ điện Việt Nam"}}, {"type": "Feature", "geometry": {"type": "Point", "coordinates": [104.399815, 21.107254]}, "properties": {"ten": "Phiêng Côn", "loai": "Hồ chứa TĐ", "nguon": "Toạ độ thuỷ điện Việt Nam"}}, {"type": "Feature", "geometry": {"type": "Point", "coordinates": [104.5905, 20.8194]}, "properties": {"ten": "Mường Sang 2", "loai": "Hồ chứa TĐ", "nguon": "Toạ độ thuỷ điện Việt Nam"}}, {"type": "Feature", "geometry": {"type": "Point", "coordinates": [103.781469, 21.48953]}, "properties": {"ten": "Thủy điện Chiềng Ngàm", "loai": "Hồ chứa TĐ", "nguon": "Toạ độ thuỷ điện Việt Nam"}}, {"type": "Feature", "geometry": {"type": "Point", "coordinates": [107.9743, 12.296799]}, "properties": {"ten": "Chư Pông Krông", "loai": "Hồ chứa TĐ", "nguon": "Toạ độ thuỷ điện Việt Nam"}}, {"type": "Feature", "geometry": {"type": "Point", "coordinates": [104.181263, 21.452948]}, "properties": {"ten": "Chiềng Công 2", "loai": "Hồ chứa TĐ", "nguon": "Toạ độ thuỷ điện Việt Nam"}}, {"type": "Feature", "geometry": {"type": "Point", "coordinates": [104.23112, 21.388344]}, "properties": {"ten": "Suối Lừm 1", "loai": "Hồ chứa TĐ", "nguon": "Toạ độ thuỷ điện Việt Nam"}}, {"type": "Feature", "geometry": {"type": "Point", "coordinates": [104.194823, 21.344592]}, "properties": {"ten": "Suối Lừm 3", "loai": "Hồ chứa TĐ", "nguon": "Toạ độ thuỷ điện Việt Nam"}}, {"type": "Feature", "geometry": {"type": "Point", "coordinates": [104.460311, 21.245823]}, "properties": {"ten": "Pao Cư Sáng", "loai": "Hồ chứa TĐ", "nguon": "Toạ độ thuỷ điện Việt Nam"}}, {"type": "Feature", "geometry": {"type": "Point", "coordinates": [104.333556, 21.327556]}, "properties": {"ten": "Nậm Chim 1A", "loai": "Hồ chứa TĐ", "nguon": "Toạ độ thuỷ điện Việt Nam"}}, {"type": "Feature", "geometry": {"type": "Point", "coordinates": [104.348584, 21.309515]}, "properties": {"ten": "Xím Vàng 2", "loai": "Hồ chứa TĐ", "nguon": "Toạ độ thuỷ điện Việt Nam"}}, {"type": "Feature", "geometry": {"type": "Point", "coordinates": [104.213701, 21.031562]}, "properties": {"ten": "Sập Việt", "loai": "Hồ chứa TĐ", "nguon": "Toạ độ thuỷ điện Việt Nam"}}, {"type": "Feature", "geometry": {"type": "Point", "coordinates": [104.865334, 20.902971]}, "properties": {"ten": "Sơ Vin", "loai": "Hồ chứa TĐ", "nguon": "Toạ độ thuỷ điện Việt Nam"}}, {"type": "Feature", "geometry": {"type": "Point", "coordinates": [107.713597, 14.849143]}, "properties": {"ten": "Đăk Piu 2", "loai": "Hồ chứa TĐ", "nguon": "Toạ độ thuỷ điện Việt Nam"}}, {"type": "Feature", "geometry": {"type": "Point", "coordinates": [108.498209, 15.268257]}, "properties": {"ten": "Hà Nang", "loai": "Hồ chứa TĐ", "nguon": "Toạ độ thuỷ điện Việt Nam"}}, {"type": "Feature", "geometry": {"type": "Point", "coordinates": [108.229174, 14.692526]}, "properties": {"ten": "Thượng Kon Tum", "loai": "Hồ chứa TĐ", "nguon": "Toạ độ thuỷ điện Việt Nam + danh mục master", "w_toanbo": 50.0, "w_huu_ich": 0.0, "mndbt": 0.0, "mndgc": 0.0, "mnc": 0.0, "flv_km2": 0.0, "luu_vuc": "Sông Sê San", "don_vi": "Bộ Công thương (EVN)", "vung": "Tây Nguyên", "tinh": "62", "ma": "G02.TL0033.TD001", "dt_tuoi": 0.0}}, {"type": "Feature", "geometry": {"type": "Point", "coordinates": [108.146391, 14.427214]}, "properties": {"ten": "Đắk Bla 1", "loai": "Hồ chứa TĐ", "nguon": "Toạ độ thuỷ điện Việt Nam"}}, {"type": "Feature", "geometry": {"type": "Point", "coordinates": [108.00721, 13.73144]}, "properties": {"ten": "Ia Glai 3", "loai": "Hồ chứa TĐ", "nguon": "Toạ độ thuỷ điện Việt Nam"}}, {"type": "Feature", "geometry": {"type": "Point", "coordinates": [107.246808, 11.639335]}, "properties": {"ten": "Thống Nhất", "loai": "Hồ chứa TĐ", "nguon": "Toạ độ thuỷ điện Việt Nam + danh mục master", "w_toanbo": 0.722, "w_huu_ich": 0.293, "mndbt": 210.0, "mndgc": 212.0, "mnc": 208.0, "flv_km2": 0.0, "luu_vuc": "Sông Đồng Nai", "don_vi": "Bộ Công thương (EVN)", "vung": "Đông Nam Bộ", "tinh": "70", "ma": "G02.TL0045.TD001", "dt_tuoi": 0.0}}, {"type": "Feature", "geometry": {"type": "Point", "coordinates": [106.495666, 22.541003]}, "properties": {"ten": "Hòa Thuận", "loai": "Hồ chứa TĐ", "nguon": "Toạ độ thuỷ điện Việt Nam"}}, {"type": "Feature", "geometry": {"type": "Point", "coordinates": [108.922595, 14.011798]}, "properties": {"ten": "Thuận Ninh", "loai": "Hồ chứa TĐ", "nguon": "Toạ độ thuỷ điện Việt Nam"}}, {"type": "Feature", "geometry": {"type": "Point", "coordinates": [108.6067, 11.854]}, "properties": {"ten": "Đa Nhim", "loai": "Hồ chứa TĐ", "nguon": "Toạ độ thuỷ điện Việt Nam"}}, {"type": "Feature", "geometry": {"type": "Point", "coordinates": [104.380763, 22.356226]}, "properties": {"ten": "Nậm Lúc", "loai": "Hồ chứa TĐ", "nguon": "Toạ độ thuỷ điện Việt Nam"}}, {"type": "Feature", "geometry": {"type": "Point", "coordinates": [108.015229, 11.5532]}, "properties": {"ten": "Đa Trou Kea", "loai": "Hồ chứa TĐ", "nguon": "Toạ độ thuỷ điện Việt Nam"}}, {"type": "Feature", "geometry": {"type": "Point", "coordinates": [105.056389, 22.064722]}, "properties": {"ten": "Sông Lô 8A", "loai": "Hồ chứa TĐ", "nguon": "Toạ độ thuỷ điện Việt Nam"}}, {"type": "Feature", "geometry": {"type": "Point", "coordinates": [105.174722, 21.906944]}, "properties": {"ten": "Sông Lô 8B", "loai": "Hồ chứa TĐ", "nguon": "Toạ độ thuỷ điện Việt Nam"}}, {"type": "Feature", "geometry": {"type": "Point", "coordinates": [104.610217, 21.684687]}, "properties": {"ten": "Thác Cá 1", "loai": "Hồ chứa TĐ", "nguon": "Toạ độ thuỷ điện Việt Nam"}}, {"type": "Feature", "geometry": {"type": "Point", "coordinates": [105.993606, 22.504146]}, "properties": {"ten": "Thượng Ân", "loai": "Hồ chứa TĐ", "nguon": "Toạ độ thuỷ điện Việt Nam"}}, {"type": "Feature", "geometry": {"type": "Point", "coordinates": [108.082399, 14.325828]}, "properties": {"ten": "Đăk Bla", "loai": "Hồ chứa TĐ", "nguon": "Toạ độ thuỷ điện Việt Nam"}}, {"type": "Feature", "geometry": {"type": "Point", "coordinates": [107.961176, 14.756566]}, "properties": {"ten": "Đăk Ter 2", "loai": "Hồ chứa TĐ", "nguon": "Toạ độ thuỷ điện Việt Nam"}}, {"type": "Feature", "geometry": {"type": "Point", "coordinates": [107.680755, 15.051731]}, "properties": {"ten": "Đăk Pru 1", "loai": "Hồ chứa TĐ", "nguon": "Toạ độ thuỷ điện Việt Nam"}}, {"type": "Feature", "geometry": {"type": "Point", "coordinates": [107.986157, 14.715313]}, "properties": {"ten": "Đăk Psi Bậc 1", "loai": "Hồ chứa TĐ", "nguon": "Toạ độ thuỷ điện Việt Nam"}}, {"type": "Feature", "geometry": {"type": "Point", "coordinates": [107.965942, 14.70315]}, "properties": {"ten": "Đăk Psi Bậc 2", "loai": "Hồ chứa TĐ", "nguon": "Toạ độ thuỷ điện Việt Nam"}}, {"type": "Feature", "geometry": {"type": "Point", "coordinates": [107.712265, 14.710385]}, "properties": {"ten": "Plei Kần", "loai": "Hồ chứa TĐ", "nguon": "Toạ độ thuỷ điện Việt Nam"}}, {"type": "Feature", "geometry": {"type": "Point", "coordinates": [107.638532, 14.731901]}, "properties": {"ten": "Đăk Xú", "loai": "Hồ chứa TĐ", "nguon": "Toạ độ thuỷ điện Việt Nam"}}, {"type": "Feature", "geometry": {"type": "Point", "coordinates": [108.0321, 14.714036]}, "properties": {"ten": "Đăk Trua 1", "loai": "Hồ chứa TĐ", "nguon": "Toạ độ thuỷ điện Việt Nam"}}, {"type": "Feature", "geometry": {"type": "Point", "coordinates": [108.004191, 14.713007]}, "properties": {"ten": "Đăk Trưa 2", "loai": "Hồ chứa TĐ", "nguon": "Toạ độ thuỷ điện Việt Nam"}}, {"type": "Feature", "geometry": {"type": "Point", "coordinates": [107.913889, 14.635556]}, "properties": {"ten": "Đăk Psi 6", "loai": "Hồ chứa TĐ", "nguon": "Toạ độ thuỷ điện Việt Nam"}}, {"type": "Feature", "geometry": {"type": "Point", "coordinates": [108.040867, 14.829068]}, "properties": {"ten": "Thượng Đăk Psi", "loai": "Hồ chứa TĐ", "nguon": "Toạ độ thuỷ điện Việt Nam"}}, {"type": "Feature", "geometry": {"type": "Point", "coordinates": [109.155, 12.893667]}, "properties": {"ten": "Đá Đen", "loai": "Hồ chứa TĐ", "nguon": "Toạ độ thuỷ điện Việt Nam"}}, {"type": "Feature", "geometry": {"type": "Point", "coordinates": [104.301725, 21.344866]}, "properties": {"ten": "Nậm Chim 1B", "loai": "Hồ chứa TĐ", "nguon": "Toạ độ thuỷ điện Việt Nam"}}, {"type": "Feature", "geometry": {"type": "Point", "coordinates": [104.506137, 21.194408]}, "properties": {"ten": "Hồng Ngài", "loai": "Hồ chứa TĐ", "nguon": "Toạ độ thuỷ điện Việt Nam"}}, {"type": "Feature", "geometry": {"type": "Point", "coordinates": [104.535178, 21.25711]}, "properties": {"ten": "Suối Sập 2A", "loai": "Hồ chứa TĐ", "nguon": "Toạ độ thuỷ điện Việt Nam"}}, {"type": "Feature", "geometry": {"type": "Point", "coordinates": [104.808361, 21.1075]}, "properties": {"ten": "Mường Bang", "loai": "Hồ chứa TĐ", "nguon": "Toạ độ thuỷ điện Việt Nam"}}, {"type": "Feature", "geometry": {"type": "Point", "coordinates": [104.143131, 21.431532]}, "properties": {"ten": "Nậm Pia 1", "loai": "Hồ chứa TĐ", "nguon": "Toạ độ thuỷ điện Việt Nam"}}, {"type": "Feature", "geometry": {"type": "Point", "coordinates": [104.096963, 21.506657]}, "properties": {"ten": "Chiềng Muôn", "loai": "Hồ chứa TĐ", "nguon": "Toạ độ thuỷ điện Việt Nam"}}, {"type": "Feature", "geometry": {"type": "Point", "coordinates": [104.191944, 21.588889]}, "properties": {"ten": "Ngọc Chiến-12MW", "loai": "Hồ chứa TĐ", "nguon": "Toạ độ thuỷ điện Việt Nam"}}, {"type": "Feature", "geometry": {"type": "Point", "coordinates": [104.081033, 21.47875]}, "properties": {"ten": "Nậm Chiến 3", "loai": "Hồ chứa TĐ", "nguon": "Toạ độ thuỷ điện Việt Nam"}}, {"type": "Feature", "geometry": {"type": "Point", "coordinates": [103.576966, 21.087146]}, "properties": {"ten": "Keo Bắc", "loai": "Hồ chứa TĐ", "nguon": "Toạ độ thuỷ điện Việt Nam"}}, {"type": "Feature", "geometry": {"type": "Point", "coordinates": [103.665756, 21.018792]}, "properties": {"ten": "Nậm Công 3A", "loai": "Hồ chứa TĐ", "nguon": "Toạ độ thuỷ điện Việt Nam"}}, {"type": "Feature", "geometry": {"type": "Point", "coordinates": [103.709292, 21.038643]}, "properties": {"ten": "Nậm Công 5", "loai": "Hồ chứa TĐ", "nguon": "Toạ độ thuỷ điện Việt Nam"}}, {"type": "Feature", "geometry": {"type": "Point", "coordinates": [103.816407, 20.980247]}, "properties": {"ten": "Mường Hung", "loai": "Hồ chứa TĐ", "nguon": "Toạ độ thuỷ điện Việt Nam"}}, {"type": "Feature", "geometry": {"type": "Point", "coordinates": [103.467655, 21.289889]}, "properties": {"ten": "Bó Sinh", "loai": "Hồ chứa TĐ", "nguon": "Toạ độ thuỷ điện Việt Nam"}}, {"type": "Feature", "geometry": {"type": "Point", "coordinates": [107.907484, 12.671036]}, "properties": {"ten": "Đrây Hlinh 3", "loai": "Hồ chứa TĐ", "nguon": "Toạ độ thuỷ điện Việt Nam"}}, {"type": "Feature", "geometry": {"type": "Point", "coordinates": [108.864167, 12.745278]}, "properties": {"ten": "Krông Hin 2", "loai": "Hồ chứa TĐ", "nguon": "Toạ độ thuỷ điện Việt Nam"}}, {"type": "Feature", "geometry": {"type": "Point", "coordinates": [108.928651, 12.799895]}, "properties": {"ten": "Ea MDoal 3", "loai": "Hồ chứa TĐ", "nguon": "Toạ độ thuỷ điện Việt Nam"}}, {"type": "Feature", "geometry": {"type": "Point", "coordinates": [108.856221, 12.801723]}, "properties": {"ten": "715", "loai": "Hồ chứa TĐ", "nguon": "Toạ độ thuỷ điện Việt Nam"}}, {"type": "Feature", "geometry": {"type": "Point", "coordinates": [107.952382, 15.878849]}, "properties": {"ten": "Sông Cùng", "loai": "Hồ chứa TĐ", "nguon": "Toạ độ thuỷ điện Việt Nam"}}, {"type": "Feature", "geometry": {"type": "Point", "coordinates": [108.021197, 15.880855]}, "properties": {"ten": "Đại Đồng", "loai": "Hồ chứa TĐ", "nguon": "Toạ độ thuỷ điện Việt Nam"}}, {"type": "Feature", "geometry": {"type": "Point", "coordinates": [108.067472, 15.045573]}, "properties": {"ten": "Trà Linh 3", "loai": "Hồ chứa TĐ", "nguon": "Toạ độ thuỷ điện Việt Nam"}}, {"type": "Feature", "geometry": {"type": "Point", "coordinates": [107.903674, 15.933483]}, "properties": {"ten": "An Điềm II", "loai": "Hồ chứa TĐ", "nguon": "Toạ độ thuỷ điện Việt Nam"}}, {"type": "Feature", "geometry": {"type": "Point", "coordinates": [108.146566, 15.262264]}, "properties": {"ten": "Tà Vi", "loai": "Hồ chứa TĐ", "nguon": "Toạ độ thuỷ điện Việt Nam"}}, {"type": "Feature", "geometry": {"type": "Point", "coordinates": [108.147982, 15.526668]}, "properties": {"ten": "Sông Tranh 4", "loai": "Hồ chứa TĐ", "nguon": "Toạ độ thuỷ điện Việt Nam"}}, {"type": "Feature", "geometry": {"type": "Point", "coordinates": [107.784889, 15.4211]}, "properties": {"ten": "Đăk Sa", "loai": "Hồ chứa TĐ", "nguon": "Toạ độ thuỷ điện Việt Nam"}}, {"type": "Feature", "geometry": {"type": "Point", "coordinates": [108.064162, 15.079917]}, "properties": {"ten": "Nước Biêu", "loai": "Hồ chứa TĐ", "nguon": "Toạ độ thuỷ điện Việt Nam"}}, {"type": "Feature", "geometry": {"type": "Point", "coordinates": [108.106771, 15.037377]}, "properties": {"ten": "Đăk Di 1", "loai": "Hồ chứa TĐ", "nguon": "Toạ độ thuỷ điện Việt Nam"}}, {"type": "Feature", "geometry": {"type": "Point", "coordinates": [108.104698, 15.044194]}, "properties": {"ten": "Đăk Di 2", "loai": "Hồ chứa TĐ", "nguon": "Toạ độ thuỷ điện Việt Nam"}}, {"type": "Feature", "geometry": {"type": "Point", "coordinates": [107.767979, 15.364975]}, "properties": {"ten": "Nước Chè", "loai": "Hồ chứa TĐ", "nguon": "Toạ độ thuỷ điện Việt Nam"}}, {"type": "Feature", "geometry": {"type": "Point", "coordinates": [107.813055, 15.229722]}, "properties": {"ten": "Đăk Mi 2", "loai": "Hồ chứa TĐ", "nguon": "Toạ độ thuỷ điện Việt Nam"}}, {"type": "Feature", "geometry": {"type": "Point", "coordinates": [104.74127, 20.725037]}, "properties": {"ten": "Xuân Nha", "loai": "Hồ chứa TĐ", "nguon": "Toạ độ thuỷ điện Việt Nam"}}, {"type": "Feature", "geometry": {"type": "Point", "coordinates": [106.657737, 21.8768]}, "properties": {"ten": "Khánh Khê", "loai": "Hồ chứa TĐ", "nguon": "Toạ độ thuỷ điện Việt Nam"}}, {"type": "Feature", "geometry": {"type": "Point", "coordinates": [106.508982, 21.543238]}, "properties": {"ten": "Cấm Sơn", "loai": "Hồ chứa TĐ", "nguon": "Toạ độ thuỷ điện Việt Nam"}}, {"type": "Feature", "geometry": {"type": "Point", "coordinates": [107.747948, 15.400985]}, "properties": {"ten": "Nước Chè bậc 2", "loai": "Hồ chứa TĐ", "nguon": "Toạ độ thuỷ điện Việt Nam"}}, {"type": "Feature", "geometry": {"type": "Point", "coordinates": [107.832027, 15.4534]}, "properties": {"ten": "Sông Tranh 2B", "loai": "Hồ chứa TĐ", "nguon": "Toạ độ thuỷ điện Việt Nam"}}, {"type": "Feature", "geometry": {"type": "Point", "coordinates": [108.7731, 14.1565]}, "properties": {"ten": "Định Bình", "loai": "Hồ chứa TĐ", "nguon": "Toạ độ thuỷ điện Việt Nam"}}, {"type": "Feature", "geometry": {"type": "Point", "coordinates": [108.874116, 13.939163]}, "properties": {"ten": "Văn Phong", "loai": "Hồ chứa TĐ", "nguon": "Toạ độ thuỷ điện Việt Nam"}}, {"type": "Feature", "geometry": {"type": "Point", "coordinates": [108.674962, 14.339841]}, "properties": {"ten": "Đăk Ple", "loai": "Hồ chứa TĐ", "nguon": "Toạ độ thuỷ điện Việt Nam"}}, {"type": "Feature", "geometry": {"type": "Point", "coordinates": [105.372708, 20.405685]}, "properties": {"ten": "Suối Mu", "loai": "Hồ chứa TĐ", "nguon": "Toạ độ thuỷ điện Việt Nam"}}, {"type": "Feature", "geometry": {"type": "Point", "coordinates": [107.125842, 16.338474]}, "properties": {"ten": "A Lin Thượng", "loai": "Hồ chứa TĐ", "nguon": "Toạ độ thuỷ điện Việt Nam"}}, {"type": "Feature", "geometry": {"type": "Point", "coordinates": [107.149707, 16.312287]}, "properties": {"ten": "A Lin 3", "loai": "Hồ chứa TĐ", "nguon": "Toạ độ thuỷ điện Việt Nam"}}, {"type": "Feature", "geometry": {"type": "Point", "coordinates": [107.201587, 16.403172]}, "properties": {"ten": "A Lin B2", "loai": "Hồ chứa TĐ", "nguon": "Toạ độ thuỷ điện Việt Nam"}}, {"type": "Feature", "geometry": {"type": "Point", "coordinates": [107.297588, 16.397495]}, "properties": {"ten": "Rào Trăng 4", "loai": "Hồ chứa TĐ", "nguon": "Toạ độ thuỷ điện Việt Nam"}}, {"type": "Feature", "geometry": {"type": "Point", "coordinates": [107.145951, 16.243309]}, "properties": {"ten": "Rào Trăng 3", "loai": "Hồ chứa TĐ", "nguon": "Toạ độ thuỷ điện Việt Nam"}}, {"type": "Feature", "geometry": {"type": "Point", "coordinates": [106.882033, 16.596212]}, "properties": {"ten": "Đakrông 4", "loai": "Hồ chứa TĐ", "nguon": "Toạ độ thuỷ điện Việt Nam"}}, {"type": "Feature", "geometry": {"type": "Point", "coordinates": [106.774198, 16.699984]}, "properties": {"ten": "Khe Nghi", "loai": "Hồ chứa TĐ", "nguon": "Toạ độ thuỷ điện Việt Nam"}}, {"type": "Feature", "geometry": {"type": "Point", "coordinates": [105.798333, 17.866944]}, "properties": {"ten": "La Trọng", "loai": "Hồ chứa TĐ", "nguon": "Toạ độ thuỷ điện Việt Nam"}}, {"type": "Feature", "geometry": {"type": "Point", "coordinates": [108.845285, 12.446585]}, "properties": {"ten": "Sông Chò 2", "loai": "Hồ chứa TĐ", "nguon": "Toạ độ thuỷ điện Việt Nam"}}, {"type": "Feature", "geometry": {"type": "Point", "coordinates": [104.132866, 21.79257]}, "properties": {"ten": "Ma Lừ Thàng", "loai": "Hồ chứa TĐ", "nguon": "Toạ độ thuỷ điện Việt Nam"}}, {"type": "Feature", "geometry": {"type": "Point", "coordinates": [104.430606, 21.569155]}, "properties": {"ten": "Nậm Đông III", "loai": "Hồ chứa TĐ", "nguon": "Toạ độ thuỷ điện Việt Nam"}}, {"type": "Feature", "geometry": {"type": "Point", "coordinates": [104.579659, 21.542514]}, "properties": {"ten": "Phình Hồ", "loai": "Hồ chứa TĐ", "nguon": "Toạ độ thuỷ điện Việt Nam"}}, {"type": "Feature", "geometry": {"type": "Point", "coordinates": [104.531637, 21.904489]}, "properties": {"ten": "Làng Bằng", "loai": "Hồ chứa TĐ", "nguon": "Toạ độ thuỷ điện Việt Nam"}}, {"type": "Feature", "geometry": {"type": "Point", "coordinates": [104.46377, 21.456244]}, "properties": {"ten": "Pá Hu", "loai": "Hồ chứa TĐ", "nguon": "Toạ độ thuỷ điện Việt Nam"}}, {"type": "Feature", "geometry": {"type": "Point", "coordinates": [104.396353, 21.773348]}, "properties": {"ten": "Ngòi Hút 2A", "loai": "Hồ chứa TĐ", "nguon": "Toạ độ thuỷ điện Việt Nam"}}, {"type": "Feature", "geometry": {"type": "Point", "coordinates": [104.717598, 19.111191]}, "properties": {"ten": "Khe Thơi", "loai": "Hồ chứa TĐ", "nguon": "Toạ độ thuỷ điện Việt Nam"}}, {"type": "Feature", "geometry": {"type": "Point", "coordinates": [104.939061, 19.65989]}, "properties": {"ten": "Sao Va", "loai": "Hồ chứa TĐ", "nguon": "Toạ độ thuỷ điện Việt Nam"}}, {"type": "Feature", "geometry": {"type": "Point", "coordinates": [104.115928, 19.399229]}, "properties": {"ten": "Bản Cánh", "loai": "Hồ chứa TĐ", "nguon": "Toạ độ thuỷ điện Việt Nam"}}, {"type": "Feature", "geometry": {"type": "Point", "coordinates": [104.163436, 19.435099]}, "properties": {"ten": "Ca Lôi", "loai": "Hồ chứa TĐ", "nguon": "Toạ độ thuỷ điện Việt Nam"}}, {"type": "Feature", "geometry": {"type": "Point", "coordinates": [108.438988, 15.23694]}, "properties": {"ten": "Kà Tinh 1", "loai": "Hồ chứa TĐ", "nguon": "Toạ độ thuỷ điện Việt Nam"}}, {"type": "Feature", "geometry": {"type": "Point", "coordinates": [108.454176, 15.250602]}, "properties": {"ten": "Kà Tinh 2", "loai": "Hồ chứa TĐ", "nguon": "Toạ độ thuỷ điện Việt Nam"}}, {"type": "Feature", "geometry": {"type": "Point", "coordinates": [108.45331, 14.869666]}, "properties": {"ten": "Sơn Trà 1", "loai": "Hồ chứa TĐ", "nguon": "Toạ độ thuỷ điện Việt Nam"}}, {"type": "Feature", "geometry": {"type": "Point", "coordinates": [108.473981, 14.907416]}, "properties": {"ten": "Sơn Trà 1C", "loai": "Hồ chứa TĐ", "nguon": "Toạ độ thuỷ điện Việt Nam"}}, {"type": "Feature", "geometry": {"type": "Point", "coordinates": [108.643755, 15.128576]}, "properties": {"ten": "Núi Ngang", "loai": "Hồ chứa TĐ", "nguon": "Toạ độ thuỷ điện Việt Nam"}}, {"type": "Feature", "geometry": {"type": "Point", "coordinates": [107.904, 12.676285]}, "properties": {"ten": "Đrây Hlinh 2", "loai": "Hồ chứa TĐ", "nguon": "Toạ độ thuỷ điện Việt Nam"}}, {"type": "Feature", "geometry": {"type": "Point", "coordinates": [104.318528, 21.999394]}, "properties": {"ten": "Phú Mậu 3", "loai": "Hồ chứa TĐ", "nguon": "Toạ độ thuỷ điện Việt Nam"}}, {"type": "Feature", "geometry": {"type": "Point", "coordinates": [104.106513, 22.290684]}, "properties": {"ten": "Suối Trát", "loai": "Hồ chứa TĐ", "nguon": "Toạ độ thuỷ điện Việt Nam"}}, {"type": "Feature", "geometry": {"type": "Point", "coordinates": [104.30617, 22.522321]}, "properties": {"ten": "Thải Giàng Phố", "loai": "Hồ chứa TĐ", "nguon": "Toạ độ thuỷ điện Việt Nam"}}, {"type": "Feature", "geometry": {"type": "Point", "coordinates": [104.1451, 22.2349]}, "properties": {"ten": "Nậm Nhùn 1", "loai": "Hồ chứa TĐ", "nguon": "Toạ độ thuỷ điện Việt Nam"}}, {"type": "Feature", "geometry": {"type": "Point", "coordinates": [104.1167, 22.2158]}, "properties": {"ten": "Nậm Nhùn 2", "loai": "Hồ chứa TĐ", "nguon": "Toạ độ thuỷ điện Việt Nam"}}, {"type": "Feature", "geometry": {"type": "Point", "coordinates": [103.741142, 22.515598]}, "properties": {"ten": "Bản Xèo", "loai": "Hồ chứa TĐ", "nguon": "Toạ độ thuỷ điện Việt Nam"}}, {"type": "Feature", "geometry": {"type": "Point", "coordinates": [103.942703, 22.346009]}, "properties": {"ten": "Ngòi Đường 1", "loai": "Hồ chứa TĐ", "nguon": "Toạ độ thuỷ điện Việt Nam"}}, {"type": "Feature", "geometry": {"type": "Point", "coordinates": [103.961675, 22.369406]}, "properties": {"ten": "Ngòi Đường 2", "loai": "Hồ chứa TĐ", "nguon": "Toạ độ thuỷ điện Việt Nam"}}, {"type": "Feature", "geometry": {"type": "Point", "coordinates": [104.062547, 22.567779]}, "properties": {"ten": "Tà Lạt", "loai": "Hồ chứa TĐ", "nguon": "Toạ độ thuỷ điện Việt Nam"}}, {"type": "Feature", "geometry": {"type": "Point", "coordinates": [103.667007, 22.459081]}, "properties": {"ten": "Pờ Hồ", "loai": "Hồ chứa TĐ", "nguon": "Toạ độ thuỷ điện Việt Nam"}}, {"type": "Feature", "geometry": {"type": "Point", "coordinates": [103.975782, 22.260995]}, "properties": {"ten": "Bản Hồ", "loai": "Hồ chứa TĐ", "nguon": "Toạ độ thuỷ điện Việt Nam"}}, {"type": "Feature", "geometry": {"type": "Point", "coordinates": [104.18698, 22.745316]}, "properties": {"ten": "Mường Khương", "loai": "Hồ chứa TĐ", "nguon": "Toạ độ thuỷ điện Việt Nam"}}, {"type": "Feature", "geometry": {"type": "Point", "coordinates": [104.083347, 22.03145]}, "properties": {"ten": "Minh Lương Thượng", "loai": "Hồ chứa TĐ", "nguon": "Toạ độ thuỷ điện Việt Nam"}}, {"type": "Feature", "geometry": {"type": "Point", "coordinates": [103.826054, 22.57772]}, "properties": {"ten": "Phố Cũ", "loai": "Hồ chứa TĐ", "nguon": "Toạ độ thuỷ điện Việt Nam"}}, {"type": "Feature", "geometry": {"type": "Point", "coordinates": [104.481276, 22.322243]}, "properties": {"ten": "Bắc Cuông", "loai": "Hồ chứa TĐ", "nguon": "Toạ độ thuỷ điện Việt Nam"}}, {"type": "Feature", "geometry": {"type": "Point", "coordinates": [104.199851, 22.060955]}, "properties": {"ten": "Suối Chút 2", "loai": "Hồ chứa TĐ", "nguon": "Toạ độ thuỷ điện Việt Nam"}}, {"type": "Feature", "geometry": {"type": "Point", "coordinates": [104.206615, 22.111736]}, "properties": {"ten": "Suối Chăn 1", "loai": "Hồ chứa TĐ", "nguon": "Toạ độ thuỷ điện Việt Nam"}}, {"type": "Feature", "geometry": {"type": "Point", "coordinates": [104.332291, 22.517617]}, "properties": {"ten": "Bắc Nà 1", "loai": "Hồ chứa TĐ", "nguon": "Toạ độ thuỷ điện Việt Nam"}}, {"type": "Feature", "geometry": {"type": "Point", "coordinates": [104.336451, 22.697939]}, "properties": {"ten": "Pa Ke", "loai": "Hồ chứa TĐ", "nguon": "Toạ độ thuỷ điện Việt Nam"}}, {"type": "Feature", "geometry": {"type": "Point", "coordinates": [105.216111, 21.996944]}, "properties": {"ten": "Yên Sơn", "loai": "Hồ chứa TĐ", "nguon": "Toạ độ thuỷ điện Việt Nam"}}, {"type": "Feature", "geometry": {"type": "Point", "coordinates": [104.972222, 22.170833]}, "properties": {"ten": "Sông Lô 7", "loai": "Hồ chứa TĐ", "nguon": "Toạ độ thuỷ điện Việt Nam"}}, {"type": "Feature", "geometry": {"type": "Point", "coordinates": [105.534087, 21.914648]}, "properties": {"ten": "Hùng Lợi 1", "loai": "Hồ chứa TĐ", "nguon": "Toạ độ thuỷ điện Việt Nam"}}, {"type": "Feature", "geometry": {"type": "Point", "coordinates": [104.5724, 20.8473]}, "properties": {"ten": "Mường Sang 3", "loai": "Hồ chứa TĐ", "nguon": "Toạ độ thuỷ điện Việt Nam"}}, {"type": "Feature", "geometry": {"type": "Point", "coordinates": [105.2612, 19.955765]}, "properties": {"ten": "Dốc Cáy", "loai": "Hồ chứa TĐ", "nguon": "Toạ độ thuỷ điện Việt Nam"}}, {"type": "Feature", "geometry": {"type": "Point", "coordinates": [105.186748, 20.107256]}, "properties": {"ten": "Trí Năng", "loai": "Hồ chứa TĐ", "nguon": "Toạ độ thuỷ điện Việt Nam"}}, {"type": "Feature", "geometry": {"type": "Point", "coordinates": [105.092257, 20.352775]}, "properties": {"ten": "Trung Xuân", "loai": "Hồ chứa TĐ", "nguon": "Toạ độ thuỷ điện Việt Nam"}}, {"type": "Feature", "geometry": {"type": "Point", "coordinates": [107.834627, 11.550062]}, "properties": {"ten": "Lộc Phát", "loai": "Hồ chứa TĐ", "nguon": "Toạ độ thuỷ điện Việt Nam"}}, {"type": "Feature", "geometry": {"type": "Point", "coordinates": [108.337473, 11.909914]}, "properties": {"ten": "Tà Nung", "loai": "Hồ chứa TĐ", "nguon": "Toạ độ thuỷ điện Việt Nam"}}, {"type": "Feature", "geometry": {"type": "Point", "coordinates": [108.378673, 12.152749]}, "properties": {"ten": "Đập Yan Tann Sien", "loai": "Hồ chứa TĐ", "nguon": "Toạ độ thuỷ điện Việt Nam"}}, {"type": "Feature", "geometry": {"type": "Point", "coordinates": [108.233631, 11.667721]}, "properties": {"ten": "Đa dâng 3", "loai": "Hồ chứa TĐ", "nguon": "Toạ độ thuỷ điện Việt Nam"}}, {"type": "Feature", "geometry": {"type": "Point", "coordinates": [108.163611, 11.830694]}, "properties": {"ten": "Sar Deung", "loai": "Hồ chứa TĐ", "nguon": "Toạ độ thuỷ điện Việt Nam"}}, {"type": "Feature", "geometry": {"type": "Point", "coordinates": [108.310667, 11.978861]}, "properties": {"ten": "Đa dâng", "loai": "Hồ chứa TĐ", "nguon": "Toạ độ thuỷ điện Việt Nam"}}, {"type": "Feature", "geometry": {"type": "Point", "coordinates": [108.211361, 11.848667]}, "properties": {"ten": "An Phước", "loai": "Hồ chứa TĐ", "nguon": "Toạ độ thuỷ điện Việt Nam"}}, {"type": "Feature", "geometry": {"type": "Point", "coordinates": [108.246389, 11.884889]}, "properties": {"ten": "Đa Chomo 2", "loai": "Hồ chứa TĐ", "nguon": "Toạ độ thuỷ điện Việt Nam"}}, {"type": "Feature", "geometry": {"type": "Point", "coordinates": [108.131, 11.855]}, "properties": {"ten": "Sar Deung 2", "loai": "Hồ chứa TĐ", "nguon": "Toạ độ thuỷ điện Việt Nam"}}, {"type": "Feature", "geometry": {"type": "Point", "coordinates": [104.799755, 22.430916]}, "properties": {"ten": "Thác Thúy (Việt Long 1)", "loai": "Hồ chứa TĐ", "nguon": "Toạ độ thuỷ điện Việt Nam"}}, {"type": "Feature", "geometry": {"type": "Point", "coordinates": [104.93016, 22.836247]}, "properties": {"ten": "Nhà máy 302", "loai": "Hồ chứa TĐ", "nguon": "Toạ độ thuỷ điện Việt Nam"}}, {"type": "Feature", "geometry": {"type": "Point", "coordinates": [104.918004, 22.294638]}, "properties": {"ten": "Sông lô 6", "loai": "Hồ chứa TĐ", "nguon": "Toạ độ thuỷ điện Việt Nam"}}, {"type": "Feature", "geometry": {"type": "Point", "coordinates": [104.465259, 22.690644]}, "properties": {"ten": "Sông Chảy 6", "loai": "Hồ chứa TĐ", "nguon": "Toạ độ thuỷ điện Việt Nam"}}, {"type": "Feature", "geometry": {"type": "Point", "coordinates": [104.628004, 22.741298]}, "properties": {"ten": "Sông Chảy 3", "loai": "Hồ chứa TĐ", "nguon": "Toạ độ thuỷ điện Việt Nam"}}, {"type": "Feature", "geometry": {"type": "Point", "coordinates": [104.859977, 22.494829]}, "properties": {"ten": "Nậm An", "loai": "Hồ chứa TĐ", "nguon": "Toạ độ thuỷ điện Việt Nam"}}, {"type": "Feature", "geometry": {"type": "Point", "coordinates": [105.477684, 23.010017]}, "properties": {"ten": "Sông Nhiệm 4", "loai": "Hồ chứa TĐ", "nguon": "Toạ độ thuỷ điện Việt Nam"}}, {"type": "Feature", "geometry": {"type": "Point", "coordinates": [104.739906, 22.616422]}, "properties": {"ten": "Tả Quan 1", "loai": "Hồ chứa TĐ", "nguon": "Toạ độ thuỷ điện Việt Nam"}}, {"type": "Feature", "geometry": {"type": "Point", "coordinates": [104.871498, 22.847333]}, "properties": {"ten": "Suối Sửu 1", "loai": "Hồ chứa TĐ", "nguon": "Toạ độ thuỷ điện Việt Nam"}}, {"type": "Feature", "geometry": {"type": "Point", "coordinates": [104.884988, 22.85788]}, "properties": {"ten": "Suối Sửu 2", "loai": "Hồ chứa TĐ", "nguon": "Toạ độ thuỷ điện Việt Nam"}}, {"type": "Feature", "geometry": {"type": "Point", "coordinates": [104.481122, 22.449704]}, "properties": {"ten": "Bản Rịa", "loai": "Hồ chứa TĐ", "nguon": "Toạ độ thuỷ điện Việt Nam"}}, {"type": "Feature", "geometry": {"type": "Point", "coordinates": [108.707784, 11.83194]}, "properties": {"ten": "Hạ Sông Pha 2", "loai": "Hồ chứa TĐ", "nguon": "Toạ độ thuỷ điện Việt Nam"}}, {"type": "Feature", "geometry": {"type": "Point", "coordinates": [108.735043, 11.833549]}, "properties": {"ten": "Thượng sông ông 1", "loai": "Hồ chứa TĐ", "nguon": "Toạ độ thuỷ điện Việt Nam"}}, {"type": "Feature", "geometry": {"type": "Point", "coordinates": [108.810426, 11.727611]}, "properties": {"ten": "Mỹ Sơn", "loai": "Hồ chứa TĐ", "nguon": "Toạ độ thuỷ điện Việt Nam"}}, {"type": "Feature", "geometry": {"type": "Point", "coordinates": [108.802409, 11.781426]}, "properties": {"ten": "Tân Mỹ", "loai": "Hồ chứa TĐ", "nguon": "Toạ độ thuỷ điện Việt Nam"}}, {"type": "Feature", "geometry": {"type": "Point", "coordinates": [108.810099, 11.762769]}, "properties": {"ten": "Tân Mỹ 2", "loai": "Hồ chứa TĐ", "nguon": "Toạ độ thuỷ điện Việt Nam"}}, {"type": "Feature", "geometry": {"type": "Point", "coordinates": [108.010927, 11.238543]}, "properties": {"ten": "Đan Sách 2", "loai": "Hồ chứa TĐ", "nguon": "Toạ độ thuỷ điện Việt Nam"}}, {"type": "Feature", "geometry": {"type": "Point", "coordinates": [108.019251, 11.228079]}, "properties": {"ten": "Đan Sách 3", "loai": "Hồ chứa TĐ", "nguon": "Toạ độ thuỷ điện Việt Nam"}}, {"type": "Feature", "geometry": {"type": "Point", "coordinates": [104.896506, 21.262387]}, "properties": {"ten": "Thu Cúc", "loai": "Hồ chứa TĐ", "nguon": "Toạ độ thuỷ điện Việt Nam"}}, {"type": "Feature", "geometry": {"type": "Point", "coordinates": [105.250031, 20.987658]}, "properties": {"ten": "Suối Cái", "loai": "Hồ chứa TĐ", "nguon": "Toạ độ thuỷ điện Việt Nam"}}, {"type": "Feature", "geometry": {"type": "Point", "coordinates": [102.952778, 22.416667]}, "properties": {"ten": "Nậm Nghẹ", "loai": "Hồ chứa TĐ", "nguon": "Toạ độ thuỷ điện Việt Nam"}}, {"type": "Feature", "geometry": {"type": "Point", "coordinates": [103.105641, 22.400117]}, "properties": {"ten": "Nậm Ban 2", "loai": "Hồ chứa TĐ", "nguon": "Toạ độ thuỷ điện Việt Nam"}}, {"type": "Feature", "geometry": {"type": "Point", "coordinates": [103.691321, 22.352959]}, "properties": {"ten": "Nậm Thi 2", "loai": "Hồ chứa TĐ", "nguon": "Toạ độ thuỷ điện Việt Nam"}}, {"type": "Feature", "geometry": {"type": "Point", "coordinates": [103.736038, 22.249837]}, "properties": {"ten": "Nậm Bon", "loai": "Hồ chứa TĐ", "nguon": "Toạ độ thuỷ điện Việt Nam"}}, {"type": "Feature", "geometry": {"type": "Point", "coordinates": [103.791234, 22.18087]}, "properties": {"ten": "Nậm Be", "loai": "Hồ chứa TĐ", "nguon": "Toạ độ thuỷ điện Việt Nam"}}, {"type": "Feature", "geometry": {"type": "Point", "coordinates": [102.84623, 22.47246]}, "properties": {"ten": "Nậm Sì Lường 1", "loai": "Hồ chứa TĐ", "nguon": "Toạ độ thuỷ điện Việt Nam"}}, {"type": "Feature", "geometry": {"type": "Point", "coordinates": [107.645321, 11.709317]}, "properties": {"ten": "Đam Bol", "loai": "Hồ chứa TĐ", "nguon": "Toạ độ thuỷ điện Việt Nam"}}, {"type": "Feature", "geometry": {"type": "Point", "coordinates": [107.733832, 11.636351]}, "properties": {"ten": "Đam Bri 1", "loai": "Hồ chứa TĐ", "nguon": "Toạ độ thuỷ điện Việt Nam"}}, {"type": "Feature", "geometry": {"type": "Point", "coordinates": [108.794976, 11.875632]}, "properties": {"ten": "Bác Ái", "loai": "Hồ chứa TĐ", "nguon": "Toạ độ thuỷ điện Việt Nam"}}, {"type": "Feature", "geometry": {"type": "Point", "coordinates": [102.517522, 22.57003]}, "properties": {"ten": "Pắc Ma", "loai": "Hồ chứa TĐ", "nguon": "Toạ độ thuỷ điện Việt Nam"}}, {"type": "Feature", "geometry": {"type": "Point", "coordinates": [105.597855, 22.952379]}, "properties": {"ten": "Bảo Lạc B", "loai": "Hồ chứa TĐ", "nguon": "Toạ độ thuỷ điện Việt Nam"}}, {"type": "Feature", "geometry": {"type": "Point", "coordinates": [105.503907, 22.863872]}, "properties": {"ten": "Mông Ân", "loai": "Hồ chứa TĐ", "nguon": "Toạ độ thuỷ điện Việt Nam"}}, {"type": "Feature", "geometry": {"type": "Point", "coordinates": [105.265278, 22.961944]}, "properties": {"ten": "Nậm Lang", "loai": "Hồ chứa TĐ", "nguon": "Toạ độ thuỷ điện Việt Nam"}}, {"type": "Feature", "geometry": {"type": "Point", "coordinates": [104.993611, 22.661111]}, "properties": {"ten": "Sông Lô 3", "loai": "Hồ chứa TĐ", "nguon": "Toạ độ thuỷ điện Việt Nam"}}, {"type": "Feature", "geometry": {"type": "Point", "coordinates": [106.546683, 22.734389]}, "properties": {"ten": "Thân Giáp", "loai": "Hồ chứa TĐ", "nguon": "Toạ độ thuỷ điện Việt Nam"}}, {"type": "Feature", "geometry": {"type": "Point", "coordinates": [106.436264, 22.570371]}, "properties": {"ten": "Tiên Thành", "loai": "Hồ chứa TĐ", "nguon": "Toạ độ thuỷ điện Việt Nam"}}, {"type": "Feature", "geometry": {"type": "Point", "coordinates": [106.115466, 22.731804]}, "properties": {"ten": "Bình Long", "loai": "Hồ chứa TĐ", "nguon": "Toạ độ thuỷ điện Việt Nam"}}, {"type": "Feature", "geometry": {"type": "Point", "coordinates": [106.131775, 22.212793]}, "properties": {"ten": "Pác Cáp", "loai": "Hồ chứa TĐ", "nguon": "Toạ độ thuỷ điện Việt Nam"}}, {"type": "Feature", "geometry": {"type": "Point", "coordinates": [103.141966, 22.376042]}, "properties": {"ten": "Nậm Ban 3", "loai": "Hồ chứa TĐ", "nguon": "Toạ độ thuỷ điện Việt Nam"}}, {"type": "Feature", "geometry": {"type": "Point", "coordinates": [102.896028, 22.383103]}, "properties": {"ten": "Nậm Bụm 2", "loai": "Hồ chứa TĐ", "nguon": "Toạ độ thuỷ điện Việt Nam"}}, {"type": "Feature", "geometry": {"type": "Point", "coordinates": [102.809622, 22.415135]}, "properties": {"ten": "Nậm Cấu 1", "loai": "Hồ chứa TĐ", "nguon": "Toạ độ thuỷ điện Việt Nam"}}, {"type": "Feature", "geometry": {"type": "Point", "coordinates": [102.806188, 22.391563]}, "properties": {"ten": "Nậm Cấu 2", "loai": "Hồ chứa TĐ", "nguon": "Toạ độ thuỷ điện Việt Nam"}}, {"type": "Feature", "geometry": {"type": "Point", "coordinates": [103.03881, 21.752054]}, "properties": {"ten": "Mường Mươn", "loai": "Hồ chứa TĐ", "nguon": "Toạ độ thuỷ điện Việt Nam"}}, {"type": "Feature", "geometry": {"type": "Point", "coordinates": [102.951253, 21.784865]}, "properties": {"ten": "Phi Lĩnh", "loai": "Hồ chứa TĐ", "nguon": "Toạ độ thuỷ điện Việt Nam"}}, {"type": "Feature", "geometry": {"type": "Point", "coordinates": [102.5981, 22.529605]}, "properties": {"ten": "Nậm Củm 4", "loai": "Hồ chứa TĐ", "nguon": "Toạ độ thuỷ điện Việt Nam"}}, {"type": "Feature", "geometry": {"type": "Point", "coordinates": [103.615666, 22.239229]}, "properties": {"ten": "Nậm Đích 1", "loai": "Hồ chứa TĐ", "nguon": "Toạ độ thuỷ điện Việt Nam"}}, {"type": "Feature", "geometry": {"type": "Point", "coordinates": [103.382853, 22.596292]}, "properties": {"ten": "Nậm Lụm 2", "loai": "Hồ chứa TĐ", "nguon": "Toạ độ thuỷ điện Việt Nam"}}, {"type": "Feature", "geometry": {"type": "Point", "coordinates": [103.02346, 21.60699]}, "properties": {"ten": "Huổi Chan 1", "loai": "Hồ chứa TĐ", "nguon": "Toạ độ thuỷ điện Việt Nam"}}, {"type": "Feature", "geometry": {"type": "Point", "coordinates": [103.214683, 21.713287]}, "properties": {"ten": "Long Tạo", "loai": "Hồ chứa TĐ", "nguon": "Toạ độ thuỷ điện Việt Nam"}}, {"type": "Feature", "geometry": {"type": "Point", "coordinates": [103.398077, 21.808828]}, "properties": {"ten": "Nậm Pay", "loai": "Hồ chứa TĐ", "nguon": "Toạ độ thuỷ điện Việt Nam"}}, {"type": "Feature", "geometry": {"type": "Point", "coordinates": [103.869444, 22.521389]}, "properties": {"ten": "Nậm Pạc", "loai": "Hồ chứa TĐ", "nguon": "Toạ độ thuỷ điện Việt Nam"}}, {"type": "Feature", "geometry": {"type": "Point", "coordinates": [103.311893, 21.231239]}, "properties": {"ten": "Sông Mã 3", "loai": "Hồ chứa TĐ", "nguon": "Toạ độ thuỷ điện Việt Nam"}}, {"type": "Feature", "geometry": {"type": "Point", "coordinates": [104.346502, 22.468133]}, "properties": {"ten": "Nậm Phàng B", "loai": "Hồ chứa TĐ", "nguon": "Toạ độ thuỷ điện Việt Nam"}}, {"type": "Feature", "geometry": {"type": "Point", "coordinates": [105.410567, 23.040827]}, "properties": {"ten": "Sông Nhiệm 3", "loai": "Hồ chứa TĐ", "nguon": "Toạ độ thuỷ điện Việt Nam"}}, {"type": "Feature", "geometry": {"type": "Point", "coordinates": [108.595339, 12.083828]}, "properties": {"ten": "Đa Nhim Thượng 2", "loai": "Hồ chứa TĐ", "nguon": "Toạ độ thuỷ điện Việt Nam"}}, {"type": "Feature", "geometry": {"type": "Point", "coordinates": [108.308243, 11.957707]}, "properties": {"ten": "Đạ Dâng - Đạ Chomo", "loai": "Hồ chứa TĐ", "nguon": "Toạ độ thuỷ điện Việt Nam"}}, {"type": "Feature", "geometry": {"type": "Point", "coordinates": [107.26755, 11.665364]}, "properties": {"ten": "Đức Thành", "loai": "Hồ chứa TĐ", "nguon": "Toạ độ thuỷ điện Việt Nam"}}, {"type": "Feature", "geometry": {"type": "Point", "coordinates": [104.14376, 21.593427]}, "properties": {"ten": "Nậm Chiến 1", "loai": "Hồ chứa TĐ", "nguon": "Toạ độ thuỷ điện Việt Nam"}}, {"type": "Feature", "geometry": {"type": "Point", "coordinates": [104.39712, 21.467148]}, "properties": {"ten": "Trạm Tấu", "loai": "Hồ chứa TĐ", "nguon": "Toạ độ thuỷ điện Việt Nam"}}, {"type": "Feature", "geometry": {"type": "Point", "coordinates": [104.644491, 21.740845]}, "properties": {"ten": "Thác Cá 2", "loai": "Hồ chứa TĐ", "nguon": "Toạ độ thuỷ điện Việt Nam"}}, {"type": "Feature", "geometry": {"type": "Point", "coordinates": [104.658482, 21.813922]}, "properties": {"ten": "Đồng Sung", "loai": "Hồ chứa TĐ", "nguon": "Toạ độ thuỷ điện Việt Nam"}}, {"type": "Feature", "geometry": {"type": "Point", "coordinates": [104.468325, 19.182298]}, "properties": {"ten": "Xoong Con", "loai": "Hồ chứa TĐ", "nguon": "Toạ độ thuỷ điện Việt Nam"}}, {"type": "Feature", "geometry": {"type": "Point", "coordinates": [104.769374, 19.569344]}, "properties": {"ten": "Sông Quang", "loai": "Hồ chứa TĐ", "nguon": "Toạ độ thuỷ điện Việt Nam"}}, {"type": "Feature", "geometry": {"type": "Point", "coordinates": [107.030037, 16.508594]}, "properties": {"ten": "La Tó", "loai": "Hồ chứa TĐ", "nguon": "Toạ độ thuỷ điện Việt Nam"}}, {"type": "Feature", "geometry": {"type": "Point", "coordinates": [107.372044, 16.234837]}, "properties": {"ten": "Sông Bồ", "loai": "Hồ chứa TĐ", "nguon": "Toạ độ thuỷ điện Việt Nam"}}, {"type": "Feature", "geometry": {"type": "Point", "coordinates": [106.567424, 16.708408]}, "properties": {"ten": "Hướng Phùng", "loai": "Hồ chứa TĐ", "nguon": "Toạ độ thuỷ điện Việt Nam"}}, {"type": "Feature", "geometry": {"type": "Point", "coordinates": [108.143056, 15.444444]}, "properties": {"ten": "Sông Tranh 3", "loai": "Hồ chứa TĐ", "nguon": "Toạ độ thuỷ điện Việt Nam"}}, {"type": "Feature", "geometry": {"type": "Point", "coordinates": [108.27576, 15.05874]}, "properties": {"ten": "Đăk Ba", "loai": "Hồ chứa TĐ", "nguon": "Toạ độ thuỷ điện Việt Nam"}}, {"type": "Feature", "geometry": {"type": "Point", "coordinates": [108.000067, 15.027448]}, "properties": {"ten": "Trà Linh 2", "loai": "Hồ chứa TĐ", "nguon": "Toạ độ thuỷ điện Việt Nam"}}, {"type": "Feature", "geometry": {"type": "Point", "coordinates": [104.960844, 20.961483]}, "properties": {"ten": "Đồng Chum 2A", "loai": "Hồ chứa TĐ", "nguon": "Toạ độ thuỷ điện Việt Nam"}}, {"type": "Feature", "geometry": {"type": "Point", "coordinates": [103.999088, 21.867448]}, "properties": {"ten": "Khao Mang Hạ", "loai": "Hồ chứa TĐ", "nguon": "Toạ độ thuỷ điện Việt Nam"}}, {"type": "Feature", "geometry": {"type": "Point", "coordinates": [103.680478, 22.564194]}, "properties": {"ten": "Nậm Hô", "loai": "Hồ chứa TĐ", "nguon": "Toạ độ thuỷ điện Việt Nam"}}, {"type": "Feature", "geometry": {"type": "Point", "coordinates": [108.859559, 12.737422]}, "properties": {"ten": "Thủy điện Krông Hin mở rộng", "loai": "Hồ chứa TĐ", "nguon": "Toạ độ thuỷ điện Việt Nam"}}, {"type": "Feature", "geometry": {"type": "Point", "coordinates": [104.094181, 22.074224]}, "properties": {"ten": "Nậm Khắt mở rộng", "loai": "Hồ chứa TĐ", "nguon": "Toạ độ thuỷ điện Việt Nam"}}, {"type": "Feature", "geometry": {"type": "Point", "coordinates": [108.335007, 11.373875]}, "properties": {"ten": "Sông Lũy", "loai": "Hồ chứa TĐ", "nguon": "Toạ độ thuỷ điện Việt Nam"}}, {"type": "Feature", "geometry": {"type": "Point", "coordinates": [107.778944, 11.174428]}, "properties": {"ten": "Thác Ba", "loai": "Hồ chứa TĐ", "nguon": "Toạ độ thuỷ điện Việt Nam"}}, {"type": "Feature", "geometry": {"type": "Point", "coordinates": [107.746642, 11.128101]}, "properties": {"ten": "La Ngâu", "loai": "Hồ chứa TĐ", "nguon": "Toạ độ thuỷ điện Việt Nam"}}, {"type": "Feature", "geometry": {"type": "Point", "coordinates": [103.026977, 21.457623]}, "properties": {"ten": "Nậm khẩu hu", "loai": "Hồ chứa TĐ", "nguon": "Toạ độ thuỷ điện Việt Nam"}}, {"type": "Feature", "geometry": {"type": "Point", "coordinates": [103.089473, 21.452616]}, "properties": {"ten": "Pa Khoang", "loai": "Hồ chứa TĐ", "nguon": "Toạ độ thuỷ điện Việt Nam"}}, {"type": "Feature", "geometry": {"type": "Point", "coordinates": [106.042835, 22.967516]}, "properties": {"ten": "Bản hoàng", "loai": "Hồ chứa TĐ", "nguon": "Toạ độ thuỷ điện Việt Nam"}}, {"type": "Feature", "geometry": {"type": "Point", "coordinates": [106.16746, 22.599588]}, "properties": {"ten": "Bạch Đằng", "loai": "Hồ chứa TĐ", "nguon": "Toạ độ thuỷ điện Việt Nam"}}, {"type": "Feature", "geometry": {"type": "Point", "coordinates": [106.360873, 22.592154]}, "properties": {"ten": "Hồng Nam", "loai": "Hồ chứa TĐ", "nguon": "Toạ độ thuỷ điện Việt Nam"}}, {"type": "Feature", "geometry": {"type": "Point", "coordinates": [105.703983, 22.794881]}, "properties": {"ten": "Na Han", "loai": "Hồ chứa TĐ", "nguon": "Toạ độ thuỷ điện Việt Nam"}}, {"type": "Feature", "geometry": {"type": "Point", "coordinates": [105.773098, 22.747931]}, "properties": {"ten": "Bản Pắt", "loai": "Hồ chứa TĐ", "nguon": "Toạ độ thuỷ điện Việt Nam"}}, {"type": "Feature", "geometry": {"type": "Point", "coordinates": [106.038825, 22.65583]}, "properties": {"ten": "Tà Sa", "loai": "Hồ chứa TĐ", "nguon": "Toạ độ thuỷ điện Việt Nam"}}, {"type": "Feature", "geometry": {"type": "Point", "coordinates": [106.049073, 22.688353]}, "properties": {"ten": "Nà Ngàn", "loai": "Hồ chứa TĐ", "nguon": "Toạ độ thuỷ điện Việt Nam"}}, {"type": "Feature", "geometry": {"type": "Point", "coordinates": [106.278018, 22.706086]}, "properties": {"ten": "Suối Củn", "loai": "Hồ chứa TĐ", "nguon": "Toạ độ thuỷ điện Việt Nam"}}, {"type": "Feature", "geometry": {"type": "Point", "coordinates": [106.237222, 22.6425]}, "properties": {"ten": "Pắc Chuối", "loai": "Hồ chứa TĐ", "nguon": "Toạ độ thuỷ điện Việt Nam"}}, {"type": "Feature", "geometry": {"type": "Point", "coordinates": [106.571483, 22.591605]}, "properties": {"ten": "Khuổi Luông", "loai": "Hồ chứa TĐ", "nguon": "Toạ độ thuỷ điện Việt Nam"}}, {"type": "Feature", "geometry": {"type": "Point", "coordinates": [107.682913, 12.408999]}, "properties": {"ten": "Đắk Sor 2", "loai": "Hồ chứa TĐ", "nguon": "Toạ độ thuỷ điện Việt Nam"}}, {"type": "Feature", "geometry": {"type": "Point", "coordinates": [104.076413, 21.473937]}, "properties": {"ten": "Suối Chiến", "loai": "Hồ chứa TĐ", "nguon": "Toạ độ thuỷ điện Việt Nam"}}, {"type": "Feature", "geometry": {"type": "Point", "coordinates": [103.563855, 21.178915]}, "properties": {"ten": "Mường Lầm", "loai": "Hồ chứa TĐ", "nguon": "Toạ độ thuỷ điện Việt Nam"}}, {"type": "Feature", "geometry": {"type": "Point", "coordinates": [104.335626, 21.965757]}, "properties": {"ten": "Phú Mậu 1", "loai": "Hồ chứa TĐ", "nguon": "Toạ độ thuỷ điện Việt Nam"}}, {"type": "Feature", "geometry": {"type": "Point", "coordinates": [104.32805, 21.982438]}, "properties": {"ten": "Phú Mậu 2", "loai": "Hồ chứa TĐ", "nguon": "Toạ độ thuỷ điện Việt Nam"}}, {"type": "Feature", "geometry": {"type": "Point", "coordinates": [103.873128, 22.405923]}, "properties": {"ten": "Móng Sến", "loai": "Hồ chứa TĐ", "nguon": "Toạ độ thuỷ điện Việt Nam"}}, {"type": "Feature", "geometry": {"type": "Point", "coordinates": [104.542781, 22.200706]}, "properties": {"ten": "Phúc Long", "loai": "Hồ chứa TĐ", "nguon": "Toạ độ thuỷ điện Việt Nam"}}, {"type": "Feature", "geometry": {"type": "Point", "coordinates": [104.011359, 22.231792]}, "properties": {"ten": "Nậm Sài", "loai": "Hồ chứa TĐ", "nguon": "Toạ độ thuỷ điện Việt Nam"}}, {"type": "Feature", "geometry": {"type": "Point", "coordinates": [104.308295, 22.392461]}, "properties": {"ten": "Bảo Nhai bậc 2", "loai": "Hồ chứa TĐ", "nguon": "Toạ độ thuỷ điện Việt Nam"}}, {"type": "Feature", "geometry": {"type": "Point", "coordinates": [105.027825, 20.739483]}, "properties": {"ten": "So Lo 2", "loai": "Hồ chứa TĐ", "nguon": "Toạ độ thuỷ điện Việt Nam"}}, {"type": "Feature", "geometry": {"type": "Point", "coordinates": [105.415262, 20.551954]}, "properties": {"ten": "Miền Đồi 1", "loai": "Hồ chứa TĐ", "nguon": "Toạ độ thuỷ điện Việt Nam"}}, {"type": "Feature", "geometry": {"type": "Point", "coordinates": [105.215108, 20.627343]}, "properties": {"ten": "Hồ Trọng", "loai": "Hồ chứa TĐ", "nguon": "Toạ độ thuỷ điện Việt Nam"}}, {"type": "Feature", "geometry": {"type": "Point", "coordinates": [104.606747, 21.783272]}, "properties": {"ten": "Nà Hẩu", "loai": "Hồ chứa TĐ", "nguon": "Toạ độ thuỷ điện Việt Nam"}}, {"type": "Feature", "geometry": {"type": "Point", "coordinates": [104.457693, 21.578293]}, "properties": {"ten": "Nậm Đông 4", "loai": "Hồ chứa TĐ", "nguon": "Toạ độ thuỷ điện Việt Nam"}}, {"type": "Feature", "geometry": {"type": "Point", "coordinates": [104.484231, 21.550613]}, "properties": {"ten": "Nậm Tục 2", "loai": "Hồ chứa TĐ", "nguon": "Toạ độ thuỷ điện Việt Nam"}}, {"type": "Feature", "geometry": {"type": "Point", "coordinates": [104.632315, 21.69785]}, "properties": {"ten": "Thác Cá", "loai": "Hồ chứa TĐ", "nguon": "Toạ độ thuỷ điện Việt Nam"}}, {"type": "Feature", "geometry": {"type": "Point", "coordinates": [104.71717, 21.459847]}, "properties": {"ten": "Vực Tuần", "loai": "Hồ chứa TĐ", "nguon": "Toạ độ thuỷ điện Việt Nam"}}, {"type": "Feature", "geometry": {"type": "Point", "coordinates": [107.805556, 14.647222]}, "properties": {"ten": "Đăk Pô Cô", "loai": "Hồ chứa TĐ", "nguon": "Toạ độ thuỷ điện Việt Nam"}}, {"type": "Feature", "geometry": {"type": "Point", "coordinates": [108.522197, 14.755176]}, "properties": {"ten": "Bo Ko", "loai": "Hồ chứa TĐ", "nguon": "Toạ độ thuỷ điện Việt Nam"}}, {"type": "Feature", "geometry": {"type": "Point", "coordinates": [104.265142, 19.325541]}, "properties": {"ten": "Canan 1", "loai": "Hồ chứa TĐ", "nguon": "Toạ độ thuỷ điện Việt Nam"}}, {"type": "Feature", "geometry": {"type": "Point", "coordinates": [104.259239, 19.319675]}, "properties": {"ten": "Canan 2", "loai": "Hồ chứa TĐ", "nguon": "Toạ độ thuỷ điện Việt Nam"}}, {"type": "Feature", "geometry": {"type": "Point", "coordinates": [106.7981, 16.592691]}, "properties": {"ten": "Khe Giông", "loai": "Hồ chứa TĐ", "nguon": "Toạ độ thuỷ điện Việt Nam"}}, {"type": "Feature", "geometry": {"type": "Point", "coordinates": [107.694244, 16.113358]}, "properties": {"ten": "Thượng Nhật", "loai": "Hồ chứa TĐ", "nguon": "Toạ độ thuỷ điện Việt Nam"}}, {"type": "Feature", "geometry": {"type": "Point", "coordinates": [108.162963, 13.78729]}, "properties": {"ten": "Pleikeo", "loai": "Hồ chứa TĐ", "nguon": "Toạ độ thuỷ điện Việt Nam"}}, {"type": "Feature", "geometry": {"type": "Point", "coordinates": [108.433823, 14.406392]}, "properties": {"ten": "Krông Pa 2", "loai": "Hồ chứa TĐ", "nguon": "Toạ độ thuỷ điện Việt Nam"}}, {"type": "Feature", "geometry": {"type": "Point", "coordinates": [107.72026, 14.851262]}, "properties": {"ten": "Đăk Piu 1", "loai": "Hồ chứa TĐ", "nguon": "Toạ độ thuỷ điện Việt Nam"}}, {"type": "Feature", "geometry": {"type": "Point", "coordinates": [107.881413, 15.901683]}, "properties": {"ten": "An Điền I", "loai": "Hồ chứa TĐ", "nguon": "Toạ độ thuỷ điện Việt Nam"}}, {"type": "Feature", "geometry": {"type": "Point", "coordinates": [103.078653, 22.392079]}, "properties": {"ten": "Nậm Ban 1", "loai": "Hồ chứa TĐ", "nguon": "Toạ độ thuỷ điện Việt Nam"}}, {"type": "Feature", "geometry": {"type": "Point", "coordinates": [107.79286, 13.97554]}, "properties": {"ten": "Ia Hrung", "loai": "Hồ chứa TĐ", "nguon": "Toạ độ thuỷ điện Việt Nam"}}, {"type": "Feature", "geometry": {"type": "Point", "coordinates": [108.162963, 13.78729]}, "properties": {"ten": "Plei Keo", "loai": "Hồ chứa TĐ", "nguon": "Toạ độ thuỷ điện Việt Nam"}}, {"type": "Feature", "geometry": {"type": "Point", "coordinates": [108.843358, 12.818294]}, "properties": {"ten": "Ea M’Doal 1", "loai": "Hồ chứa TĐ", "nguon": "Toạ độ thuỷ điện Việt Nam"}}, {"type": "Feature", "geometry": {"type": "Point", "coordinates": [108.05205, 13.248567]}, "properties": {"ten": "Ea Drăng 1", "loai": "Hồ chứa TĐ", "nguon": "Toạ độ thuỷ điện Việt Nam"}}, {"type": "Feature", "geometry": {"type": "Point", "coordinates": [107.327162, 11.278752]}, "properties": {"ten": "Phú Tân 2", "loai": "Hồ chứa TĐ", "nguon": "Toạ độ thuỷ điện Việt Nam"}}, {"type": "Feature", "geometry": {"type": "Point", "coordinates": [104.395477, 21.452698]}, "properties": {"ten": "Bản Lìu", "loai": "Hồ chứa TĐ", "nguon": "Toạ độ thuỷ điện Việt Nam"}}, {"type": "Feature", "geometry": {"type": "Point", "coordinates": [108.300846, 14.524645]}, "properties": {"ten": "Đăk Pô Ne 2ab-B", "loai": "Hồ chứa TĐ", "nguon": "Toạ độ thuỷ điện Việt Nam"}}, {"type": "Feature", "geometry": {"type": "Point", "coordinates": [103.990278, 22.010833]}, "properties": {"ten": "Nậm Mu", "loai": "Hồ chứa TĐ", "nguon": "Toạ độ thuỷ điện Việt Nam"}}, {"type": "Feature", "geometry": {"type": "Point", "coordinates": [103.04818, 21.6502]}, "properties": {"ten": "Huổi Vang", "loai": "Hồ chứa TĐ", "nguon": "Toạ độ thuỷ điện Việt Nam"}}, {"type": "Feature", "geometry": {"type": "Point", "coordinates": [103.789722, 22.179722]}, "properties": {"ten": "Hua Chăng 2", "loai": "Hồ chứa TĐ", "nguon": "Toạ độ thuỷ điện Việt Nam"}}, {"type": "Feature", "geometry": {"type": "Point", "coordinates": [102.83776, 22.429134]}, "properties": {"ten": "Nậm Sì Lường 3", "loai": "Hồ chứa TĐ", "nguon": "Toạ độ thuỷ điện Việt Nam"}}, {"type": "Feature", "geometry": {"type": "Point", "coordinates": [102.847667, 22.404944]}, "properties": {"ten": "Nậm Sì Lường 4", "loai": "Hồ chứa TĐ", "nguon": "Toạ độ thuỷ điện Việt Nam"}}, {"type": "Feature", "geometry": {"type": "Point", "coordinates": [107.807904, 14.203575]}, "properties": {"ten": "Ia Grăng 1", "loai": "Hồ chứa TĐ", "nguon": "Toạ độ thuỷ điện Việt Nam"}}, {"type": "Feature", "geometry": {"type": "Point", "coordinates": [103.823086, 22.190963]}, "properties": {"ten": "Hua Chăng", "loai": "Hồ chứa TĐ", "nguon": "Toạ độ thuỷ điện Việt Nam"}}, {"type": "Feature", "geometry": {"type": "Point", "coordinates": [102.834044, 22.439637]}, "properties": {"ten": "Nậm Sì Lường 1A", "loai": "Hồ chứa TĐ", "nguon": "Toạ độ thuỷ điện Việt Nam"}}, {"type": "Feature", "geometry": {"type": "Point", "coordinates": [102.839539, 22.533296]}, "properties": {"ten": "Nậm XÍ Lùng 1", "loai": "Hồ chứa TĐ", "nguon": "Toạ độ thuỷ điện Việt Nam"}}, {"type": "Feature", "geometry": {"type": "Point", "coordinates": [103.5272, 22.5146]}, "properties": {"ten": "Nậm Pạc 1A- Đập 1", "loai": "Hồ chứa TĐ", "nguon": "Toạ độ thuỷ điện Việt Nam"}}, {"type": "Feature", "geometry": {"type": "Point", "coordinates": [103.428888, 22.482222]}, "properties": {"ten": "Nậm So 2", "loai": "Hồ chứa TĐ", "nguon": "Toạ độ thuỷ điện Việt Nam"}}, {"type": "Feature", "geometry": {"type": "Point", "coordinates": [104.833075, 22.639478]}, "properties": {"ten": "Nậm Ngần 2", "loai": "Hồ chứa TĐ", "nguon": "Toạ độ thuỷ điện Việt Nam"}}, {"type": "Feature", "geometry": {"type": "Point", "coordinates": [107.88715, 11.51463]}, "properties": {"ten": "Tân Lộc", "loai": "Hồ chứa TĐ", "nguon": "Toạ độ thuỷ điện Việt Nam"}}, {"type": "Feature", "geometry": {"type": "Point", "coordinates": [103.717749, 22.159935]}, "properties": {"ten": "Phiêng Lúc", "loai": "Hồ chứa TĐ", "nguon": "Toạ độ thuỷ điện Việt Nam"}}, {"type": "Feature", "geometry": {"type": "Point", "coordinates": [104.6497, 22.431726]}, "properties": {"ten": "Suối Chùng", "loai": "Hồ chứa TĐ", "nguon": "Toạ độ thuỷ điện Việt Nam"}}, {"type": "Feature", "geometry": {"type": "Point", "coordinates": [102.874817, 22.488437]}, "properties": {"ten": "Pa Hạ", "loai": "Hồ chứa TĐ", "nguon": "Toạ độ thuỷ điện Việt Nam"}}, {"type": "Feature", "geometry": {"type": "Point", "coordinates": [103.5224, 22.0748]}, "properties": {"ten": "Suối Lĩnh", "loai": "Hồ chứa TĐ", "nguon": "Toạ độ thuỷ điện Việt Nam"}}, {"type": "Feature", "geometry": {"type": "Point", "coordinates": [107.849643, 11.498206]}, "properties": {"ten": "Đại Bình", "loai": "Hồ chứa TĐ", "nguon": "Toạ độ thuỷ điện Việt Nam"}}, {"type": "Feature", "geometry": {"type": "Point", "coordinates": [108.33922, 15.010284]}, "properties": {"ten": "Thượng Sơn Tây", "loai": "Hồ chứa TĐ", "nguon": "Toạ độ thuỷ điện Việt Nam"}}, {"type": "Feature", "geometry": {"type": "Point", "coordinates": [108.575796, 11.968917]}, "properties": {"ten": "Đa Nhim Thượng 3", "loai": "Hồ chứa TĐ", "nguon": "Toạ độ thuỷ điện Việt Nam"}}, {"type": "Feature", "geometry": {"type": "Point", "coordinates": [108.340893, 15.001783]}, "properties": {"ten": "Huy Măng", "loai": "Hồ chứa TĐ", "nguon": "Toạ độ thuỷ điện Việt Nam"}}, {"type": "Feature", "geometry": {"type": "Point", "coordinates": [108.5194, 15.2772]}, "properties": {"ten": "Cà Đú", "loai": "Hồ chứa TĐ", "nguon": "Toạ độ thuỷ điện Việt Nam"}}, {"type": "Feature", "geometry": {"type": "Point", "coordinates": [108.48528, 14.685]}, "properties": {"ten": "Bo Ko 2", "loai": "Hồ chứa TĐ", "nguon": "Toạ độ thuỷ điện Việt Nam"}}, {"type": "Feature", "geometry": {"type": "Point", "coordinates": [108.58519, 12.02856]}, "properties": {"ten": "Đạ Sar", "loai": "Hồ chứa TĐ", "nguon": "Toạ độ thuỷ điện Việt Nam"}}, {"type": "Feature", "geometry": {"type": "Point", "coordinates": [108.4672, 14.7486]}, "properties": {"ten": "Nước Long 1", "loai": "Hồ chứa TĐ", "nguon": "Toạ độ thuỷ điện Việt Nam"}}, {"type": "Feature", "geometry": {"type": "Point", "coordinates": [108.505, 14.7547]}, "properties": {"ten": "Nước Long 2", "loai": "Hồ chứa TĐ", "nguon": "Toạ độ thuỷ điện Việt Nam"}}, {"type": "Feature", "geometry": {"type": "Point", "coordinates": [108.2325, 15.0211]}, "properties": {"ten": "Nam Vao 2", "loai": "Hồ chứa TĐ", "nguon": "Toạ độ thuỷ điện Việt Nam"}}, {"type": "Feature", "geometry": {"type": "Point", "coordinates": [103.145705, 22.287046]}, "properties": {"ten": "Nậm Cuổi", "loai": "Hồ chứa TĐ", "nguon": "Toạ độ thuỷ điện Việt Nam"}}, {"type": "Feature", "geometry": {"type": "Point", "coordinates": [103.507368, 22.558019]}, "properties": {"ten": "Van Hồ", "loai": "Hồ chứa TĐ", "nguon": "Toạ độ thuỷ điện Việt Nam"}}, {"type": "Feature", "geometry": {"type": "Point", "coordinates": [102.957875, 22.438761]}, "properties": {"ten": "Nậm Nghẹ 1A", "loai": "Hồ chứa TĐ", "nguon": "Toạ độ thuỷ điện Việt Nam"}}, {"type": "Feature", "geometry": {"type": "Point", "coordinates": [103.757422, 22.225689]}, "properties": {"ten": "Nậm Be 2", "loai": "Hồ chứa TĐ", "nguon": "Toạ độ thuỷ điện Việt Nam"}}, {"type": "Feature", "geometry": {"type": "Point", "coordinates": [103.158028, 22.485154]}, "properties": {"ten": "Pa tần 2", "loai": "Hồ chứa TĐ", "nguon": "Toạ độ thuỷ điện Việt Nam"}}, {"type": "Feature", "geometry": {"type": "Point", "coordinates": [103.058511, 22.378769]}, "properties": {"ten": "Hua Bun", "loai": "Hồ chứa TĐ", "nguon": "Toạ độ thuỷ điện Việt Nam"}}, {"type": "Feature", "geometry": {"type": "Point", "coordinates": [103.127975, 22.198621]}, "properties": {"ten": "Nậm Pì", "loai": "Hồ chứa TĐ", "nguon": "Toạ độ thuỷ điện Việt Nam"}}, {"type": "Feature", "geometry": {"type": "Point", "coordinates": [103.671086, 22.347814]}, "properties": {"ten": "Chu Va 2 - (Bể điều tiết)", "loai": "Hồ chứa TĐ", "nguon": "Toạ độ thuỷ điện Việt Nam"}}, {"type": "Feature", "geometry": {"type": "Point", "coordinates": [104.57211, 22.56294]}, "properties": {"ten": "Quảng Nguyên", "loai": "Hồ chứa TĐ", "nguon": "Toạ độ thuỷ điện Việt Nam"}}, {"type": "Feature", "geometry": {"type": "Point", "coordinates": [104.8778, 22.4964]}, "properties": {"ten": "Mận Thắng", "loai": "Hồ chứa TĐ", "nguon": "Toạ độ thuỷ điện Việt Nam"}}, {"type": "Feature", "geometry": {"type": "Point", "coordinates": [104.5529, 21.48423]}, "properties": {"ten": "Chí Lư", "loai": "Hồ chứa TĐ", "nguon": "Toạ độ thuỷ điện Việt Nam"}}, {"type": "Feature", "geometry": {"type": "Point", "coordinates": [102.6408, 22.61694]}, "properties": {"ten": "Nậm Củm 5", "loai": "Hồ chứa TĐ", "nguon": "Toạ độ thuỷ điện Việt Nam"}}, {"type": "Feature", "geometry": {"type": "Point", "coordinates": [106.590663, 22.002736]}, "properties": {"ten": "Bản Nhùng (Kỳ Cùng 6)", "loai": "Hồ chứa TĐ", "nguon": "Toạ độ thuỷ điện Việt Nam"}}, {"type": "Feature", "geometry": {"type": "Point", "coordinates": [104.541509, 21.697686]}, "properties": {"ten": "Sài Lương", "loai": "Hồ chứa TĐ", "nguon": "Toạ độ thuỷ điện Việt Nam"}}, {"type": "Feature", "geometry": {"type": "Point", "coordinates": [102.994, 22.4052]}, "properties": {"ten": "Nậm Bụm 1A", "loai": "Hồ chứa TĐ", "nguon": "Toạ độ thuỷ điện Việt Nam"}}, {"type": "Feature", "geometry": {"type": "Point", "coordinates": [103.5399, 22.5445]}, "properties": {"ten": "Chàng Phàng", "loai": "Hồ chứa TĐ", "nguon": "Toạ độ thuỷ điện Việt Nam"}}, {"type": "Feature", "geometry": {"type": "Point", "coordinates": [103.5529, 22.5038]}, "properties": {"ten": "Nậm Pạc 1A- Đập 2", "loai": "Hồ chứa TĐ", "nguon": "Toạ độ thuỷ điện Việt Nam"}}, {"type": "Feature", "geometry": {"type": "Point", "coordinates": [108.833611, 14.384722]}, "properties": {"ten": "Nước Lương", "loai": "Hồ chứa TĐ", "nguon": "Toạ độ thuỷ điện Việt Nam"}}, {"type": "Feature", "geometry": {"type": "Point", "coordinates": [102.843641, 22.529158]}, "properties": {"ten": "Nậm XÍ Lùng 2", "loai": "Hồ chứa TĐ", "nguon": "Toạ độ thuỷ điện Việt Nam"}}, {"type": "Feature", "geometry": {"type": "Point", "coordinates": [103.677342, 22.350874]}, "properties": {"ten": "Chu Va 2 (Hồ 2)", "loai": "Hồ chứa TĐ", "nguon": "Toạ độ thuỷ điện Việt Nam"}}, {"type": "Feature", "geometry": {"type": "Point", "coordinates": [103.669108, 22.352795]}, "properties": {"ten": "Chu Va 2 (Hồ 3)", "loai": "Hồ chứa TĐ", "nguon": "Toạ độ thuỷ điện Việt Nam"}}, {"type": "Feature", "geometry": {"type": "Point", "coordinates": [103.679179, 22.351272]}, "properties": {"ten": "Chu Va 2 (Hồ 1)", "loai": "Hồ chứa TĐ", "nguon": "Toạ độ thuỷ điện Việt Nam"}}, {"type": "Feature", "geometry": {"type": "Point", "coordinates": [103.7964, 22.41806]}, "properties": {"ten": "Mây Hồ", "loai": "Hồ chứa TĐ", "nguon": "Toạ độ thuỷ điện Việt Nam"}}, {"type": "Feature", "geometry": {"type": "Point", "coordinates": [105.171778, 18.422989]}, "properties": {"ten": "Hương Sơn 2", "loai": "Hồ chứa TĐ", "nguon": "Toạ độ thuỷ điện Việt Nam"}}, {"type": "Feature", "geometry": {"type": "Point", "coordinates": [108.61, 11.8519]}, "properties": {"ma": "G02.TL0029.TD001", "ten": "TĐ. Đơn Dương", "loai": "Hồ chứa TĐ", "vung": "Tây Nguyên", "tinh": "68", "don_vi": "Bộ Công thương (EVN)", "luu_vuc": "Sông Đồng Nai", "flv_km2": 775.0, "w_huu_ich": 155.1, "w_toanbo": 165.0, "mndbt": 1042.0, "mndgc": 0.0, "mnc": 1018.0, "dt_tuoi": 0.0, "nguon": "danh mục master (không có trong \"Toạ độ thuỷ điện Việt Nam\")", "xac_nhan": "Có thật — anh Hà Ngọc Tuấn xác nhận 03/9/2026"}}, {"type": "Feature", "geometry": {"type": "Point", "coordinates": [107.617348, 15.800132]}, "properties": {"ma": "G02.TL0014.TD001", "ten": "TĐ. A Vương", "loai": "Hồ chứa TĐ", "nam_xd": "2003", "vung": "Nam Trung Bộ", "tinh": "49", "don_vi": "Bộ Công thương (EVN)", "luu_vuc": "Sông Vu Gia-Thu Bồn", "flv_km2": 682.0, "w_huu_ich": 266.5, "w_toanbo": 343.6, "mndbt": 380.0, "mndgc": 382.2, "mnc": 340.0, "dt_tuoi": 0.0, "nguon": "danh mục master (không có trong \"Toạ độ thuỷ điện Việt Nam\")", "xac_nhan": "Có thật — anh Hà Ngọc Tuấn xác nhận 03/9/2026"}}]}