{"type": "FeatureCollection", "name": "tram_bom", "crs": {"type": "name", "properties": {"name": "urn:ogc:def:crs:OGC:1.3:CRS84"}}, "features": [{"type": "Feature", "geometry": {"type": "Point", "coordinates": [105.085896, 10.70001]}, "properties": {"ma": "G10.TL0022.TB003", "ten": "Sáu Nhỏ", "loai": "Trạm bơm", "nam_xd": "2012", "vung": "Đồng bằng SCL", "tinh": "89", "don_vi": "THT", "luu_vuc": "Sông Cửu Long", "dt_tuoi": 0.0}}, {"type": "Feature", "geometry": {"type": "Point", "coordinates": [105.439531, 10.753026]}, "properties": {"ma": "G10.TL0021.TB281", "ten": "TB. Ba Đảo", "loai": "Trạm bơm", "vung": "Đồng bằng SCL", "tinh": "87", "don_vi": "Phòng NN&PTNT", "luu_vuc": "Sông Cửu Long", "dt_tuoi": 0.0}}, {"type": "Feature", "geometry": {"type": "Point", "coordinates": [107.97, 12.44]}, "properties": {"ma": "Đang cập nhật", "ten": "TB. Buôn Choal 1, 2, 3", "loai": "Trạm bơm", "vung": "Tây Nguyên", "tinh": "66", "don_vi": "Đang cập nhật", "luu_vuc": "Sông Srêpôk", "dt_tuoi": 960.24}}, {"type": "Feature", "geometry": {"type": "Point", "coordinates": [105.54, 18.62]}, "properties": {"ma": "Đang cập nhật", "ten": "TB. Nam Đông", "loai": "Trạm bơm", "vung": "Bắc Trung Bộ", "tinh": "40", "don_vi": "Đang cập nhật", "luu_vuc": "Sông Cả", "dt_tuoi": 1350.0}}, {"type": "Feature", "geometry": {"type": "Point", "coordinates": [105.05, 21.5]}, "properties": {"ma": "Đang cập nhật", "ten": "TB. Tiêu Ngòi Trang", "loai": "Trạm bơm", "vung": "ĐB Sông Hồng", "tinh": "25", "don_vi": "Đang cập nhật", "luu_vuc": "Sông Thao", "dt_tuoi": 2800.0}}, {"type": "Feature", "geometry": {"type": "Point", "coordinates": [105.45, 21.3]}, "properties": {"ma": "Đang cập nhật", "ten": "TB. Tưới tiêu Đông Nam", "loai": "Trạm bơm", "vung": "ĐB Sông Hồng", "tinh": "25", "don_vi": "Đang cập nhật", "luu_vuc": "Sông Thao", "dt_tuoi": 2461.0}}, {"type": "Feature", "geometry": {"type": "Point", "coordinates": [105.25, 21.39]}, "properties": {"ma": "Đang cập nhật", "ten": "TB. Diên Hồng", "loai": "Trạm bơm", "vung": "ĐB Sông Hồng", "tinh": "25", "don_vi": "Đang cập nhật", "luu_vuc": "Sông Thao", "dt_tuoi": 3600.0}}, {"type": "Feature", "geometry": {"type": "Point", "coordinates": [105.3, 21.26]}, "properties": {"ma": "Đang cập nhật", "ten": "TB. Bản Nguyên", "loai": "Trạm bơm", "vung": "ĐB Sông Hồng", "tinh": "25", "don_vi": "Đang cập nhật", "luu_vuc": "Sông Thao", "dt_tuoi": 885.0}}, {"type": "Feature", "geometry": {"type": "Point", "coordinates": [108.18, 15.95]}, "properties": {"ma": "Đang cập nhật", "ten": "TB. Bính Bắc", "loai": "Trạm bơm", "vung": "Nam Trung Bộ", "tinh": "48", "don_vi": "Đang cập nhật", "luu_vuc": "Sông Cu Đê", "dt_tuoi": 1625.0}}, {"type": "Feature", "geometry": {"type": "Point", "coordinates": [108.35, 11.19]}, "properties": {"ma": "Đang cập nhật", "ten": "TB. Lê Hồng Phong", "loai": "Trạm bơm", "vung": "Nam Trung Bộ", "tinh": "60", "don_vi": "Đang cập nhật", "luu_vuc": "Sông Lũy", "dt_tuoi": 1000.0}}, {"type": "Feature", "geometry": {"type": "Point", "coordinates": [109.32, 12.99]}, "properties": {"ma": "Đang cập nhật", "ten": "TB. Nam Bình", "loai": "Trạm bơm", "vung": "Nam Trung Bộ", "tinh": "54", "don_vi": "Đang cập nhật", "luu_vuc": "Sông Ba", "dt_tuoi": 1400.0}}, {"type": "Feature", "geometry": {"type": "Point", "coordinates": [106.224399, 10.05662]}, "properties": {"ma": "G10.TL0010.TB002", "ten": "Phú Nhuận", "loai": "Trạm bơm", "vung": "Đồng bằng SCL", "tinh": "86", "don_vi": "Huyện", "luu_vuc": "Sông Cửu Long", "dt_tuoi": 60.0}}, {"type": "Feature", "geometry": {"type": "Point", "coordinates": [106.188, 20.477]}, "properties": {"ma": "G10.TL0006.TB002", "ten": "TB. Hữu Bị", "loai": "Trạm bơm", "vung": "ĐB Sông Hồng", "tinh": "36", "don_vi": "Bộ NN&PTNT", "luu_vuc": "Sông Châu", "flv_km2": 0.0, "w_huu_ich": 0.0, "w_toanbo": 0.0, "mndbt": 0.0, "mndgc": 0.0, "mnc": 0.0, "dt_tuoi": 0.0}}, {"type": "Feature", "geometry": {"type": "Point", "coordinates": [106.206888, 10.038825]}, "properties": {"ma": "G10.TL0010.TB003", "ten": "Đập Dong", "loai": "Trạm bơm", "vung": "Đồng bằng SCL", "tinh": "86", "don_vi": "Huyện", "luu_vuc": "Sông Cửu Long", "dt_tuoi": 25936.0}}, {"type": "Feature", "geometry": {"type": "Point", "coordinates": [105.354, 21.2349]}, "properties": {"ma": "H26.TL0009.TB001", "ten": "TB. Trung Hà 2", "loai": "Trạm bơm", "vung": "ĐB Sông Hồng", "tinh": "01", "don_vi": "Công ty KTCTTL Sông Nhuệ", "luu_vuc": "Sông Tích - Nhuệ - Đáy", "flv_km2": 0.0, "w_huu_ich": 0.0, "w_toanbo": 0.0, "mndbt": 0.0, "mndgc": 0.0, "mnc": 0.0, "dt_tuoi": 0.0}}, {"type": "Feature", "geometry": {"type": "Point", "coordinates": [105.512, 21.1529]}, "properties": {"ma": "H26.TL0010.TB001", "ten": "TB. Phù Sa", "loai": "Trạm bơm", "vung": "ĐB Sông Hồng", "tinh": "01", "don_vi": "Công ty KTCTTL Sông Nhuệ", "luu_vuc": "Sông Tích - Nhuệ - Đáy", "flv_km2": 0.0, "w_huu_ich": 0.0, "w_toanbo": 0.0, "mndbt": 0.0, "mndgc": 0.0, "mnc": 0.0, "dt_tuoi": 0.0}}, {"type": "Feature", "geometry": {"type": "Point", "coordinates": [105.721, 21.1128]}, "properties": {"ma": "H26.TL0011.TB001", "ten": "TB. Đan Hoài", "loai": "Trạm bơm", "vung": "ĐB Sông Hồng", "tinh": "01", "don_vi": "Công ty KTCTTL Sông Nhuệ", "luu_vuc": "Sông Tích - Nhuệ - Đáy", "flv_km2": 0.0, "w_huu_ich": 0.0, "w_toanbo": 0.0, "mndbt": 0.0, "mndgc": 0.0, "mnc": 0.0, "dt_tuoi": 0.0}}, {"type": "Feature", "geometry": {"type": "Point", "coordinates": [106.138, 20.5634]}, "properties": {"ma": "G10.TL0006.TB001", "ten": "TB. Như Trác", "loai": "Trạm bơm", "vung": "ĐB Sông Hồng", "tinh": "35", "don_vi": "Bộ NN&PTNT", "luu_vuc": "Sông Châu", "flv_km2": 0.0, "w_huu_ich": 0.0, "w_toanbo": 0.0, "mndbt": 0.0, "mndgc": 0.0, "mnc": 0.0, "dt_tuoi": 0.0}}, {"type": "Feature", "geometry": {"type": "Point", "coordinates": [105.895, 20.8906]}, "properties": {"ma": "H26.TL0012.TB001", "ten": "TB. Hồng Vân", "loai": "Trạm bơm", "vung": "ĐB Sông Hồng", "tinh": "01", "don_vi": "Công ty KTCTTL Sông Nhuệ", "luu_vuc": "Sông Tích - Nhuệ - Đáy", "flv_km2": 0.0, "w_huu_ich": 0.0, "w_toanbo": 0.0, "mndbt": 0.0, "mndgc": 0.0, "mnc": 0.0, "dt_tuoi": 0.0}}, {"type": "Feature", "geometry": {"type": "Point", "coordinates": [105.935, 20.7815]}, "properties": {"ma": "H26.TL0013.TB001", "ten": "TB. Thụy Phú", "loai": "Trạm bơm", "vung": "ĐB Sông Hồng", "tinh": "01", "don_vi": "Công ty KTCTTL Sông Nhuệ", "luu_vuc": "Sông Tích - Nhuệ - Đáy", "flv_km2": 0.0, "w_huu_ich": 0.0, "w_toanbo": 0.0, "mndbt": 0.0, "mndgc": 0.0, "mnc": 0.0, "dt_tuoi": 0.0}}, {"type": "Feature", "geometry": {"type": "Point", "coordinates": [105.514, 21.1535]}, "properties": {"ma": "H26.TL0014.TB001", "ten": "TB. DC Phù Sa", "loai": "Trạm bơm", "vung": "ĐB Sông Hồng", "tinh": "01", "don_vi": "Công ty KTCTTL Sông Nhuệ", "luu_vuc": "Sông Tích - Nhuệ - Đáy", "flv_km2": 0.0, "w_huu_ich": 0.0, "w_toanbo": 0.0, "mndbt": 0.0, "mndgc": 0.0, "mnc": 0.0, "dt_tuoi": 0.0}}, {"type": "Feature", "geometry": {"type": "Point", "coordinates": [105.45, 21.2976]}, "properties": {"ma": "H62.TL0014.TB001", "ten": "TB. Bạch Hạc", "loai": "Trạm bơm", "vung": "ĐB Sông Hồng", "tinh": "26", "don_vi": "Công ty KTCTTL Vĩnh Phúc", "luu_vuc": "Sông Cà Lồ - Ngũ Huyện Khê", "flv_km2": 0.0, "w_huu_ich": 0.0, "w_toanbo": 0.0, "mndbt": 0.0, "mndgc": 0.0, "mnc": 0.0, "dt_tuoi": 0.0}}, {"type": "Feature", "geometry": {"type": "Point", "coordinates": [105.447, 21.2639]}, "properties": {"ma": "H62.TL0014.TB002", "ten": "TB. Đại Định", "loai": "Trạm bơm", "vung": "ĐB Sông Hồng", "tinh": "26", "don_vi": "Công ty KTCTTL Vĩnh Phúc", "luu_vuc": "Sông Cà Lồ - Ngũ Huyện Khê", "flv_km2": 0.0, "w_huu_ich": 0.0, "w_toanbo": 0.0, "mndbt": 0.0, "mndgc": 0.0, "mnc": 0.0, "dt_tuoi": 0.0}}, {"type": "Feature", "geometry": {"type": "Point", "coordinates": [105.78, 21.1036]}, "properties": {"ma": "H26.TL0017.TB001", "ten": "TB. Ấp Bắc", "loai": "Trạm bơm", "vung": "ĐB Sông Hồng", "tinh": "01", "don_vi": "Công ty KTCTTL Hà Nội", "luu_vuc": "Sông Cà Lồ - Ngũ Huyện Khê", "flv_km2": 0.0, "w_huu_ich": 0.0, "w_toanbo": 0.0, "mndbt": 0.0, "mndgc": 0.0, "mnc": 0.0, "dt_tuoi": 0.0}}, {"type": "Feature", "geometry": {"type": "Point", "coordinates": [106.415, 21.0046]}, "properties": {"ma": "H23.TL0001.TB001", "ten": "TB. Đồng Quan Bến", "loai": "Trạm bơm", "vung": "ĐB Sông Hồng", "tinh": "30", "don_vi": "Công ty KTCTTL Hải Dương", "luu_vuc": "Sông Đuống - Luộc", "flv_km2": 0.0, "w_huu_ich": 0.0, "w_toanbo": 0.0, "mndbt": 0.0, "mndgc": 0.0, "mnc": 0.0, "dt_tuoi": 0.0}}, {"type": "Feature", "geometry": {"type": "Point", "coordinates": [106.402318, 21.007802]}, "properties": {"ma": "H23.TL0002.TB001", "ten": "TB. Cộng Hòa", "loai": "Trạm bơm", "vung": "ĐB Sông Hồng", "tinh": "30", "don_vi": "Công ty KTCTTL Hải Dương", "luu_vuc": "Sông Đuống - Luộc", "flv_km2": 0.0, "w_huu_ich": 0.0, "w_toanbo": 0.0, "mndbt": 0.0, "mndgc": 0.0, "mnc": 0.0, "dt_tuoi": 0.0}}, {"type": "Feature", "geometry": {"type": "Point", "coordinates": [106.328, 20.9658]}, "properties": {"ma": "H23.TL0002.TB002", "ten": "TB. Đò Hàn", "loai": "Trạm bơm", "vung": "ĐB Sông Hồng", "tinh": "30", "don_vi": "Công ty KTCTTL Hải Dương", "luu_vuc": "Sông Đuống - Luộc", "flv_km2": 0.0, "w_huu_ich": 0.0, "w_toanbo": 0.0, "mndbt": 0.0, "mndgc": 0.0, "mnc": 0.0, "dt_tuoi": 0.0}}, {"type": "Feature", "geometry": {"type": "Point", "coordinates": [106.468543, 21.004725]}, "properties": {"ma": "H23.TL0004.TB001", "ten": "TB. Kênh Than", "loai": "Trạm bơm", "vung": "ĐB Sông Hồng", "tinh": "30", "don_vi": "Công ty KTCTTL Hải Dương", "luu_vuc": "Sông Đuống - Luộc", "flv_km2": 0.0, "w_huu_ich": 0.0, "w_toanbo": 0.0, "mndbt": 0.0, "mndgc": 0.0, "mnc": 0.0, "dt_tuoi": 0.0}}, {"type": "Feature", "geometry": {"type": "Point", "coordinates": [106.152, 20.3795]}, "properties": {"ma": "G10.TL0006.TB003", "ten": "TB. Cốc Thành", "loai": "Trạm bơm", "vung": "ĐB Sông Hồng", "tinh": "36", "don_vi": "Bộ NN&PTNT", "luu_vuc": "Sông Châu", "flv_km2": 0.0, "w_huu_ich": 0.0, "w_toanbo": 0.0, "mndbt": 0.0, "mndgc": 0.0, "mnc": 0.0, "dt_tuoi": 0.0}}, {"type": "Feature", "geometry": {"type": "Point", "coordinates": [105.956, 20.3575]}, "properties": {"ma": "G10.TL0006.TB004", "ten": "TB. Cổ Đam", "loai": "Trạm bơm", "vung": "ĐB Sông Hồng", "tinh": "36", "don_vi": "Bộ NN&PTNT", "luu_vuc": "Sông Châu", "flv_km2": 0.0, "w_huu_ich": 0.0, "w_toanbo": 0.0, "mndbt": 0.0, "mndgc": 0.0, "mnc": 0.0, "dt_tuoi": 0.0}}, {"type": "Feature", "geometry": {"type": "Point", "coordinates": [105.903, 20.4422]}, "properties": {"ma": "G10.TL0006.TB005", "ten": "TB. Nhâm Tràng", "loai": "Trạm bơm", "vung": "ĐB Sông Hồng", "tinh": "35", "don_vi": "Bộ NN&PTNT", "luu_vuc": "Sông Châu", "flv_km2": 0.0, "w_huu_ich": 0.0, "w_toanbo": 0.0, "mndbt": 0.0, "mndgc": 0.0, "mnc": 0.0, "dt_tuoi": 0.0}}, {"type": "Feature", "geometry": {"type": "Point", "coordinates": [106.048593, 20.264444]}, "properties": {"ma": "G10.TL0006.TB006", "ten": "TB. Vĩnh Trị", "loai": "Trạm bơm", "vung": "ĐB Sông Hồng", "tinh": "36", "don_vi": "Bộ NN&PTNT", "luu_vuc": "Sông Châu", "flv_km2": 0.0, "w_huu_ich": 0.0, "w_toanbo": 0.0, "mndbt": 0.0, "mndgc": 0.0, "mnc": 0.0, "dt_tuoi": 0.0}}, {"type": "Feature", "geometry": {"type": "Point", "coordinates": [105.813481, 20.380116]}, "properties": {"ma": "H42.TL0007.TB002", "ten": "TB. Tân Hưng", "loai": "Trạm bơm", "vung": "ĐB Sông Hồng", "tinh": "37", "don_vi": "Công ty KTCTTL Ninh Bình", "luu_vuc": "Sông Hoàng Long", "flv_km2": 0.0, "w_huu_ich": 0.0, "w_toanbo": 0.0, "mndbt": 0.0, "mndgc": 0.0, "mnc": 0.0, "dt_tuoi": 0.0}}, {"type": "Feature", "geometry": {"type": "Point", "coordinates": [105.597442, 20.021686]}, "properties": {"ma": "H56.TL0033.TB001", "ten": "TB. Nam Sông Mã", "loai": "Trạm bơm", "vung": "Bắc Trung Bộ", "tinh": "38", "don_vi": "Đang cập nhật", "luu_vuc": "Sông Mã", "flv_km2": 0.0, "w_huu_ich": 0.0, "w_toanbo": 0.0, "mndbt": 0.0, "mndgc": 0.0, "mnc": 0.0, "dt_tuoi": 0.0}}, {"type": "Feature", "geometry": {"type": "Point", "coordinates": [105.810308, 19.824879]}, "properties": {"ma": "H56.TL0034.TB001", "ten": "TB. Cống Phủ", "loai": "Trạm bơm", "vung": "Bắc Trung Bộ", "tinh": "38", "don_vi": "Đang cập nhật", "luu_vuc": "Sông Mã", "flv_km2": 0.0, "w_huu_ich": 0.0, "w_toanbo": 0.0, "mndbt": 0.0, "mndgc": 0.0, "mnc": 0.0, "dt_tuoi": 0.0}}, {"type": "Feature", "geometry": {"type": "Point", "coordinates": [108.154585, 15.953264]}, "properties": {"ma": "G10.TL0019.TB005", "ten": "TB. An Trạch", "loai": "Trạm bơm", "vung": "Nam Trung Bộ", "tinh": "48", "don_vi": "Bộ NN&PTNT - KTCTTL Quảng Nam", "luu_vuc": "Sông Vu Gia-Thu Bồn", "flv_km2": 0.0, "w_huu_ich": 0.0, "w_toanbo": 0.0, "mndbt": 0.0, "mndgc": 0.0, "mnc": 0.0, "dt_tuoi": 672.0}}, {"type": "Feature", "geometry": {"type": "Point", "coordinates": [108.303818, 15.880705]}, "properties": {"ma": "H47.TL0019.TB001", "ten": "TB. Hà Châu", "loai": "Trạm bơm", "vung": "Nam Trung Bộ", "tinh": "49", "don_vi": "Công ty KTCTTL Quảng Nam", "luu_vuc": "Sông Vu Gia-Thu Bồn", "flv_km2": 0.0, "w_huu_ich": 0.0, "w_toanbo": 0.0, "mndbt": 0.0, "mndgc": 0.0, "mnc": 0.0, "dt_tuoi": 370.0}}, {"type": "Feature", "geometry": {"type": "Point", "coordinates": [108.351126, 15.886747]}, "properties": {"ma": "H47.TL0020.TB001", "ten": "TB. Cẩm Thanh", "loai": "Trạm bơm", "vung": "Nam Trung Bộ", "tinh": "49", "don_vi": "Công ty KTCTTL Quảng Nam", "luu_vuc": "Sông Vu Gia-Thu Bồn", "flv_km2": 0.0, "w_huu_ich": 0.0, "w_toanbo": 0.0, "mndbt": 0.0, "mndgc": 0.0, "mnc": 0.0, "dt_tuoi": 100.0}}, {"type": "Feature", "geometry": {"type": "Point", "coordinates": [108.1019, 15.8742]}, "properties": {"ma": "H47.TL0021.TB001", "ten": "TB. Ái Nghĩa", "loai": "Trạm bơm", "vung": "Nam Trung Bộ", "tinh": "49", "don_vi": "Công ty KTCTTL Quảng Nam", "luu_vuc": "Sông Vu Gia-Thu Bồn", "flv_km2": 0.0, "w_huu_ich": 0.0, "w_toanbo": 0.0, "mndbt": 0.0, "mndgc": 0.0, "mnc": 0.0, "dt_tuoi": 1600.0}}, {"type": "Feature", "geometry": {"type": "Point", "coordinates": [108.215853, 15.904772]}, "properties": {"ma": "G10.TL0019.TB006", "ten": "TB. Đông Hồ 1", "loai": "Trạm bơm", "vung": "Nam Trung Bộ", "tinh": "49", "don_vi": "Bộ NN&PTNT - KTCTTL Quảng Nam", "luu_vuc": "Sông Vu Gia-Thu Bồn", "flv_km2": 0.0, "w_huu_ich": 0.0, "w_toanbo": 0.0, "mndbt": 0.0, "mndgc": 0.0, "mnc": 0.0, "dt_tuoi": 800.0}}, {"type": "Feature", "geometry": {"type": "Point", "coordinates": [108.2027, 15.9095]}, "properties": {"ma": "G10.TL0019.TB007", "ten": "TB. La Thọ", "loai": "Trạm bơm", "vung": "Nam Trung Bộ", "tinh": "49", "don_vi": "Bộ NN&PTNT - KTCTTL Quảng Nam", "luu_vuc": "Sông Vu Gia-Thu Bồn", "flv_km2": 0.0, "w_huu_ich": 0.0, "w_toanbo": 0.0, "mndbt": 0.0, "mndgc": 0.0, "mnc": 0.0, "dt_tuoi": 160.0}}, {"type": "Feature", "geometry": {"type": "Point", "coordinates": [108.2445, 15.9408]}, "properties": {"ma": "G10.TL0019.TB008", "ten": "TB. Tứ Câu", "loai": "Trạm bơm", "vung": "Nam Trung Bộ", "tinh": "49", "don_vi": "Bộ NN&PTNT - KTCTTL Quảng Nam", "luu_vuc": "Sông Vu Gia-Thu Bồn", "flv_km2": 0.0, "w_huu_ich": 0.0, "w_toanbo": 0.0, "mndbt": 0.0, "mndgc": 0.0, "mnc": 0.0, "dt_tuoi": 870.0}}, {"type": "Feature", "geometry": {"type": "Point", "coordinates": [108.2475, 15.9283]}, "properties": {"ma": "G10.TL0019.TB009", "ten": "TB. Cẩm Sa", "loai": "Trạm bơm", "vung": "Nam Trung Bộ", "tinh": "49", "don_vi": "Bộ NN&PTNT - KTCTTL Quảng Nam", "luu_vuc": "Sông Vu Gia-Thu Bồn", "flv_km2": 0.0, "w_huu_ich": 0.0, "w_toanbo": 0.0, "mndbt": 0.0, "mndgc": 0.0, "mnc": 0.0, "dt_tuoi": 820.0}}, {"type": "Feature", "geometry": {"type": "Point", "coordinates": [108.234134, 15.92465]}, "properties": {"ma": "G10.TL0019.TB010", "ten": "TB. Thanh Quýt", "loai": "Trạm bơm", "vung": "Nam Trung Bộ", "tinh": "49", "don_vi": "Bộ NN&PTNT - KTCTTL Quảng Nam", "luu_vuc": "Sông Vu Gia-Thu Bồn", "flv_km2": 0.0, "w_huu_ich": 0.0, "w_toanbo": 0.0, "mndbt": 0.0, "mndgc": 0.0, "mnc": 0.0, "dt_tuoi": 275.0}}, {"type": "Feature", "geometry": {"type": "Point", "coordinates": [108.1841, 15.9254]}, "properties": {"ma": "G10.TL0019.TB011", "ten": "TB. Đông Quang 1", "loai": "Trạm bơm", "vung": "Nam Trung Bộ", "tinh": "49", "don_vi": "Bộ NN&PTNT - KTCTTL Quảng Nam", "luu_vuc": "Sông Vu Gia-Thu Bồn", "flv_km2": 0.0, "w_huu_ich": 0.0, "w_toanbo": 0.0, "mndbt": 0.0, "mndgc": 0.0, "mnc": 0.0, "dt_tuoi": 582.0}}, {"type": "Feature", "geometry": {"type": "Point", "coordinates": [108.1636, 15.9087]}, "properties": {"ma": "G10.TL0019.TB013", "ten": "TB. Cẩm Văn", "loai": "Trạm bơm", "vung": "Nam Trung Bộ", "tinh": "49", "don_vi": "Bộ NN&PTNT - KTCTTL Quảng Nam", "luu_vuc": "Sông Vu Gia-Thu Bồn", "flv_km2": 0.0, "w_huu_ich": 0.0, "w_toanbo": 0.0, "mndbt": 0.0, "mndgc": 0.0, "mnc": 0.0, "dt_tuoi": 2100.0}}, {"type": "Feature", "geometry": {"type": "Point", "coordinates": [108.1526, 15.9262]}, "properties": {"ma": "G10.TL0019.TB014", "ten": "TB. Thái Sơn 1", "loai": "Trạm bơm", "vung": "Nam Trung Bộ", "tinh": "49", "don_vi": "Bộ NN&PTNT - KTCTTL Quảng Nam", "luu_vuc": "Sông Vu Gia-Thu Bồn", "flv_km2": 0.0, "w_huu_ich": 0.0, "w_toanbo": 0.0, "mndbt": 0.0, "mndgc": 0.0, "mnc": 0.0, "dt_tuoi": 754.0}}, {"type": "Feature", "geometry": {"type": "Point", "coordinates": [108.259093, 15.84072]}, "properties": {"ma": "H47.TL0031.TB001", "ten": "TB. Xuyên Đông", "loai": "Trạm bơm", "vung": "Nam Trung Bộ", "tinh": "49", "don_vi": "Công ty KTCTTL Quảng Ngãi", "luu_vuc": "Sông Vu Gia-Thu Bồn", "flv_km2": 0.0, "w_huu_ich": 0.0, "w_toanbo": 0.0, "mndbt": 0.0, "mndgc": 0.0, "mnc": 0.0, "dt_tuoi": 524.0}}, {"type": "Feature", "geometry": {"type": "Point", "coordinates": [105.323856, 10.809105]}, "properties": {"ma": "G10.TL0021.TB278", "ten": "TB. Thầy Trường", "loai": "Trạm bơm", "nam_xd": "2009", "vung": "Đồng bằng SCL", "tinh": "87", "don_vi": "Phòng NN&PTNT", "luu_vuc": "Sông Cửu Long", "dt_tuoi": 0.0}}, {"type": "Feature", "geometry": {"type": "Point", "coordinates": [105.74, 18.48]}, "properties": {"ma": "Đang cập nhật", "ten": "TB. Cầu Cao", "loai": "Trạm bơm", "vung": "Bắc Trung Bộ", "tinh": "42", "don_vi": "Đang cập nhật", "luu_vuc": "Sông Gianh", "dt_tuoi": 1930.0}}, {"type": "Feature", "geometry": {"type": "Point", "coordinates": [109.075548, 12.266057]}, "properties": {"ma": "H32.TL0018.TB001", "ten": "TB. Hòn Tháp", "loai": "Trạm bơm", "vung": "Nam Trung Bộ", "tinh": "56", "don_vi": "Công ty KTCTTL Khánh Hòa", "luu_vuc": "Sông Cái Nha Trang", "flv_km2": 0.0, "w_huu_ich": 0.0, "w_toanbo": 0.0, "mndbt": 0.0, "mndgc": 0.0, "mnc": 0.0, "dt_tuoi": 431.0}}, {"type": "Feature", "geometry": {"type": "Point", "coordinates": [109.1461, 12.2718]}, "properties": {"ma": "H32.TL0019.TB001", "ten": "TB. Vĩnh Phương", "loai": "Trạm bơm", "vung": "Nam Trung Bộ", "tinh": "56", "don_vi": "Công ty KTCTTL Khánh Hòa", "luu_vuc": "Sông Cái Nha Trang", "flv_km2": 0.0, "w_huu_ich": 0.0, "w_toanbo": 0.0, "mndbt": 0.0, "mndgc": 0.0, "mnc": 0.0, "dt_tuoi": 222.0}}, {"type": "Feature", "geometry": {"type": "Point", "coordinates": [105.598821, 10.671538]}, "properties": {"ma": "G10.TL0021.TB279", "ten": "TB. Trạm Cầu sắt", "loai": "Trạm bơm", "nam_xd": "2000", "vung": "Đồng bằng SCL", "tinh": "87", "don_vi": "Phòng NN&PTNT", "luu_vuc": "Sông Cửu Long", "dt_tuoi": 0.0}}, {"type": "Feature", "geometry": {"type": "Point", "coordinates": [105.399772, 10.697016]}, "properties": {"ma": "G10.TL0021.TB280", "ten": "TB. Lò Gạch", "loai": "Trạm bơm", "nam_xd": "2005", "vung": "Đồng bằng SCL", "tinh": "87", "don_vi": "Phòng NN&PTNT", "luu_vuc": "Sông Cửu Long", "dt_tuoi": 0.0}}, {"type": "Feature", "geometry": {"type": "Point", "coordinates": [105.149438, 10.728122]}, "properties": {"ma": "H01.TL0326.TB001", "ten": "Trạm Điên Điển", "loai": "Trạm bơm", "vung": "Đồng bằng SCL", "tinh": "89", "don_vi": "HTX", "luu_vuc": "Sông Cửu Long", "dt_tuoi": 2179.0}}, {"type": "Feature", "geometry": {"type": "Point", "coordinates": [105.909148, 10.112747]}, "properties": {"ma": "G10.TL0026.TB001", "ten": "Ba Se", "loai": "Trạm bơm", "vung": "Đồng bằng SCL", "tinh": "86", "don_vi": "Huyện", "luu_vuc": "Sông Cửu Long", "dt_tuoi": 150.0}}, {"type": "Feature", "geometry": {"type": "Point", "coordinates": [105.904702, 10.173703]}, "properties": {"ma": "G10.TL0026.TB002", "ten": "Phước Lợi", "loai": "Trạm bơm", "vung": "Đồng bằng SCL", "tinh": "86", "don_vi": "Huyện", "luu_vuc": "Sông Cửu Long", "dt_tuoi": 150.0}}, {"type": "Feature", "geometry": {"type": "Point", "coordinates": [105.906649, 10.177885]}, "properties": {"ma": "G10.TL0026.TB003", "ten": "Út Long", "loai": "Trạm bơm", "vung": "Đồng bằng SCL", "tinh": "86", "don_vi": "Huyện", "luu_vuc": "Sông Cửu Long", "dt_tuoi": 0.0}}, {"type": "Feature", "geometry": {"type": "Point", "coordinates": [105.385807, 10.608646]}, "properties": {"ma": "H20.TL0325.TB001", "ten": "TB. HTX NN Tân Bình", "loai": "Trạm bơm", "nam_xd": "2011", "vung": "Đồng bằng SCL", "tinh": "87", "don_vi": "Phòng NN&PTNT", "luu_vuc": "Sông Cửu Long", "dt_tuoi": 1000.0}}, {"type": "Feature", "geometry": {"type": "Point", "coordinates": [105.084839, 10.811922]}, "properties": {"ma": "H01.TL0327.TB002", "ten": "Trạm Ba Đạm", "loai": "Trạm bơm", "nam_xd": "2013", "vung": "Đồng bằng SCL", "tinh": "89", "don_vi": "TN", "luu_vuc": "Sông Cửu Long", "dt_tuoi": 1111.0}}, {"type": "Feature", "geometry": {"type": "Point", "coordinates": [105.161333, 10.790177]}, "properties": {"ma": "H01.TL0328.TB003", "ten": "Trạm Láng Bông Súng", "loai": "Trạm bơm", "nam_xd": "2004", "vung": "Đồng bằng SCL", "tinh": "89", "don_vi": "THT", "luu_vuc": "Sông Cửu Long", "dt_tuoi": 1307.0}}, {"type": "Feature", "geometry": {"type": "Point", "coordinates": [105.049044, 10.874669]}, "properties": {"ma": "H01.TL0329.TB004", "ten": "Trạm Tám Sớm", "loai": "Trạm bơm", "nam_xd": "2013", "vung": "Đồng bằng SCL", "tinh": "89", "don_vi": "TN", "luu_vuc": "Sông Cửu Long", "dt_tuoi": 150.0}}, {"type": "Feature", "geometry": {"type": "Point", "coordinates": [105.145468, 10.726686]}, "properties": {"ma": "H01.TL0330.TB005", "ten": "Trạm Mương Khai", "loai": "Trạm bơm", "vung": "Đồng bằng SCL", "tinh": "89", "don_vi": "HTX", "luu_vuc": "Sông Cửu Long", "dt_tuoi": 577.0}}, {"type": "Feature", "geometry": {"type": "Point", "coordinates": [105.206442, 10.781685]}, "properties": {"ma": "H01.TL0331.TB006", "ten": "Trạm 30/4", "loai": "Trạm bơm", "nam_xd": "2004", "vung": "Đồng bằng SCL", "tinh": "89", "don_vi": "THT", "luu_vuc": "Sông Cửu Long", "dt_tuoi": 500.0}}, {"type": "Feature", "geometry": {"type": "Point", "coordinates": [105.176395, 10.87729]}, "properties": {"ma": "H01.TL0332.TB007", "ten": "Trạm Út Hanh", "loai": "Trạm bơm", "nam_xd": "2008", "vung": "Đồng bằng SCL", "tinh": "89", "don_vi": "THT", "luu_vuc": "Sông Cửu Long", "dt_tuoi": 150.0}}, {"type": "Feature", "geometry": {"type": "Point", "coordinates": [105.152406, 10.899633]}, "properties": {"ma": "H01.TL0333.TB008", "ten": "Trạm ÔNg Giang", "loai": "Trạm bơm", "nam_xd": "2010", "vung": "Đồng bằng SCL", "tinh": "89", "don_vi": "THT", "luu_vuc": "Sông Cửu Long", "dt_tuoi": 504.0}}, {"type": "Feature", "geometry": {"type": "Point", "coordinates": [105.098576, 10.883014]}, "properties": {"ma": "H01.TL0334.TB009", "ten": "Trạm Hưng Bái", "loai": "Trạm bơm", "nam_xd": "2012", "vung": "Đồng bằng SCL", "tinh": "89", "don_vi": "TN", "luu_vuc": "Sông Cửu Long", "dt_tuoi": 504.0}}, {"type": "Feature", "geometry": {"type": "Point", "coordinates": [105.108963, 10.913624]}, "properties": {"ma": "H01.TL0335.TB010", "ten": "Bưng Liệt", "loai": "Trạm bơm", "nam_xd": "2012", "vung": "Đồng bằng SCL", "tinh": "89", "don_vi": "TN", "luu_vuc": "Sông Cửu Long", "dt_tuoi": 504.0}}, {"type": "Feature", "geometry": {"type": "Point", "coordinates": [105.056236, 10.922529]}, "properties": {"ma": "H01.TL0336.TB011", "ten": "Bưng Liệt", "loai": "Trạm bơm", "nam_xd": "2012", "vung": "Đồng bằng SCL", "tinh": "89", "don_vi": "TN", "luu_vuc": "Sông Cửu Long", "dt_tuoi": 0.0}}, {"type": "Feature", "geometry": {"type": "Point", "coordinates": [106.403761, 10.603527]}, "properties": {"ma": "H39.TL0337.TB001", "ten": "Trạm bơm Rạch Đào", "loai": "Trạm bơm", "nam_xd": "2020", "vung": "Đồng bằng SCL", "tinh": "80", "don_vi": "Phòng NN&PTNT", "luu_vuc": "Sông Cửu Long", "dt_tuoi": 0.0}}, {"type": "Feature", "geometry": {"type": "Point", "coordinates": [106.393182, 10.598221]}, "properties": {"ma": "H39.TL0338.TB002", "ten": "Trạm bơm Cây Gáo", "loai": "Trạm bơm", "nam_xd": "2020", "vung": "Đồng bằng SCL", "tinh": "80", "don_vi": "Phòng NN&PTNT", "luu_vuc": "Sông Cửu Long", "dt_tuoi": 700.0}}, {"type": "Feature", "geometry": {"type": "Point", "coordinates": [105.095724, 10.632447]}, "properties": {"ma": "G10.TL0022.TB001", "ten": "Kênh 7", "loai": "Trạm bơm", "nam_xd": "2012", "vung": "Đồng bằng SCL", "tinh": "89", "don_vi": "THT", "luu_vuc": "Sông Cửu Long", "dt_tuoi": 300.0}}, {"type": "Feature", "geometry": {"type": "Point", "coordinates": [105.086006, 10.698608]}, "properties": {"ma": "G10.TL0022.TB002", "ten": "Sáu Nhỏ", "loai": "Trạm bơm", "nam_xd": "2012", "vung": "Đồng bằng SCL", "tinh": "89", "don_vi": "THT", "luu_vuc": "Sông Cửu Long", "dt_tuoi": 300.0}}, {"type": "Feature", "geometry": {"type": "Point", "coordinates": [105.138016, 10.669096]}, "properties": {"ma": "G10.TL0022.TB004", "ten": "Trạm kênh 2", "loai": "Trạm bơm", "nam_xd": "2003", "vung": "Đồng bằng SCL", "tinh": "89", "don_vi": "TN", "luu_vuc": "Sông Cửu Long", "dt_tuoi": 0.0}}, {"type": "Feature", "geometry": {"type": "Point", "coordinates": [105.169417, 10.638439]}, "properties": {"ma": "G10.TL0022.TB005", "ten": "Trạm kênh 2", "loai": "Trạm bơm", "nam_xd": "2003", "vung": "Đồng bằng SCL", "tinh": "89", "don_vi": "TN", "luu_vuc": "Sông Cửu Long", "dt_tuoi": 684.0}}, {"type": "Feature", "geometry": {"type": "Point", "coordinates": [105.023192, 10.587339]}, "properties": {"ma": "G10.TL0022.TB006", "ten": "Trạm Văn Giáo", "loai": "Trạm bơm", "nam_xd": "2002", "vung": "Đồng bằng SCL", "tinh": "89", "don_vi": "BQL", "luu_vuc": "Sông Cửu Long", "dt_tuoi": 597.0}}, {"type": "Feature", "geometry": {"type": "Point", "coordinates": [105.026306, 10.554834]}, "properties": {"ma": "G10.TL0022.TB007", "ten": "Trạm Vĩnh Trung", "loai": "Trạm bơm", "nam_xd": "2002", "vung": "Đồng bằng SCL", "tinh": "89", "don_vi": "BQL các TV", "luu_vuc": "Sông Cửu Long", "dt_tuoi": 684.0}}, {"type": "Feature", "geometry": {"type": "Point", "coordinates": [105.041438, 10.586975]}, "properties": {"ma": "G10.TL0022.TB008", "ten": "Trạm Văn Râu", "loai": "Trạm bơm", "nam_xd": "2002", "vung": "Đồng bằng SCL", "tinh": "89", "don_vi": "BQL các TV", "luu_vuc": "Sông Cửu Long", "dt_tuoi": 597.0}}, {"type": "Feature", "geometry": {"type": "Point", "coordinates": [105.046224, 10.56497]}, "properties": {"ma": "G10.TL0022.TB009", "ten": "Trạm bơm tưới 2 Nhì", "loai": "Trạm bơm", "nam_xd": "2002", "vung": "Đồng bằng SCL", "tinh": "89", "don_vi": "BQL các TV", "luu_vuc": "Sông Cửu Long", "dt_tuoi": 597.0}}, {"type": "Feature", "geometry": {"type": "Point", "coordinates": [105.04997, 10.548825]}, "properties": {"ma": "G10.TL0022.TB010", "ten": "TB tiêu ranh làng", "loai": "Trạm bơm", "nam_xd": "2002", "vung": "Đồng bằng SCL", "tinh": "89", "don_vi": "BQL các TV", "luu_vuc": "Sông Cửu Long", "dt_tuoi": 0.0}}, {"type": "Feature", "geometry": {"type": "Point", "coordinates": [105.116566, 10.648837]}, "properties": {"ma": "G10.TL0022.TB011", "ten": "Trạm kênh 4 cũ", "loai": "Trạm bơm", "nam_xd": "2008", "vung": "Đồng bằng SCL", "tinh": "89", "don_vi": "HTX", "luu_vuc": "Sông Cửu Long", "dt_tuoi": 0.0}}, {"type": "Feature", "geometry": {"type": "Point", "coordinates": [105.121505, 10.653402]}, "properties": {"ma": "G10.TL0022.TB012", "ten": "Trạm kênh 4 Xuất Khẩu", "loai": "Trạm bơm", "nam_xd": "2009", "vung": "Đồng bằng SCL", "tinh": "89", "don_vi": "HTX", "luu_vuc": "Sông Cửu Long", "dt_tuoi": 800.0}}, {"type": "Feature", "geometry": {"type": "Point", "coordinates": [105.132114, 10.679599]}, "properties": {"ma": "G10.TL0022.TB013", "ten": "Kênh 1-2", "loai": "Trạm bơm", "nam_xd": "1999", "vung": "Đồng bằng SCL", "tinh": "89", "don_vi": "TN", "luu_vuc": "Sông Cửu Long", "dt_tuoi": 365.0}}, {"type": "Feature", "geometry": {"type": "Point", "coordinates": [105.107467, 10.642663]}, "properties": {"ma": "G10.TL0022.TB014", "ten": "Xuất Khẩu", "loai": "Trạm bơm", "nam_xd": "2006", "vung": "Đồng bằng SCL", "tinh": "89", "don_vi": "THT", "luu_vuc": "Sông Cửu Long", "dt_tuoi": 800.0}}, {"type": "Feature", "geometry": {"type": "Point", "coordinates": [105.136464, 10.673474]}, "properties": {"ma": "G10.TL0022.TB015", "ten": "Kênh 1-2", "loai": "Trạm bơm", "nam_xd": "1999", "vung": "Đồng bằng SCL", "tinh": "89", "don_vi": "TN", "luu_vuc": "Sông Cửu Long", "dt_tuoi": 800.0}}, {"type": "Feature", "geometry": {"type": "Point", "coordinates": [105.13017, 10.666287]}, "properties": {"ma": "G10.TL0022.TB016", "ten": "Kênh 1-2", "loai": "Trạm bơm", "nam_xd": "1999", "vung": "Đồng bằng SCL", "tinh": "89", "don_vi": "TN", "luu_vuc": "Sông Cửu Long", "dt_tuoi": 800.0}}, {"type": "Feature", "geometry": {"type": "Point", "coordinates": [105.122359, 10.660782]}, "properties": {"ma": "G10.TL0022.TB017", "ten": "Kênh 1-2", "loai": "Trạm bơm", "nam_xd": "1999", "vung": "Đồng bằng SCL", "tinh": "89", "don_vi": "TN", "luu_vuc": "Sông Cửu Long", "dt_tuoi": 800.0}}, {"type": "Feature", "geometry": {"type": "Point", "coordinates": [105.119834, 10.657527]}, "properties": {"ma": "G10.TL0022.TB018", "ten": "Kênh 1-2", "loai": "Trạm bơm", "nam_xd": "1999", "vung": "Đồng bằng SCL", "tinh": "89", "don_vi": "TN", "luu_vuc": "Sông Cửu Long", "dt_tuoi": 800.0}}, {"type": "Feature", "geometry": {"type": "Point", "coordinates": [105.116303, 10.652545]}, "properties": {"ma": "G10.TL0022.TB019", "ten": "Kênh 1-2", "loai": "Trạm bơm", "nam_xd": "1999", "vung": "Đồng bằng SCL", "tinh": "89", "don_vi": "TN", "luu_vuc": "Sông Cửu Long", "dt_tuoi": 800.0}}, {"type": "Feature", "geometry": {"type": "Point", "coordinates": [105.127233, 10.66362]}, "properties": {"ma": "G10.TL0022.TB020", "ten": "Kênh 1-2", "loai": "Trạm bơm", "nam_xd": "1999", "vung": "Đồng bằng SCL", "tinh": "89", "don_vi": "TN", "luu_vuc": "Sông Cửu Long", "dt_tuoi": 0.0}}, {"type": "Feature", "geometry": {"type": "Point", "coordinates": [105.259591, 10.516462]}, "properties": {"ma": "G10.TL0022.TB021", "ten": "Trạm Thanh Sơn", "loai": "Trạm bơm", "nam_xd": "2009", "vung": "Đồng bằng SCL", "tinh": "89", "don_vi": "HTX", "luu_vuc": "Sông Cửu Long", "dt_tuoi": 0.0}}, {"type": "Feature", "geometry": {"type": "Point", "coordinates": [105.277053, 10.513354]}, "properties": {"ma": "G10.TL0022.TB022", "ten": "Trạm kênh 4", "loai": "Trạm bơm", "nam_xd": "2009", "vung": "Đồng bằng SCL", "tinh": "89", "don_vi": "HTX", "luu_vuc": "Sông Cửu Long", "dt_tuoi": 0.0}}, {"type": "Feature", "geometry": {"type": "Point", "coordinates": [105.199779, 10.60778]}, "properties": {"ma": "G10.TL0022.TB023", "ten": "Trạm kênh 2", "loai": "Trạm bơm", "nam_xd": "2003", "vung": "Đồng bằng SCL", "tinh": "89", "don_vi": "HTX", "luu_vuc": "Sông Cửu Long", "dt_tuoi": 0.0}}, {"type": "Feature", "geometry": {"type": "Point", "coordinates": [105.187461, 10.602379]}, "properties": {"ma": "G10.TL0022.TB024", "ten": "Trạm kênh 2", "loai": "Trạm bơm", "nam_xd": "2003", "vung": "Đồng bằng SCL", "tinh": "89", "don_vi": "HTX", "luu_vuc": "Sông Cửu Long", "dt_tuoi": 0.0}}, {"type": "Feature", "geometry": {"type": "Point", "coordinates": [105.182291, 10.608242]}, "properties": {"ma": "G10.TL0022.TB025", "ten": "Trạm kênh 2", "loai": "Trạm bơm", "nam_xd": "2003", "vung": "Đồng bằng SCL", "tinh": "89", "don_vi": "HTX", "luu_vuc": "Sông Cửu Long", "dt_tuoi": 0.0}}, {"type": "Feature", "geometry": {"type": "Point", "coordinates": [105.173044, 10.617916]}, "properties": {"ma": "G10.TL0022.TB026", "ten": "Trạm kênh 2", "loai": "Trạm bơm", "nam_xd": "2003", "vung": "Đồng bằng SCL", "tinh": "89", "don_vi": "HTX", "luu_vuc": "Sông Cửu Long", "dt_tuoi": 0.0}}, {"type": "Feature", "geometry": {"type": "Point", "coordinates": [105.193922, 10.612911]}, "properties": {"ma": "G10.TL0022.TB027", "ten": "Trạm kênh 2", "loai": "Trạm bơm", "nam_xd": "2003", "vung": "Đồng bằng SCL", "tinh": "89", "don_vi": "HTX", "luu_vuc": "Sông Cửu Long", "dt_tuoi": 0.0}}, {"type": "Feature", "geometry": {"type": "Point", "coordinates": [105.191711, 10.615246]}, "properties": {"ma": "G10.TL0022.TB028", "ten": "Trạm kênh 2", "loai": "Trạm bơm", "nam_xd": "2003", "vung": "Đồng bằng SCL", "tinh": "89", "don_vi": "HTX", "luu_vuc": "Sông Cửu Long", "dt_tuoi": 0.0}}, {"type": "Feature", "geometry": {"type": "Point", "coordinates": [105.189765, 10.617336]}, "properties": {"ma": "G10.TL0022.TB029", "ten": "Trạm kênh 2", "loai": "Trạm bơm", "nam_xd": "2003", "vung": "Đồng bằng SCL", "tinh": "89", "don_vi": "HTX", "luu_vuc": "Sông Cửu Long", "dt_tuoi": 0.0}}, {"type": "Feature", "geometry": {"type": "Point", "coordinates": [105.188048, 10.619191]}, "properties": {"ma": "G10.TL0022.TB030", "ten": "Trạm kênh 2", "loai": "Trạm bơm", "nam_xd": "2003", "vung": "Đồng bằng SCL", "tinh": "89", "don_vi": "HTX", "luu_vuc": "Sông Cửu Long", "dt_tuoi": 0.0}}, {"type": "Feature", "geometry": {"type": "Point", "coordinates": [105.185453, 10.621816]}, "properties": {"ma": "G10.TL0022.TB031", "ten": "Trạm kênh 2", "loai": "Trạm bơm", "nam_xd": "2003", "vung": "Đồng bằng SCL", "tinh": "89", "don_vi": "HTX", "luu_vuc": "Sông Cửu Long", "dt_tuoi": 400.0}}, {"type": "Feature", "geometry": {"type": "Point", "coordinates": [105.079446, 10.615665]}, "properties": {"ma": "G10.TL0022.TB032", "ten": "Đông K10", "loai": "Trạm bơm", "nam_xd": "2010", "vung": "Đồng bằng SCL", "tinh": "89", "don_vi": "THT", "luu_vuc": "Sông Cửu Long", "dt_tuoi": 400.0}}, {"type": "Feature", "geometry": {"type": "Point", "coordinates": [105.088215, 10.622555]}, "properties": {"ma": "G10.TL0022.TB033", "ten": "K8 bắc kênh Đâò", "loai": "Trạm bơm", "nam_xd": "2011", "vung": "Đồng bằng SCL", "tinh": "89", "don_vi": "THT", "luu_vuc": "Sông Cửu Long", "dt_tuoi": 365.0}}, {"type": "Feature", "geometry": {"type": "Point", "coordinates": [105.097768, 10.677658]}, "properties": {"ma": "G10.TL0022.TB034", "ten": "Xuất Khẩu", "loai": "Trạm bơm", "nam_xd": "2006", "vung": "Đồng bằng SCL", "tinh": "89", "don_vi": "THT", "luu_vuc": "Sông Cửu Long", "dt_tuoi": 0.0}}, {"type": "Feature", "geometry": {"type": "Point", "coordinates": [105.091927, 10.623223]}, "properties": {"ma": "G10.TL0022.TB035", "ten": "Trạm kênh 8", "loai": "Trạm bơm", "nam_xd": "2009", "vung": "Đồng bằng SCL", "tinh": "89", "don_vi": "THT", "luu_vuc": "Sông Cửu Long", "dt_tuoi": 0.0}}, {"type": "Feature", "geometry": {"type": "Point", "coordinates": [105.085699, 10.616794]}, "properties": {"ma": "G10.TL0022.TB036", "ten": "Trạm kênh 9", "loai": "Trạm bơm", "nam_xd": "2009", "vung": "Đồng bằng SCL", "tinh": "89", "don_vi": "THT", "luu_vuc": "Sông Cửu Long", "dt_tuoi": 0.0}}, {"type": "Feature", "geometry": {"type": "Point", "coordinates": [105.11934, 10.586449]}, "properties": {"ma": "G10.TL0022.TB037", "ten": "Trạm kênh 9", "loai": "Trạm bơm", "nam_xd": "2009", "vung": "Đồng bằng SCL", "tinh": "89", "don_vi": "THT", "luu_vuc": "Sông Cửu Long", "dt_tuoi": 0.0}}, {"type": "Feature", "geometry": {"type": "Point", "coordinates": [105.127999, 10.591836]}, "properties": {"ma": "G10.TL0022.TB038", "ten": "Trạm kênh 8", "loai": "Trạm bơm", "nam_xd": "2009", "vung": "Đồng bằng SCL", "tinh": "89", "don_vi": "THT", "luu_vuc": "Sông Cửu Long", "dt_tuoi": 0.0}}, {"type": "Feature", "geometry": {"type": "Point", "coordinates": [105.126217, 10.593754]}, "properties": {"ma": "G10.TL0022.TB039", "ten": "Trạm kênh 8", "loai": "Trạm bơm", "nam_xd": "2009", "vung": "Đồng bằng SCL", "tinh": "89", "don_vi": "THT", "luu_vuc": "Sông Cửu Long", "dt_tuoi": 0.0}}, {"type": "Feature", "geometry": {"type": "Point", "coordinates": [105.117732, 10.61294]}, "properties": {"ma": "G10.TL0022.TB040", "ten": "Trạm ranh ấp", "loai": "Trạm bơm", "nam_xd": "2009", "vung": "Đồng bằng SCL", "tinh": "89", "don_vi": "THT", "luu_vuc": "Sông Cửu Long", "dt_tuoi": 0.0}}, {"type": "Feature", "geometry": {"type": "Point", "coordinates": [105.170526, 10.510562]}, "properties": {"ma": "G10.TL0022.TB041", "ten": "Trạm kênh 12", "loai": "Trạm bơm", "nam_xd": "2011", "vung": "Đồng bằng SCL", "tinh": "89", "don_vi": "TN", "luu_vuc": "Sông Cửu Long", "dt_tuoi": 0.0}}, {"type": "Feature", "geometry": {"type": "Point", "coordinates": [105.140808, 10.536398]}, "properties": {"ma": "G10.TL0022.TB042", "ten": "Trạm kênh 12", "loai": "Trạm bơm", "nam_xd": "2011", "vung": "Đồng bằng SCL", "tinh": "89", "don_vi": "TN", "luu_vuc": "Sông Cửu Long", "dt_tuoi": 0.0}}, {"type": "Feature", "geometry": {"type": "Point", "coordinates": [105.152772, 10.553278]}, "properties": {"ma": "G10.TL0022.TB043", "ten": "Trạm kênh 9", "loai": "Trạm bơm", "nam_xd": "2009", "vung": "Đồng bằng SCL", "tinh": "89", "don_vi": "THT", "luu_vuc": "Sông Cửu Long", "dt_tuoi": 0.0}}, {"type": "Feature", "geometry": {"type": "Point", "coordinates": [105.162265, 10.564805]}, "properties": {"ma": "G10.TL0022.TB044", "ten": "Trạm kênh 8", "loai": "Trạm bơm", "nam_xd": "2009", "vung": "Đồng bằng SCL", "tinh": "89", "don_vi": "THT", "luu_vuc": "Sông Cửu Long", "dt_tuoi": 0.0}}, {"type": "Feature", "geometry": {"type": "Point", "coordinates": [105.147412, 10.679276]}, "properties": {"ma": "G10.TL0022.TB045", "ten": "Trạm kênh 1", "loai": "Trạm bơm", "nam_xd": "2003", "vung": "Đồng bằng SCL", "tinh": "89", "don_vi": "TN", "luu_vuc": "Sông Cửu Long", "dt_tuoi": 0.0}}, {"type": "Feature", "geometry": {"type": "Point", "coordinates": [105.130835, 10.596185]}, "properties": {"ma": "G10.TL0022.TB046", "ten": "Trạm kênh 9", "loai": "Trạm bơm", "nam_xd": "2009", "vung": "Đồng bằng SCL", "tinh": "89", "don_vi": "THT", "luu_vuc": "Sông Cửu Long", "dt_tuoi": 0.0}}, {"type": "Feature", "geometry": {"type": "Point", "coordinates": [105.124478, 10.588825]}, "properties": {"ma": "G10.TL0022.TB047", "ten": "Trạm kênh 9", "loai": "Trạm bơm", "nam_xd": "2009", "vung": "Đồng bằng SCL", "tinh": "89", "don_vi": "THT", "luu_vuc": "Sông Cửu Long", "dt_tuoi": 0.0}}, {"type": "Feature", "geometry": {"type": "Point", "coordinates": [105.157766, 10.559869]}, "properties": {"ma": "G10.TL0022.TB048", "ten": "Trạm kênh 8", "loai": "Trạm bơm", "nam_xd": "2009", "vung": "Đồng bằng SCL", "tinh": "89", "don_vi": "THT", "luu_vuc": "Sông Cửu Long", "dt_tuoi": 0.0}}, {"type": "Feature", "geometry": {"type": "Point", "coordinates": [105.155653, 10.557347]}, "properties": {"ma": "G10.TL0022.TB049", "ten": "Trạm kênh 9", "loai": "Trạm bơm", "nam_xd": "2009", "vung": "Đồng bằng SCL", "tinh": "89", "don_vi": "THT", "luu_vuc": "Sông Cửu Long", "dt_tuoi": 0.0}}, {"type": "Feature", "geometry": {"type": "Point", "coordinates": [105.08805, 10.619751]}, "properties": {"ma": "G10.TL0022.TB050", "ten": "Trạm kênh 9", "loai": "Trạm bơm", "nam_xd": "2009", "vung": "Đồng bằng SCL", "tinh": "89", "don_vi": "THT", "luu_vuc": "Sông Cửu Long", "dt_tuoi": 0.0}}, {"type": "Feature", "geometry": {"type": "Point", "coordinates": [105.094387, 10.626008]}, "properties": {"ma": "G10.TL0022.TB051", "ten": "Trạm kênh 9", "loai": "Trạm bơm", "nam_xd": "2009", "vung": "Đồng bằng SCL", "tinh": "89", "don_vi": "THT", "luu_vuc": "Sông Cửu Long", "dt_tuoi": 0.0}}, {"type": "Feature", "geometry": {"type": "Point", "coordinates": [105.130462, 10.601756]}, "properties": {"ma": "G10.TL0022.TB052", "ten": "Trạm kênh 9", "loai": "Trạm bơm", "nam_xd": "2009", "vung": "Đồng bằng SCL", "tinh": "89", "don_vi": "THT", "luu_vuc": "Sông Cửu Long", "dt_tuoi": 0.0}}, {"type": "Feature", "geometry": {"type": "Point", "coordinates": [105.129738, 10.597117]}, "properties": {"ma": "G10.TL0022.TB053", "ten": "Trạm kênh 9", "loai": "Trạm bơm", "nam_xd": "2009", "vung": "Đồng bằng SCL", "tinh": "89", "don_vi": "THT", "luu_vuc": "Sông Cửu Long", "dt_tuoi": 0.0}}, {"type": "Feature", "geometry": {"type": "Point", "coordinates": [105.123098, 10.589984]}, "properties": {"ma": "G10.TL0022.TB054", "ten": "Trạm kênh 8", "loai": "Trạm bơm", "nam_xd": "2009", "vung": "Đồng bằng SCL", "tinh": "89", "don_vi": "THT", "luu_vuc": "Sông Cửu Long", "dt_tuoi": 0.0}}, {"type": "Feature", "geometry": {"type": "Point", "coordinates": [105.095887, 10.597853]}, "properties": {"ma": "G10.TL0022.TB055", "ten": "Trạm kênh 9", "loai": "Trạm bơm", "nam_xd": "2009", "vung": "Đồng bằng SCL", "tinh": "89", "don_vi": "THT", "luu_vuc": "Sông Cửu Long", "dt_tuoi": 0.0}}, {"type": "Feature", "geometry": {"type": "Point", "coordinates": [105.275717, 10.531561]}, "properties": {"ma": "G10.TL0022.TB056", "ten": "Trạm Thanh Sơn", "loai": "Trạm bơm", "nam_xd": "2009", "vung": "Đồng bằng SCL", "tinh": "89", "don_vi": "HTX", "luu_vuc": "Sông Cửu Long", "dt_tuoi": 0.0}}, {"type": "Feature", "geometry": {"type": "Point", "coordinates": [105.298973, 10.527687]}, "properties": {"ma": "G10.TL0022.TB057", "ten": "Trạm Ngã Cái", "loai": "Trạm bơm", "nam_xd": "2009", "vung": "Đồng bằng SCL", "tinh": "89", "don_vi": "HTX", "luu_vuc": "Sông Cửu Long", "dt_tuoi": 167.0}}, {"type": "Feature", "geometry": {"type": "Point", "coordinates": [104.929861, 10.573802]}, "properties": {"ma": "G10.TL0022.TB058", "ten": "Trạm tiêu An Nông", "loai": "Trạm bơm", "nam_xd": "2002", "vung": "Đồng bằng SCL", "tinh": "89", "don_vi": "Công ty KTCTTL", "luu_vuc": "Sông Cửu Long", "dt_tuoi": 0.0}}, {"type": "Feature", "geometry": {"type": "Point", "coordinates": [104.938926, 10.542112]}, "properties": {"ma": "G10.TL0022.TB059", "ten": "trạm tiêu 02", "loai": "Trạm bơm", "nam_xd": "2010", "vung": "Đồng bằng SCL", "tinh": "89", "don_vi": "HTX An Nô", "luu_vuc": "Sông Cửu Long", "dt_tuoi": 558.0}}, {"type": "Feature", "geometry": {"type": "Point", "coordinates": [105.191146, 10.661797]}, "properties": {"ma": "G10.TL0022.TB060", "ten": "Trạm Mương ĐÌnh", "loai": "Trạm bơm", "nam_xd": "2000", "vung": "Đồng bằng SCL", "tinh": "89", "don_vi": "HTX", "luu_vuc": "Sông Cửu Long", "dt_tuoi": 0.0}}, {"type": "Feature", "geometry": {"type": "Point", "coordinates": [105.188843, 10.529753]}, "properties": {"ma": "G10.TL0022.TB061", "ten": "Trạm kênh 9", "loai": "Trạm bơm", "nam_xd": "2009", "vung": "Đồng bằng SCL", "tinh": "89", "don_vi": "THT", "luu_vuc": "Sông Cửu Long", "dt_tuoi": 558.0}}, {"type": "Feature", "geometry": {"type": "Point", "coordinates": [105.11336, 10.632549]}, "properties": {"ma": "G10.TL0022.TB062", "ten": "Trạm Mương ĐÌnh", "loai": "Trạm bơm", "nam_xd": "2000", "vung": "Đồng bằng SCL", "tinh": "89", "don_vi": "HTX", "luu_vuc": "Sông Cửu Long", "dt_tuoi": 0.0}}, {"type": "Feature", "geometry": {"type": "Point", "coordinates": [105.170066, 10.637778]}, "properties": {"ma": "G10.TL0022.TB063", "ten": "Trạm kênh 2", "loai": "Trạm bơm", "nam_xd": "2003", "vung": "Đồng bằng SCL", "tinh": "89", "don_vi": "HTX", "luu_vuc": "Sông Cửu Long", "dt_tuoi": 0.0}}, {"type": "Feature", "geometry": {"type": "Point", "coordinates": [105.16151, 10.606707]}, "properties": {"ma": "G10.TL0022.TB064", "ten": "Trạm kênh 2", "loai": "Trạm bơm", "nam_xd": "2003", "vung": "Đồng bằng SCL", "tinh": "89", "don_vi": "TN", "luu_vuc": "Sông Cửu Long", "dt_tuoi": 233.0}}, {"type": "Feature", "geometry": {"type": "Point", "coordinates": [105.152962, 10.439574]}, "properties": {"ma": "G10.TL0022.TB065", "ten": "Trạm kênh số 7", "loai": "Trạm bơm", "nam_xd": "2011", "vung": "Đồng bằng SCL", "tinh": "89", "don_vi": "THT", "luu_vuc": "Sông Cửu Long", "dt_tuoi": 700.0}}, {"type": "Feature", "geometry": {"type": "Point", "coordinates": [105.152015, 10.406716]}, "properties": {"ma": "G10.TL0022.TB066", "ten": "Trạm Mương Nổi", "loai": "Trạm bơm", "nam_xd": "2011", "vung": "Đồng bằng SCL", "tinh": "89", "don_vi": "TN", "luu_vuc": "Sông Cửu Long", "dt_tuoi": 520.0}}, {"type": "Feature", "geometry": {"type": "Point", "coordinates": [105.175434, 10.414084]}, "properties": {"ma": "G10.TL0022.TB067", "ten": "Trạm Năm Rỡ", "loai": "Trạm bơm", "nam_xd": "2009", "vung": "Đồng bằng SCL", "tinh": "89", "don_vi": "TN", "luu_vuc": "Sông Cửu Long", "dt_tuoi": 330.0}}, {"type": "Feature", "geometry": {"type": "Point", "coordinates": [105.294838, 10.446239]}, "properties": {"ma": "G10.TL0022.TB068", "ten": "Trạm B2", "loai": "Trạm bơm", "nam_xd": "2008", "vung": "Đồng bằng SCL", "tinh": "89", "don_vi": "HTX", "luu_vuc": "Sông Cửu Long", "dt_tuoi": 330.0}}, {"type": "Feature", "geometry": {"type": "Point", "coordinates": [105.297359, 10.435773]}, "properties": {"ma": "G10.TL0022.TB069", "ten": "Trạm B3", "loai": "Trạm bơm", "nam_xd": "2008", "vung": "Đồng bằng SCL", "tinh": "89", "don_vi": "HTX", "luu_vuc": "Sông Cửu Long", "dt_tuoi": 300.0}}, {"type": "Feature", "geometry": {"type": "Point", "coordinates": [105.241822, 10.372193]}, "properties": {"ma": "G10.TL0022.TB070", "ten": "Trạm 1/5", "loai": "Trạm bơm", "nam_xd": "2012", "vung": "Đồng bằng SCL", "tinh": "89", "don_vi": "TN", "luu_vuc": "Sông Cửu Long", "dt_tuoi": 300.0}}, {"type": "Feature", "geometry": {"type": "Point", "coordinates": [105.306845, 10.400347]}, "properties": {"ma": "G10.TL0022.TB071", "ten": "Trạm 6 Dư", "loai": "Trạm bơm", "nam_xd": "2012", "vung": "Đồng bằng SCL", "tinh": "89", "don_vi": "TN", "luu_vuc": "Sông Cửu Long", "dt_tuoi": 200.0}}, {"type": "Feature", "geometry": {"type": "Point", "coordinates": [105.058995, 10.664002]}, "properties": {"ma": "G10.TL0022.TB072", "ten": "đầu K8-3 nhịp", "loai": "Trạm bơm", "nam_xd": "2012", "vung": "Đồng bằng SCL", "tinh": "89", "don_vi": "HTX", "luu_vuc": "Sông Cửu Long", "dt_tuoi": 380.0}}, {"type": "Feature", "geometry": {"type": "Point", "coordinates": [105.799025, 10.655572]}, "properties": {"ma": "G10.TL0021.TB001", "ten": "TB kênh Dương Văn Dương", "loai": "Trạm bơm", "nam_xd": "2020", "vung": "Đồng bằng SCL", "tinh": "80", "don_vi": "Phòng NN&PTNT", "luu_vuc": "Sông Cửu Long", "dt_tuoi": 200.0}}, {"type": "Feature", "geometry": {"type": "Point", "coordinates": [105.665108, 10.833483]}, "properties": {"ma": "G10.TL0021.TB002", "ten": "TB kênh T2", "loai": "Trạm bơm", "nam_xd": "2018", "vung": "Đồng bằng SCL", "tinh": "80", "don_vi": "Phòng NN&PTNT", "luu_vuc": "Sông Cửu Long", "dt_tuoi": 514.0}}, {"type": "Feature", "geometry": {"type": "Point", "coordinates": [105.629824, 10.890414]}, "properties": {"ma": "G10.TL0021.TB003", "ten": "TB K. Đầu ngàn", "loai": "Trạm bơm", "nam_xd": "2018", "vung": "Đồng bằng SCL", "tinh": "80", "don_vi": "Phòng NN&PTNT", "luu_vuc": "Sông Cửu Long", "dt_tuoi": 489.0}}, {"type": "Feature", "geometry": {"type": "Point", "coordinates": [105.803909, 10.691227]}, "properties": {"ma": "G10.TL0021.TB004", "ten": "TBK 8/3", "loai": "Trạm bơm", "nam_xd": "2018", "vung": "Đồng bằng SCL", "tinh": "80", "don_vi": "Phòng NN&PTNT", "luu_vuc": "Sông Cửu Long", "dt_tuoi": 180.0}}, {"type": "Feature", "geometry": {"type": "Point", "coordinates": [105.700734, 10.747627]}, "properties": {"ma": "G10.TL0021.TB005", "ten": "TB THTR Kênh TĐ2", "loai": "Trạm bơm", "nam_xd": "2013", "vung": "Đồng bằng SCL", "tinh": "80", "don_vi": "Phòng NN&PTNT", "luu_vuc": "Sông Cửu Long", "dt_tuoi": 540.0}}, {"type": "Feature", "geometry": {"type": "Point", "coordinates": [105.657097, 10.943008]}, "properties": {"ma": "G10.TL0021.TB006", "ten": "TB KT9-2", "loai": "Trạm bơm", "nam_xd": "2020", "vung": "Đồng bằng SCL", "tinh": "80", "don_vi": "Phòng NN&PTNT", "luu_vuc": "Sông Cửu Long", "dt_tuoi": 530.0}}, {"type": "Feature", "geometry": {"type": "Point", "coordinates": [105.626336, 10.976742]}, "properties": {"ma": "G10.TL0021.TB007", "ten": "TB THT Thành Phát", "loai": "Trạm bơm", "nam_xd": "2006", "vung": "Đồng bằng SCL", "tinh": "80", "don_vi": "Phòng NN&PTNT", "luu_vuc": "Sông Cửu Long", "dt_tuoi": 500.0}}, {"type": "Feature", "geometry": {"type": "Point", "coordinates": [105.587837, 10.942661]}, "properties": {"ma": "G10.TL0021.TB008", "ten": "TB Rọc Bưng Tró", "loai": "Trạm bơm", "nam_xd": "2020", "vung": "Đồng bằng SCL", "tinh": "80", "don_vi": "Phòng NN&PTNT", "luu_vuc": "Sông Cửu Long", "dt_tuoi": 150.0}}, {"type": "Feature", "geometry": {"type": "Point", "coordinates": [105.608783, 10.878628]}, "properties": {"ma": "G10.TL0021.TB009", "ten": "TB Máng 5 Tuấn", "loai": "Trạm bơm", "nam_xd": "2016", "vung": "Đồng bằng SCL", "tinh": "80", "don_vi": "Phòng NN&PTNT", "luu_vuc": "Sông Cửu Long", "dt_tuoi": 350.0}}, {"type": "Feature", "geometry": {"type": "Point", "coordinates": [105.725363, 10.732666]}, "properties": {"ma": "G10.TL0021.TB010", "ten": "TB Liên 03 xã VCA,VB,VĐ", "loai": "Trạm bơm", "nam_xd": "2013", "vung": "Đồng bằng SCL", "tinh": "80", "don_vi": "Phòng NN&PTNT", "luu_vuc": "Sông Cửu Long", "dt_tuoi": 599.0}}, {"type": "Feature", "geometry": {"type": "Point", "coordinates": [105.572846, 10.913732]}, "properties": {"ma": "G10.TL0021.TB011", "ten": "TB Thuận Lợi", "loai": "Trạm bơm", "nam_xd": "2019", "vung": "Đồng bằng SCL", "tinh": "80", "don_vi": "Phòng NN&PTNT", "luu_vuc": "Sông Cửu Long", "dt_tuoi": 250.0}}, {"type": "Feature", "geometry": {"type": "Point", "coordinates": [105.65057, 10.938084]}, "properties": {"ma": "G10.TL0021.TB012", "ten": "TB KT9-1", "loai": "Trạm bơm", "nam_xd": "2020", "vung": "Đồng bằng SCL", "tinh": "80", "don_vi": "Phòng NN&PTNT", "luu_vuc": "Sông Cửu Long", "dt_tuoi": 230.0}}, {"type": "Feature", "geometry": {"type": "Point", "coordinates": [105.771766, 10.700577]}, "properties": {"ma": "G10.TL0021.TB013", "ten": "TB Kênh 2/9", "loai": "Trạm bơm", "nam_xd": "2014", "vung": "Đồng bằng SCL", "tinh": "80", "don_vi": "Phòng NN&PTNT", "luu_vuc": "Sông Cửu Long", "dt_tuoi": 130.0}}, {"type": "Feature", "geometry": {"type": "Point", "coordinates": [105.70322, 10.743081]}, "properties": {"ma": "G10.TL0021.TB014", "ten": "TB ấp Rọc Năng 1", "loai": "Trạm bơm", "nam_xd": "2018", "vung": "Đồng bằng SCL", "tinh": "80", "don_vi": "Phòng NN&PTNT", "luu_vuc": "Sông Cửu Long", "dt_tuoi": 249.0}}, {"type": "Feature", "geometry": {"type": "Point", "coordinates": [105.733003, 10.715321]}, "properties": {"ma": "G10.TL0021.TB015", "ten": "TB Cả Nga", "loai": "Trạm bơm", "nam_xd": "2019", "vung": "Đồng bằng SCL", "tinh": "80", "don_vi": "Phòng NN&PTNT", "luu_vuc": "Sông Cửu Long", "dt_tuoi": 150.0}}, {"type": "Feature", "geometry": {"type": "Point", "coordinates": [105.735679, 10.759185]}, "properties": {"ma": "G10.TL0021.TB016", "ten": "TB HTX NN 1/5", "loai": "Trạm bơm", "nam_xd": "2018", "vung": "Đồng bằng SCL", "tinh": "80", "don_vi": "Phòng NN&PTNT", "luu_vuc": "Sông Cửu Long", "dt_tuoi": 270.0}}, {"type": "Feature", "geometry": {"type": "Point", "coordinates": [105.609385, 10.882099]}, "properties": {"ma": "G10.TL0021.TB017", "ten": "TB Trấp Vòng Nguyệt", "loai": "Trạm bơm", "nam_xd": "2020", "vung": "Đồng bằng SCL", "tinh": "80", "don_vi": "Phòng NN&PTNT", "luu_vuc": "Sông Cửu Long", "dt_tuoi": 208.0}}, {"type": "Feature", "geometry": {"type": "Point", "coordinates": [105.640481, 10.803239]}, "properties": {"ma": "G10.TL0021.TB018", "ten": "TB HTX Gò Gòn", "loai": "Trạm bơm", "nam_xd": "2017", "vung": "Đồng bằng SCL", "tinh": "80", "don_vi": "Phòng NN&PTNT", "luu_vuc": "Sông Cửu Long", "dt_tuoi": 360.0}}, {"type": "Feature", "geometry": {"type": "Point", "coordinates": [105.768659, 10.80245]}, "properties": {"ma": "G10.TL0021.TB019", "ten": "TB Cả Cát - Cả Sách", "loai": "Trạm bơm", "nam_xd": "2013", "vung": "Đồng bằng SCL", "tinh": "80", "don_vi": "Phòng NN&PTNT", "luu_vuc": "Sông Cửu Long", "dt_tuoi": 210.0}}, {"type": "Feature", "geometry": {"type": "Point", "coordinates": [105.697248, 10.758894]}, "properties": {"ma": "G10.TL0021.TB020", "ten": "TB kênh số 1-4-6", "loai": "Trạm bơm", "nam_xd": "2015", "vung": "Đồng bằng SCL", "tinh": "80", "don_vi": "Phòng NN&PTNT", "luu_vuc": "Sông Cửu Long", "dt_tuoi": 250.0}}, {"type": "Feature", "geometry": {"type": "Point", "coordinates": [105.568115, 10.908794]}, "properties": {"ma": "G10.TL0021.TB021", "ten": "TB Cty Đồng Tháp I", "loai": "Trạm bơm", "nam_xd": "2005", "vung": "Đồng bằng SCL", "tinh": "80", "don_vi": "Phòng NN&PTNT", "luu_vuc": "Sông Cửu Long", "dt_tuoi": 280.0}}, {"type": "Feature", "geometry": {"type": "Point", "coordinates": [105.645823, 10.807289]}, "properties": {"ma": "G10.TL0021.TB022", "ten": "TB kênh T1", "loai": "Trạm bơm", "nam_xd": "2005", "vung": "Đồng bằng SCL", "tinh": "80", "don_vi": "Phòng NN&PTNT", "luu_vuc": "Sông Cửu Long", "dt_tuoi": 99.0}}, {"type": "Feature", "geometry": {"type": "Point", "coordinates": [105.666352, 10.837179]}, "properties": {"ma": "G10.TL0021.TB023", "ten": "TB 4 Nếp", "loai": "Trạm bơm", "nam_xd": "1998", "vung": "Đồng bằng SCL", "tinh": "80", "don_vi": "Phòng NN&PTNT", "luu_vuc": "Sông Cửu Long", "dt_tuoi": 520.0}}, {"type": "Feature", "geometry": {"type": "Point", "coordinates": [105.736663, 10.806552]}, "properties": {"ma": "G10.TL0021.TB024", "ten": "TB Cả Sách - Cả Nga", "loai": "Trạm bơm", "nam_xd": "2014", "vung": "Đồng bằng SCL", "tinh": "80", "don_vi": "Phòng NN&PTNT", "luu_vuc": "Sông Cửu Long", "dt_tuoi": 200.0}}, {"type": "Feature", "geometry": {"type": "Point", "coordinates": [105.646997, 10.834372]}, "properties": {"ma": "G10.TL0021.TB025", "ten": "TB THT số 16", "loai": "Trạm bơm", "nam_xd": "2008", "vung": "Đồng bằng SCL", "tinh": "80", "don_vi": "Phòng NN&PTNT", "luu_vuc": "Sông Cửu Long", "dt_tuoi": 147.0}}, {"type": "Feature", "geometry": {"type": "Point", "coordinates": [105.78877, 10.885317]}, "properties": {"ma": "G10.TL0021.TB026", "ten": "TB tiêu thoát lũ Khu B", "loai": "Trạm bơm", "nam_xd": "2002", "vung": "Đồng bằng SCL", "tinh": "80", "don_vi": "Phòng NN&PTNT", "luu_vuc": "Sông Cửu Long", "dt_tuoi": 160.0}}, {"type": "Feature", "geometry": {"type": "Point", "coordinates": [105.583793, 10.915131]}, "properties": {"ma": "G10.TL0021.TB027", "ten": "TB kênh T9", "loai": "Trạm bơm", "nam_xd": "2015", "vung": "Đồng bằng SCL", "tinh": "80", "don_vi": "Phòng NN&PTNT", "luu_vuc": "Sông Cửu Long", "dt_tuoi": 200.0}}, {"type": "Feature", "geometry": {"type": "Point", "coordinates": [105.675451, 10.82335]}, "properties": {"ma": "G10.TL0021.TB028", "ten": "TB THT Hòa Phát", "loai": "Trạm bơm", "nam_xd": "2016", "vung": "Đồng bằng SCL", "tinh": "80", "don_vi": "Phòng NN&PTNT", "luu_vuc": "Sông Cửu Long", "dt_tuoi": 100.0}}, {"type": "Feature", "geometry": {"type": "Point", "coordinates": [105.766297, 10.751107]}, "properties": {"ma": "G10.TL0021.TB029", "ten": "TB Liên 03 xã VCA,VB,VĐ", "loai": "Trạm bơm", "nam_xd": "2016", "vung": "Đồng bằng SCL", "tinh": "80", "don_vi": "Phòng NN&PTNT", "luu_vuc": "Sông Cửu Long", "dt_tuoi": 250.0}}, {"type": "Feature", "geometry": {"type": "Point", "coordinates": [105.764499, 10.752477]}, "properties": {"ma": "G10.TL0021.TB030", "ten": "TB Liên 03 xã VCA,VB,VĐ", "loai": "Trạm bơm", "nam_xd": "2016", "vung": "Đồng bằng SCL", "tinh": "80", "don_vi": "Phòng NN&PTNT", "luu_vuc": "Sông Cửu Long", "dt_tuoi": 107.0}}, {"type": "Feature", "geometry": {"type": "Point", "coordinates": [105.771007, 10.747496]}, "properties": {"ma": "G10.TL0021.TB031", "ten": "TB Như Ý", "loai": "Trạm bơm", "nam_xd": "2016", "vung": "Đồng bằng SCL", "tinh": "80", "don_vi": "Phòng NN&PTNT", "luu_vuc": "Sông Cửu Long", "dt_tuoi": 100.0}}, {"type": "Feature", "geometry": {"type": "Point", "coordinates": [105.723507, 10.736677]}, "properties": {"ma": "G10.TL0021.TB032", "ten": "TB THT VCA", "loai": "Trạm bơm", "nam_xd": "2016", "vung": "Đồng bằng SCL", "tinh": "80", "don_vi": "Phòng NN&PTNT", "luu_vuc": "Sông Cửu Long", "dt_tuoi": 200.0}}, {"type": "Feature", "geometry": {"type": "Point", "coordinates": [105.657028, 10.836349]}, "properties": {"ma": "G10.TL0021.TB033", "ten": "TB THT Văn Bằng", "loai": "Trạm bơm", "nam_xd": "2017", "vung": "Đồng bằng SCL", "tinh": "80", "don_vi": "Phòng NN&PTNT", "luu_vuc": "Sông Cửu Long", "dt_tuoi": 650.0}}, {"type": "Feature", "geometry": {"type": "Point", "coordinates": [105.651947, 10.834732]}, "properties": {"ma": "G10.TL0021.TB034", "ten": "TB kênh Hồng Ngự", "loai": "Trạm bơm", "nam_xd": "2015", "vung": "Đồng bằng SCL", "tinh": "80", "don_vi": "Phòng NN&PTNT", "luu_vuc": "Sông Cửu Long", "dt_tuoi": 0.0}}, {"type": "Feature", "geometry": {"type": "Point", "coordinates": [105.614258, 10.627429]}, "properties": {"ma": "G10.TL0021.TB035", "ten": "Ô1", "loai": "Trạm bơm", "nam_xd": "2003", "vung": "Đồng bằng SCL", "tinh": "87", "don_vi": "Phòng NN&PTNT", "luu_vuc": "Sông Cửu Long", "dt_tuoi": 0.0}}, {"type": "Feature", "geometry": {"type": "Point", "coordinates": [105.497253, 10.936736]}, "properties": {"ma": "G10.TL0021.TB036", "ten": "TB. Bà Đủ", "loai": "Trạm bơm", "nam_xd": "2009", "vung": "Đồng bằng SCL", "tinh": "87", "don_vi": "Phòng NN&PTNT", "luu_vuc": "Sông Cửu Long", "dt_tuoi": 0.0}}, {"type": "Feature", "geometry": {"type": "Point", "coordinates": [105.789185, 10.525978]}, "properties": {"ma": "G10.TL0021.TB037", "ten": "TB. Mỹ Đông 2", "loai": "Trạm bơm", "nam_xd": "1985", "vung": "Đồng bằng SCL", "tinh": "87", "don_vi": "Phòng NN&PTNT", "luu_vuc": "Sông Cửu Long", "dt_tuoi": 0.0}}, {"type": "Feature", "geometry": {"type": "Point", "coordinates": [105.84297, 10.607672]}, "properties": {"ma": "G10.TL0021.TB038", "ten": "TB. Tân Kiều 5", "loai": "Trạm bơm", "nam_xd": "2009", "vung": "Đồng bằng SCL", "tinh": "87", "don_vi": "Phòng NN&PTNT", "luu_vuc": "Sông Cửu Long", "dt_tuoi": 0.0}}, {"type": "Feature", "geometry": {"type": "Point", "coordinates": [105.510674, 10.597679]}, "properties": {"ma": "G10.TL0021.TB039", "ten": "TB. Voi Lửa", "loai": "Trạm bơm", "nam_xd": "2004", "vung": "Đồng bằng SCL", "tinh": "87", "don_vi": "Phòng NN&PTNT", "luu_vuc": "Sông Cửu Long", "dt_tuoi": 0.0}}, {"type": "Feature", "geometry": {"type": "Point", "coordinates": [105.730955, 10.526985]}, "properties": {"ma": "G10.TL0021.TB040", "ten": "TB. Gò Gồng", "loai": "Trạm bơm", "nam_xd": "1987", "vung": "Đồng bằng SCL", "tinh": "87", "don_vi": "Phòng NN&PTNT", "luu_vuc": "Sông Cửu Long", "dt_tuoi": 0.0}}, {"type": "Feature", "geometry": {"type": "Point", "coordinates": [105.849346, 10.612665]}, "properties": {"ma": "G10.TL0021.TB041", "ten": "TB. Kênh 12000 - ranh LA", "loai": "Trạm bơm", "nam_xd": "2009", "vung": "Đồng bằng SCL", "tinh": "87", "don_vi": "Phòng NN&PTNT", "luu_vuc": "Sông Cửu Long", "dt_tuoi": 0.0}}, {"type": "Feature", "geometry": {"type": "Point", "coordinates": [105.861271, 10.571875]}, "properties": {"ma": "G10.TL0021.TB042", "ten": "TB. Tây kênh 5", "loai": "Trạm bơm", "nam_xd": "2006", "vung": "Đồng bằng SCL", "tinh": "87", "don_vi": "Phòng NN&PTNT", "luu_vuc": "Sông Cửu Long", "dt_tuoi": 0.0}}, {"type": "Feature", "geometry": {"type": "Point", "coordinates": [105.931949, 10.514051]}, "properties": {"ma": "G10.TL0021.TB043", "ten": "TB. TT. Mỹ An 1", "loai": "Trạm bơm", "nam_xd": "1989", "vung": "Đồng bằng SCL", "tinh": "87", "don_vi": "Phòng NN&PTNT", "luu_vuc": "Sông Cửu Long", "dt_tuoi": 0.0}}, {"type": "Feature", "geometry": {"type": "Point", "coordinates": [105.904977, 10.484114]}, "properties": {"ma": "G10.TL0021.TB044", "ten": "TB. Tây kênh 5", "loai": "Trạm bơm", "nam_xd": "2008", "vung": "Đồng bằng SCL", "tinh": "87", "don_vi": "Phòng NN&PTNT", "luu_vuc": "Sông Cửu Long", "dt_tuoi": 0.0}}, {"type": "Feature", "geometry": {"type": "Point", "coordinates": [105.84414, 10.500668]}, "properties": {"ma": "G10.TL0021.TB045", "ten": "TB. Mỹ Phú B", "loai": "Trạm bơm", "nam_xd": "2006", "vung": "Đồng bằng SCL", "tinh": "87", "don_vi": "Phòng NN&PTNT", "luu_vuc": "Sông Cửu Long", "dt_tuoi": 0.0}}, {"type": "Feature", "geometry": {"type": "Point", "coordinates": [105.516796, 10.801092]}, "properties": {"ma": "G10.TL0021.TB046", "ten": "TB. kênh Từ Thiện", "loai": "Trạm bơm", "vung": "Đồng bằng SCL", "tinh": "87", "don_vi": "Phòng NN&PTNT", "luu_vuc": "Sông Cửu Long", "dt_tuoi": 0.0}}, {"type": "Feature", "geometry": {"type": "Point", "coordinates": [105.659599, 10.655499]}, "properties": {"ma": "G10.TL0021.TB047", "ten": "Ô 1", "loai": "Trạm bơm", "nam_xd": "2009", "vung": "Đồng bằng SCL", "tinh": "87", "don_vi": "Phòng NN&PTNT", "luu_vuc": "Sông Cửu Long", "dt_tuoi": 0.0}}, {"type": "Feature", "geometry": {"type": "Point", "coordinates": [105.649191, 10.649633]}, "properties": {"ma": "G10.TL0021.TB048", "ten": "Ô3", "loai": "Trạm bơm", "nam_xd": "2008", "vung": "Đồng bằng SCL", "tinh": "87", "don_vi": "Phòng NN&PTNT", "luu_vuc": "Sông Cửu Long", "dt_tuoi": 0.0}}, {"type": "Feature", "geometry": {"type": "Point", "coordinates": [105.686178, 10.643441]}, "properties": {"ma": "G10.TL0021.TB049", "ten": "Ô 4", "loai": "Trạm bơm", "nam_xd": "2010", "vung": "Đồng bằng SCL", "tinh": "87", "don_vi": "Phòng NN&PTNT", "luu_vuc": "Sông Cửu Long", "dt_tuoi": 0.0}}, {"type": "Feature", "geometry": {"type": "Point", "coordinates": [105.454985, 10.926736]}, "properties": {"ma": "G10.TL0021.TB050", "ten": "TB. Cà Vàng 1", "loai": "Trạm bơm", "nam_xd": "2009", "vung": "Đồng bằng SCL", "tinh": "87", "don_vi": "Phòng NN&PTNT", "luu_vuc": "Sông Cửu Long", "dt_tuoi": 0.0}}, {"type": "Feature", "geometry": {"type": "Point", "coordinates": [105.563628, 10.853762]}, "properties": {"ma": "G10.TL0021.TB051", "ten": "TB. Tư Ngân", "loai": "Trạm bơm", "nam_xd": "2009", "vung": "Đồng bằng SCL", "tinh": "87", "don_vi": "Phòng NN&PTNT", "luu_vuc": "Sông Cửu Long", "dt_tuoi": 0.0}}, {"type": "Feature", "geometry": {"type": "Point", "coordinates": [105.474117, 10.756122]}, "properties": {"ma": "G10.TL0021.TB052", "ten": "TB. ĐN Thủy Điện", "loai": "Trạm bơm", "vung": "Đồng bằng SCL", "tinh": "87", "don_vi": "Phòng NN&PTNT", "luu_vuc": "Sông Cửu Long", "dt_tuoi": 0.0}}, {"type": "Feature", "geometry": {"type": "Point", "coordinates": [105.496304, 10.783101]}, "properties": {"ma": "G10.TL0021.TB053", "ten": "TB. Kênh Tiểu Vùng HTX", "loai": "Trạm bơm", "nam_xd": "2011", "vung": "Đồng bằng SCL", "tinh": "87", "don_vi": "Phòng NN&PTNT", "luu_vuc": "Sông Cửu Long", "dt_tuoi": 0.0}}, {"type": "Feature", "geometry": {"type": "Point", "coordinates": [105.742612, 10.528821]}, "properties": {"ma": "G10.TL0021.TB054", "ten": "TB. Mỹ Quí 1", "loai": "Trạm bơm", "nam_xd": "1987", "vung": "Đồng bằng SCL", "tinh": "87", "don_vi": "Phòng NN&PTNT", "luu_vuc": "Sông Cửu Long", "dt_tuoi": 0.0}}, {"type": "Feature", "geometry": {"type": "Point", "coordinates": [105.421667, 10.870142]}, "properties": {"ma": "G10.TL0021.TB055", "ten": "TB. Cán Lộng", "loai": "Trạm bơm", "nam_xd": "2005", "vung": "Đồng bằng SCL", "tinh": "87", "don_vi": "Phòng NN&PTNT", "luu_vuc": "Sông Cửu Long", "dt_tuoi": 0.0}}, {"type": "Feature", "geometry": {"type": "Point", "coordinates": [105.524433, 10.821618]}, "properties": {"ma": "G10.TL0021.TB056", "ten": "TB. Út Châu", "loai": "Trạm bơm", "nam_xd": "2005", "vung": "Đồng bằng SCL", "tinh": "87", "don_vi": "Phòng NN&PTNT", "luu_vuc": "Sông Cửu Long", "dt_tuoi": 0.0}}, {"type": "Feature", "geometry": {"type": "Point", "coordinates": [105.807842, 10.555692]}, "properties": {"ma": "G10.TL0021.TB057", "ten": "TB. Sáu Thêm", "loai": "Trạm bơm", "nam_xd": "2005", "vung": "Đồng bằng SCL", "tinh": "87", "don_vi": "Phòng NN&PTNT", "luu_vuc": "Sông Cửu Long", "dt_tuoi": 0.0}}, {"type": "Feature", "geometry": {"type": "Point", "coordinates": [105.891982, 10.492905]}, "properties": {"ma": "G10.TL0021.TB058", "ten": "TB. TĐ 15", "loai": "Trạm bơm", "nam_xd": "2009", "vung": "Đồng bằng SCL", "tinh": "87", "don_vi": "Phòng NN&PTNT", "luu_vuc": "Sông Cửu Long", "dt_tuoi": 0.0}}, {"type": "Feature", "geometry": {"type": "Point", "coordinates": [105.698809, 10.601541]}, "properties": {"ma": "G10.TL0021.TB059", "ten": "Ô1", "loai": "Trạm bơm", "nam_xd": "2004", "vung": "Đồng bằng SCL", "tinh": "87", "don_vi": "Phòng NN&PTNT", "luu_vuc": "Sông Cửu Long", "dt_tuoi": 0.0}}, {"type": "Feature", "geometry": {"type": "Point", "coordinates": [105.720086, 10.600128]}, "properties": {"ma": "G10.TL0021.TB060", "ten": "Ô 25AB", "loai": "Trạm bơm", "nam_xd": "2012", "vung": "Đồng bằng SCL", "tinh": "87", "don_vi": "Phòng NN&PTNT", "luu_vuc": "Sông Cửu Long", "dt_tuoi": 0.0}}, {"type": "Feature", "geometry": {"type": "Point", "coordinates": [105.698476, 10.579801]}, "properties": {"ma": "G10.TL0021.TB061", "ten": "Ô 22", "loai": "Trạm bơm", "nam_xd": "2009", "vung": "Đồng bằng SCL", "tinh": "87", "don_vi": "Phòng NN&PTNT", "luu_vuc": "Sông Cửu Long", "dt_tuoi": 0.0}}, {"type": "Feature", "geometry": {"type": "Point", "coordinates": [105.698764, 10.602138]}, "properties": {"ma": "G10.TL0021.TB062", "ten": "Ô 33", "loai": "Trạm bơm", "nam_xd": "2010", "vung": "Đồng bằng SCL", "tinh": "87", "don_vi": "Phòng NN&PTNT", "luu_vuc": "Sông Cửu Long", "dt_tuoi": 0.0}}, {"type": "Feature", "geometry": {"type": "Point", "coordinates": [105.672825, 10.658057]}, "properties": {"ma": "G10.TL0021.TB063", "ten": "Ô 3", "loai": "Trạm bơm", "nam_xd": "2011", "vung": "Đồng bằng SCL", "tinh": "87", "don_vi": "Phòng NN&PTNT", "luu_vuc": "Sông Cửu Long", "dt_tuoi": 0.0}}, {"type": "Feature", "geometry": {"type": "Point", "coordinates": [105.647622, 10.590455]}, "properties": {"ma": "G10.TL0021.TB064", "ten": "Ô 12", "loai": "Trạm bơm", "nam_xd": "2009", "vung": "Đồng bằng SCL", "tinh": "87", "don_vi": "Phòng NN&PTNT", "luu_vuc": "Sông Cửu Long", "dt_tuoi": 0.0}}, {"type": "Feature", "geometry": {"type": "Point", "coordinates": [105.648219, 10.648152]}, "properties": {"ma": "G10.TL0021.TB065", "ten": "Ô2", "loai": "Trạm bơm", "nam_xd": "2003", "vung": "Đồng bằng SCL", "tinh": "87", "don_vi": "Phòng NN&PTNT", "luu_vuc": "Sông Cửu Long", "dt_tuoi": 0.0}}, {"type": "Feature", "geometry": {"type": "Point", "coordinates": [105.637262, 10.562115]}, "properties": {"ma": "G10.TL0021.TB066", "ten": "Ô7", "loai": "Trạm bơm", "nam_xd": "2005", "vung": "Đồng bằng SCL", "tinh": "87", "don_vi": "Phòng NN&PTNT", "luu_vuc": "Sông Cửu Long", "dt_tuoi": 0.0}}, {"type": "Feature", "geometry": {"type": "Point", "coordinates": [105.421468, 10.923835]}, "properties": {"ma": "G10.TL0021.TB067", "ten": "TB. THT số 1", "loai": "Trạm bơm", "nam_xd": "2005", "vung": "Đồng bằng SCL", "tinh": "87", "don_vi": "Phòng NN&PTNT", "luu_vuc": "Sông Cửu Long", "dt_tuoi": 0.0}}, {"type": "Feature", "geometry": {"type": "Point", "coordinates": [105.44089, 10.931513]}, "properties": {"ma": "G10.TL0021.TB068", "ten": "TB. Sơn Trắng 1", "loai": "Trạm bơm", "nam_xd": "1998", "vung": "Đồng bằng SCL", "tinh": "87", "don_vi": "Phòng NN&PTNT", "luu_vuc": "Sông Cửu Long", "dt_tuoi": 0.0}}, {"type": "Feature", "geometry": {"type": "Point", "coordinates": [105.41889, 10.925404]}, "properties": {"ma": "G10.TL0021.TB069", "ten": "TB. Chín Ngói", "loai": "Trạm bơm", "nam_xd": "2004", "vung": "Đồng bằng SCL", "tinh": "87", "don_vi": "Phòng NN&PTNT", "luu_vuc": "Sông Cửu Long", "dt_tuoi": 0.0}}, {"type": "Feature", "geometry": {"type": "Point", "coordinates": [105.422469, 10.925878]}, "properties": {"ma": "G10.TL0021.TB070", "ten": "TB. Ông Trói", "loai": "Trạm bơm", "nam_xd": "2004", "vung": "Đồng bằng SCL", "tinh": "87", "don_vi": "Phòng NN&PTNT", "luu_vuc": "Sông Cửu Long", "dt_tuoi": 0.0}}, {"type": "Feature", "geometry": {"type": "Point", "coordinates": [105.5286, 10.902254]}, "properties": {"ma": "G10.TL0021.TB071", "ten": "TB. Tỉnh đội", "loai": "Trạm bơm", "nam_xd": "1998", "vung": "Đồng bằng SCL", "tinh": "87", "don_vi": "Phòng NN&PTNT", "luu_vuc": "Sông Cửu Long", "dt_tuoi": 0.0}}, {"type": "Feature", "geometry": {"type": "Point", "coordinates": [105.71611, 10.623804]}, "properties": {"ma": "G10.TL0021.TB072", "ten": "TB. Tập đoàn 5", "loai": "Trạm bơm", "nam_xd": "2008", "vung": "Đồng bằng SCL", "tinh": "87", "don_vi": "Phòng NN&PTNT", "luu_vuc": "Sông Cửu Long", "dt_tuoi": 0.0}}, {"type": "Feature", "geometry": {"type": "Point", "coordinates": [105.716233, 10.621995]}, "properties": {"ma": "G10.TL0021.TB073", "ten": "TB. Trường Xuân 2", "loai": "Trạm bơm", "nam_xd": "2008", "vung": "Đồng bằng SCL", "tinh": "87", "don_vi": "Phòng NN&PTNT", "luu_vuc": "Sông Cửu Long", "dt_tuoi": 0.0}}, {"type": "Feature", "geometry": {"type": "Point", "coordinates": [105.722169, 10.611237]}, "properties": {"ma": "G10.TL0021.TB074", "ten": "TB. Nam Cà Dăm", "loai": "Trạm bơm", "nam_xd": "2007", "vung": "Đồng bằng SCL", "tinh": "87", "don_vi": "Phòng NN&PTNT", "luu_vuc": "Sông Cửu Long", "dt_tuoi": 0.0}}, {"type": "Feature", "geometry": {"type": "Point", "coordinates": [105.743915, 10.565399]}, "properties": {"ma": "G10.TL0021.TB075", "ten": "TB. Mỹ Quí 5", "loai": "Trạm bơm", "nam_xd": "2006", "vung": "Đồng bằng SCL", "tinh": "87", "don_vi": "Phòng NN&PTNT", "luu_vuc": "Sông Cửu Long", "dt_tuoi": 0.0}}, {"type": "Feature", "geometry": {"type": "Point", "coordinates": [105.776461, 10.546746]}, "properties": {"ma": "G10.TL0021.TB076", "ten": "TB. Mỹ Phước 1", "loai": "Trạm bơm", "nam_xd": "2005", "vung": "Đồng bằng SCL", "tinh": "87", "don_vi": "Phòng NN&PTNT", "luu_vuc": "Sông Cửu Long", "dt_tuoi": 0.0}}, {"type": "Feature", "geometry": {"type": "Point", "coordinates": [105.7572, 10.556062]}, "properties": {"ma": "G10.TL0021.TB077", "ten": "TB. Mỹ Phước 2", "loai": "Trạm bơm", "nam_xd": "2008", "vung": "Đồng bằng SCL", "tinh": "87", "don_vi": "Phòng NN&PTNT", "luu_vuc": "Sông Cửu Long", "dt_tuoi": 0.0}}, {"type": "Feature", "geometry": {"type": "Point", "coordinates": [105.758097, 10.541654]}, "properties": {"ma": "G10.TL0021.TB078", "ten": "TB. Mỹ Quí 2", "loai": "Trạm bơm", "nam_xd": "2005", "vung": "Đồng bằng SCL", "tinh": "87", "don_vi": "Phòng NN&PTNT", "luu_vuc": "Sông Cửu Long", "dt_tuoi": 0.0}}, {"type": "Feature", "geometry": {"type": "Point", "coordinates": [105.817457, 10.524875]}, "properties": {"ma": "G10.TL0021.TB079", "ten": "TB. Mỹ Đông 3", "loai": "Trạm bơm", "nam_xd": "1985", "vung": "Đồng bằng SCL", "tinh": "87", "don_vi": "Phòng NN&PTNT", "luu_vuc": "Sông Cửu Long", "dt_tuoi": 0.0}}, {"type": "Feature", "geometry": {"type": "Point", "coordinates": [105.870887, 10.578893]}, "properties": {"ma": "G10.TL0021.TB080", "ten": "TB. Tân Kiều - Mỹ Hòa", "loai": "Trạm bơm", "nam_xd": "2008", "vung": "Đồng bằng SCL", "tinh": "87", "don_vi": "Phòng NN&PTNT", "luu_vuc": "Sông Cửu Long", "dt_tuoi": 0.0}}, {"type": "Feature", "geometry": {"type": "Point", "coordinates": [105.796602, 10.474475]}, "properties": {"ma": "G10.TL0021.TB081", "ten": "TB. Láng Biển 6B", "loai": "Trạm bơm", "nam_xd": "2007", "vung": "Đồng bằng SCL", "tinh": "87", "don_vi": "Phòng NN&PTNT", "luu_vuc": "Sông Cửu Long", "dt_tuoi": 0.0}}, {"type": "Feature", "geometry": {"type": "Point", "coordinates": [105.868216, 10.519513]}, "properties": {"ma": "G10.TL0021.TB082", "ten": "TB. Mỹ An 1", "loai": "Trạm bơm", "nam_xd": "1986", "vung": "Đồng bằng SCL", "tinh": "87", "don_vi": "Phòng NN&PTNT", "luu_vuc": "Sông Cửu Long", "dt_tuoi": 0.0}}, {"type": "Feature", "geometry": {"type": "Point", "coordinates": [105.498867, 10.7791]}, "properties": {"ma": "G10.TL0021.TB083", "ten": "TB. ĐN số 1", "loai": "Trạm bơm", "nam_xd": "2012", "vung": "Đồng bằng SCL", "tinh": "87", "don_vi": "Phòng NN&PTNT", "luu_vuc": "Sông Cửu Long", "dt_tuoi": 0.0}}, {"type": "Feature", "geometry": {"type": "Point", "coordinates": [105.602505, 10.507314]}, "properties": {"ma": "G10.TL0021.TB084", "ten": "Ô HTX số 1", "loai": "Trạm bơm", "nam_xd": "2001", "vung": "Đồng bằng SCL", "tinh": "87", "don_vi": "Phòng NN&PTNT", "luu_vuc": "Sông Cửu Long", "dt_tuoi": 0.0}}, {"type": "Feature", "geometry": {"type": "Point", "coordinates": [105.611583, 10.509114]}, "properties": {"ma": "G10.TL0021.TB085", "ten": "Ô2", "loai": "Trạm bơm", "nam_xd": "2009", "vung": "Đồng bằng SCL", "tinh": "87", "don_vi": "Phòng NN&PTNT", "luu_vuc": "Sông Cửu Long", "dt_tuoi": 0.0}}, {"type": "Feature", "geometry": {"type": "Point", "coordinates": [105.621455, 10.519478]}, "properties": {"ma": "G10.TL0021.TB086", "ten": "Ô 3", "loai": "Trạm bơm", "nam_xd": "2012", "vung": "Đồng bằng SCL", "tinh": "87", "don_vi": "Phòng NN&PTNT", "luu_vuc": "Sông Cửu Long", "dt_tuoi": 0.0}}, {"type": "Feature", "geometry": {"type": "Point", "coordinates": [105.640215, 10.540413]}, "properties": {"ma": "G10.TL0021.TB087", "ten": "Ô10", "loai": "Trạm bơm", "nam_xd": "2009", "vung": "Đồng bằng SCL", "tinh": "87", "don_vi": "Phòng NN&PTNT", "luu_vuc": "Sông Cửu Long", "dt_tuoi": 0.0}}, {"type": "Feature", "geometry": {"type": "Point", "coordinates": [105.670056, 10.515463]}, "properties": {"ma": "G10.TL0021.TB088", "ten": "Ô 6+7", "loai": "Trạm bơm", "nam_xd": "2012", "vung": "Đồng bằng SCL", "tinh": "87", "don_vi": "Phòng NN&PTNT", "luu_vuc": "Sông Cửu Long", "dt_tuoi": 0.0}}, {"type": "Feature", "geometry": {"type": "Point", "coordinates": [105.680854, 10.54702]}, "properties": {"ma": "G10.TL0021.TB089", "ten": "Ô 3", "loai": "Trạm bơm", "nam_xd": "2011", "vung": "Đồng bằng SCL", "tinh": "87", "don_vi": "Phòng NN&PTNT", "luu_vuc": "Sông Cửu Long", "dt_tuoi": 0.0}}, {"type": "Feature", "geometry": {"type": "Point", "coordinates": [105.703473, 10.52249]}, "properties": {"ma": "G10.TL0021.TB090", "ten": "Ô 4AB", "loai": "Trạm bơm", "nam_xd": "2014", "vung": "Đồng bằng SCL", "tinh": "87", "don_vi": "Phòng NN&PTNT", "luu_vuc": "Sông Cửu Long", "dt_tuoi": 0.0}}, {"type": "Feature", "geometry": {"type": "Point", "coordinates": [105.703007, 10.522536]}, "properties": {"ma": "G10.TL0021.TB091", "ten": "Ô 10", "loai": "Trạm bơm", "nam_xd": "2009", "vung": "Đồng bằng SCL", "tinh": "87", "don_vi": "Phòng NN&PTNT", "luu_vuc": "Sông Cửu Long", "dt_tuoi": 0.0}}, {"type": "Feature", "geometry": {"type": "Point", "coordinates": [105.687914, 10.60228]}, "properties": {"ma": "G10.TL0021.TB092", "ten": "Ô 14", "loai": "Trạm bơm", "nam_xd": "2009", "vung": "Đồng bằng SCL", "tinh": "87", "don_vi": "Phòng NN&PTNT", "luu_vuc": "Sông Cửu Long", "dt_tuoi": 0.0}}, {"type": "Feature", "geometry": {"type": "Point", "coordinates": [105.704716, 10.586669]}, "properties": {"ma": "G10.TL0021.TB093", "ten": "Ô 23", "loai": "Trạm bơm", "nam_xd": "2013", "vung": "Đồng bằng SCL", "tinh": "87", "don_vi": "Phòng NN&PTNT", "luu_vuc": "Sông Cửu Long", "dt_tuoi": 0.0}}, {"type": "Feature", "geometry": {"type": "Point", "coordinates": [105.701845, 10.538021]}, "properties": {"ma": "G10.TL0021.TB094", "ten": "Ô17+32+36", "loai": "Trạm bơm", "nam_xd": "2013", "vung": "Đồng bằng SCL", "tinh": "87", "don_vi": "Phòng NN&PTNT", "luu_vuc": "Sông Cửu Long", "dt_tuoi": 0.0}}, {"type": "Feature", "geometry": {"type": "Point", "coordinates": [105.649922, 10.540863]}, "properties": {"ma": "G10.TL0021.TB095", "ten": "Ô 13 + 35", "loai": "Trạm bơm", "nam_xd": "2009", "vung": "Đồng bằng SCL", "tinh": "87", "don_vi": "Phòng NN&PTNT", "luu_vuc": "Sông Cửu Long", "dt_tuoi": 0.0}}, {"type": "Feature", "geometry": {"type": "Point", "coordinates": [105.672174, 10.535779]}, "properties": {"ma": "G10.TL0021.TB096", "ten": "Ô 39", "loai": "Trạm bơm", "nam_xd": "2010", "vung": "Đồng bằng SCL", "tinh": "87", "don_vi": "Phòng NN&PTNT", "luu_vuc": "Sông Cửu Long", "dt_tuoi": 0.0}}, {"type": "Feature", "geometry": {"type": "Point", "coordinates": [105.654259, 10.586263]}, "properties": {"ma": "G10.TL0021.TB097", "ten": "Ô 11", "loai": "Trạm bơm", "nam_xd": "2003", "vung": "Đồng bằng SCL", "tinh": "87", "don_vi": "Phòng NN&PTNT", "luu_vuc": "Sông Cửu Long", "dt_tuoi": 0.0}}, {"type": "Feature", "geometry": {"type": "Point", "coordinates": [105.64148, 10.564213]}, "properties": {"ma": "G10.TL0021.TB098", "ten": "Ô 13", "loai": "Trạm bơm", "nam_xd": "2010", "vung": "Đồng bằng SCL", "tinh": "87", "don_vi": "Phòng NN&PTNT", "luu_vuc": "Sông Cửu Long", "dt_tuoi": 0.0}}, {"type": "Feature", "geometry": {"type": "Point", "coordinates": [105.61181, 10.623653]}, "properties": {"ma": "G10.TL0021.TB099", "ten": "Ô4", "loai": "Trạm bơm", "nam_xd": "2008", "vung": "Đồng bằng SCL", "tinh": "87", "don_vi": "Phòng NN&PTNT", "luu_vuc": "Sông Cửu Long", "dt_tuoi": 0.0}}, {"type": "Feature", "geometry": {"type": "Point", "coordinates": [105.619288, 10.601039]}, "properties": {"ma": "G10.TL0021.TB100", "ten": "Ô5+ Ô6", "loai": "Trạm bơm", "nam_xd": "2005", "vung": "Đồng bằng SCL", "tinh": "87", "don_vi": "Phòng NN&PTNT", "luu_vuc": "Sông Cửu Long", "dt_tuoi": 0.0}}, {"type": "Feature", "geometry": {"type": "Point", "coordinates": [105.626236, 10.560681]}, "properties": {"ma": "G10.TL0021.TB101", "ten": "Ô8", "loai": "Trạm bơm", "nam_xd": "2013", "vung": "Đồng bằng SCL", "tinh": "87", "don_vi": "Phòng NN&PTNT", "luu_vuc": "Sông Cửu Long", "dt_tuoi": 0.0}}, {"type": "Feature", "geometry": {"type": "Point", "coordinates": [105.700745, 10.508261]}, "properties": {"ma": "G10.TL0021.TB102", "ten": "Ô7", "loai": "Trạm bơm", "nam_xd": "2012", "vung": "Đồng bằng SCL", "tinh": "87", "don_vi": "Phòng NN&PTNT", "luu_vuc": "Sông Cửu Long", "dt_tuoi": 0.0}}, {"type": "Feature", "geometry": {"type": "Point", "coordinates": [105.67968, 10.461668]}, "properties": {"ma": "G10.TL0021.TB103", "ten": "Ô11+17", "loai": "Trạm bơm", "nam_xd": "2014", "vung": "Đồng bằng SCL", "tinh": "87", "don_vi": "Phòng NN&PTNT", "luu_vuc": "Sông Cửu Long", "dt_tuoi": 0.0}}, {"type": "Feature", "geometry": {"type": "Point", "coordinates": [105.740345, 10.478915]}, "properties": {"ma": "G10.TL0021.TB104", "ten": "Ô6", "loai": "Trạm bơm", "nam_xd": "2008", "vung": "Đồng bằng SCL", "tinh": "87", "don_vi": "Phòng NN&PTNT", "luu_vuc": "Sông Cửu Long", "dt_tuoi": 0.0}}, {"type": "Feature", "geometry": {"type": "Point", "coordinates": [105.782165, 10.430722]}, "properties": {"ma": "G10.TL0021.TB105", "ten": "Ô bao số 3A", "loai": "Trạm bơm", "nam_xd": "2012", "vung": "Đồng bằng SCL", "tinh": "87", "don_vi": "Phòng NN&PTNT", "luu_vuc": "Sông Cửu Long", "dt_tuoi": 0.0}}, {"type": "Feature", "geometry": {"type": "Point", "coordinates": [105.790386, 10.426487]}, "properties": {"ma": "G10.TL0021.TB106", "ten": "Ô4", "loai": "Trạm bơm", "nam_xd": "2012", "vung": "Đồng bằng SCL", "tinh": "87", "don_vi": "Phòng NN&PTNT", "luu_vuc": "Sông Cửu Long", "dt_tuoi": 0.0}}, {"type": "Feature", "geometry": {"type": "Point", "coordinates": [105.793811, 10.451393]}, "properties": {"ma": "G10.TL0021.TB107", "ten": "Ô bao số 13", "loai": "Trạm bơm", "nam_xd": "2011", "vung": "Đồng bằng SCL", "tinh": "87", "don_vi": "Phòng NN&PTNT", "luu_vuc": "Sông Cửu Long", "dt_tuoi": 0.0}}, {"type": "Feature", "geometry": {"type": "Point", "coordinates": [105.771051, 10.421235]}, "properties": {"ma": "G10.TL0021.TB108", "ten": "Ô13", "loai": "Trạm bơm", "nam_xd": "2018", "vung": "Đồng bằng SCL", "tinh": "87", "don_vi": "Phòng NN&PTNT", "luu_vuc": "Sông Cửu Long", "dt_tuoi": 0.0}}, {"type": "Feature", "geometry": {"type": "Point", "coordinates": [105.77723, 10.407998]}, "properties": {"ma": "G10.TL0021.TB109", "ten": "Ô2", "loai": "Trạm bơm", "nam_xd": "2013", "vung": "Đồng bằng SCL", "tinh": "87", "don_vi": "Phòng NN&PTNT", "luu_vuc": "Sông Cửu Long", "dt_tuoi": 0.0}}, {"type": "Feature", "geometry": {"type": "Point", "coordinates": [105.585347, 10.567777]}, "properties": {"ma": "G10.TL0021.TB110", "ten": "Ô bao số 7", "loai": "Trạm bơm", "nam_xd": "2002", "vung": "Đồng bằng SCL", "tinh": "87", "don_vi": "Phòng NN&PTNT", "luu_vuc": "Sông Cửu Long", "dt_tuoi": 0.0}}, {"type": "Feature", "geometry": {"type": "Point", "coordinates": [105.600667, 10.534983]}, "properties": {"ma": "G10.TL0021.TB111", "ten": "Ô bao số 10", "loai": "Trạm bơm", "nam_xd": "2011", "vung": "Đồng bằng SCL", "tinh": "87", "don_vi": "Phòng NN&PTNT", "luu_vuc": "Sông Cửu Long", "dt_tuoi": 0.0}}, {"type": "Feature", "geometry": {"type": "Point", "coordinates": [105.684624, 10.602531]}, "properties": {"ma": "G10.TL0021.TB112", "ten": "Ô 7 + Ô 16", "loai": "Trạm bơm", "nam_xd": "2010", "vung": "Đồng bằng SCL", "tinh": "87", "don_vi": "Phòng NN&PTNT", "luu_vuc": "Sông Cửu Long", "dt_tuoi": 0.0}}, {"type": "Feature", "geometry": {"type": "Point", "coordinates": [105.677385, 10.602963]}, "properties": {"ma": "G10.TL0021.TB113", "ten": "Ô 8", "loai": "Trạm bơm", "nam_xd": "2012", "vung": "Đồng bằng SCL", "tinh": "87", "don_vi": "Phòng NN&PTNT", "luu_vuc": "Sông Cửu Long", "dt_tuoi": 0.0}}, {"type": "Feature", "geometry": {"type": "Point", "coordinates": [105.595657, 10.852752]}, "properties": {"ma": "G10.TL0021.TB114", "ten": "TB. Giồng Nhỏ", "loai": "Trạm bơm", "nam_xd": "2009", "vung": "Đồng bằng SCL", "tinh": "87", "don_vi": "Phòng NN&PTNT", "luu_vuc": "Sông Cửu Long", "dt_tuoi": 0.0}}, {"type": "Feature", "geometry": {"type": "Point", "coordinates": [105.823952, 10.465172]}, "properties": {"ma": "G10.TL0021.TB115", "ten": "Ô bao số 8", "loai": "Trạm bơm", "nam_xd": "2014", "vung": "Đồng bằng SCL", "tinh": "87", "don_vi": "Phòng NN&PTNT", "luu_vuc": "Sông Cửu Long", "dt_tuoi": 0.0}}, {"type": "Feature", "geometry": {"type": "Point", "coordinates": [105.825134, 10.514699]}, "properties": {"ma": "G10.TL0021.TB116", "ten": "TB. Khóm 4", "loai": "Trạm bơm", "nam_xd": "2003", "vung": "Đồng bằng SCL", "tinh": "87", "don_vi": "Phòng NN&PTNT", "luu_vuc": "Sông Cửu Long", "dt_tuoi": 0.0}}, {"type": "Feature", "geometry": {"type": "Point", "coordinates": [105.628903, 10.77767]}, "properties": {"ma": "G10.TL0021.TB117", "ten": "TB. ĐN 2 Long", "loai": "Trạm bơm", "nam_xd": "2014", "vung": "Đồng bằng SCL", "tinh": "87", "don_vi": "Phòng NN&PTNT", "luu_vuc": "Sông Cửu Long", "dt_tuoi": 0.0}}, {"type": "Feature", "geometry": {"type": "Point", "coordinates": [105.27965, 10.835611]}, "properties": {"ma": "G10.TL0021.TB118", "ten": "TB. Bào Tròn", "loai": "Trạm bơm", "nam_xd": "2011", "vung": "Đồng bằng SCL", "tinh": "87", "don_vi": "Phòng NN&PTNT", "luu_vuc": "Sông Cửu Long", "dt_tuoi": 0.0}}, {"type": "Feature", "geometry": {"type": "Point", "coordinates": [105.668392, 10.762963]}, "properties": {"ma": "G10.TL0021.TB119", "ten": "TB. HTX Hòa Phú", "loai": "Trạm bơm", "nam_xd": "2011", "vung": "Đồng bằng SCL", "tinh": "87", "don_vi": "Phòng NN&PTNT", "luu_vuc": "Sông Cửu Long", "dt_tuoi": 0.0}}, {"type": "Feature", "geometry": {"type": "Point", "coordinates": [105.427076, 10.935358]}, "properties": {"ma": "G10.TL0021.TB120", "ten": "TB. Sơn Trắng 3", "loai": "Trạm bơm", "nam_xd": "2005", "vung": "Đồng bằng SCL", "tinh": "87", "don_vi": "Phòng NN&PTNT", "luu_vuc": "Sông Cửu Long", "dt_tuoi": 0.0}}, {"type": "Feature", "geometry": {"type": "Point", "coordinates": [105.481258, 10.898217]}, "properties": {"ma": "G10.TL0021.TB121", "ten": "TB. Ông Tùng", "loai": "Trạm bơm", "nam_xd": "2008", "vung": "Đồng bằng SCL", "tinh": "87", "don_vi": "Phòng NN&PTNT", "luu_vuc": "Sông Cửu Long", "dt_tuoi": 0.0}}, {"type": "Feature", "geometry": {"type": "Point", "coordinates": [105.471666, 10.896839]}, "properties": {"ma": "G10.TL0021.TB122", "ten": "TB. Ông Hiển", "loai": "Trạm bơm", "nam_xd": "2008", "vung": "Đồng bằng SCL", "tinh": "87", "don_vi": "Phòng NN&PTNT", "luu_vuc": "Sông Cửu Long", "dt_tuoi": 0.0}}, {"type": "Feature", "geometry": {"type": "Point", "coordinates": [105.463124, 10.881658]}, "properties": {"ma": "G10.TL0021.TB123", "ten": "TB. Đê bao", "loai": "Trạm bơm", "nam_xd": "1997", "vung": "Đồng bằng SCL", "tinh": "87", "don_vi": "Phòng NN&PTNT", "luu_vuc": "Sông Cửu Long", "dt_tuoi": 0.0}}, {"type": "Feature", "geometry": {"type": "Point", "coordinates": [105.524983, 10.80664]}, "properties": {"ma": "G10.TL0021.TB124", "ten": "TB. Bảy Hoàng", "loai": "Trạm bơm", "nam_xd": "2005", "vung": "Đồng bằng SCL", "tinh": "87", "don_vi": "Phòng NN&PTNT", "luu_vuc": "Sông Cửu Long", "dt_tuoi": 0.0}}, {"type": "Feature", "geometry": {"type": "Point", "coordinates": [105.558929, 10.811256]}, "properties": {"ma": "G10.TL0021.TB125", "ten": "TB. Thủy lợi 2", "loai": "Trạm bơm", "nam_xd": "2005", "vung": "Đồng bằng SCL", "tinh": "87", "don_vi": "Phòng NN&PTNT", "luu_vuc": "Sông Cửu Long", "dt_tuoi": 0.0}}, {"type": "Feature", "geometry": {"type": "Point", "coordinates": [105.387144, 10.782886]}, "properties": {"ma": "G10.TL0021.TB126", "ten": "TB. Rọc cá trê", "loai": "Trạm bơm", "nam_xd": "2005", "vung": "Đồng bằng SCL", "tinh": "87", "don_vi": "Phòng NN&PTNT", "luu_vuc": "Sông Cửu Long", "dt_tuoi": 0.0}}, {"type": "Feature", "geometry": {"type": "Point", "coordinates": [105.52965, 10.564855]}, "properties": {"ma": "G10.TL0021.TB127", "ten": "TB. Bảy No", "loai": "Trạm bơm", "nam_xd": "2007", "vung": "Đồng bằng SCL", "tinh": "87", "don_vi": "Phòng NN&PTNT", "luu_vuc": "Sông Cửu Long", "dt_tuoi": 0.0}}, {"type": "Feature", "geometry": {"type": "Point", "coordinates": [105.5699, 10.557495]}, "properties": {"ma": "G10.TL0021.TB128", "ten": "TB. HTX Hoà Bình", "loai": "Trạm bơm", "nam_xd": "2007", "vung": "Đồng bằng SCL", "tinh": "87", "don_vi": "Phòng NN&PTNT", "luu_vuc": "Sông Cửu Long", "dt_tuoi": 0.0}}, {"type": "Feature", "geometry": {"type": "Point", "coordinates": [105.608022, 10.76448]}, "properties": {"ma": "G10.TL0021.TB129", "ten": "TB. THT số 6", "loai": "Trạm bơm", "nam_xd": "2006", "vung": "Đồng bằng SCL", "tinh": "87", "don_vi": "Phòng NN&PTNT", "luu_vuc": "Sông Cửu Long", "dt_tuoi": 0.0}}, {"type": "Feature", "geometry": {"type": "Point", "coordinates": [105.615286, 10.756625]}, "properties": {"ma": "G10.TL0021.TB130", "ten": "TB. THT số 6", "loai": "Trạm bơm", "nam_xd": "2011", "vung": "Đồng bằng SCL", "tinh": "87", "don_vi": "Phòng NN&PTNT", "luu_vuc": "Sông Cửu Long", "dt_tuoi": 0.0}}, {"type": "Feature", "geometry": {"type": "Point", "coordinates": [105.61579, 10.738835]}, "properties": {"ma": "G10.TL0021.TB131", "ten": "TB. THT số 6", "loai": "Trạm bơm", "nam_xd": "2006", "vung": "Đồng bằng SCL", "tinh": "87", "don_vi": "Phòng NN&PTNT", "luu_vuc": "Sông Cửu Long", "dt_tuoi": 0.0}}, {"type": "Feature", "geometry": {"type": "Point", "coordinates": [105.390067, 10.730202]}, "properties": {"ma": "G10.TL0021.TB132", "ten": "TB. Cù Duy", "loai": "Trạm bơm", "nam_xd": "2012", "vung": "Đồng bằng SCL", "tinh": "87", "don_vi": "Phòng NN&PTNT", "luu_vuc": "Sông Cửu Long", "dt_tuoi": 0.0}}, {"type": "Feature", "geometry": {"type": "Point", "coordinates": [105.546142, 10.761258]}, "properties": {"ma": "G10.TL0021.TB133", "ten": "TB. THT số 1 K10", "loai": "Trạm bơm", "nam_xd": "2009", "vung": "Đồng bằng SCL", "tinh": "87", "don_vi": "Phòng NN&PTNT", "luu_vuc": "Sông Cửu Long", "dt_tuoi": 0.0}}, {"type": "Feature", "geometry": {"type": "Point", "coordinates": [105.691455, 10.741227]}, "properties": {"ma": "G10.TL0021.TB134", "ten": "TB. Mỹ Hoà 2", "loai": "Trạm bơm", "nam_xd": "2001", "vung": "Đồng bằng SCL", "tinh": "87", "don_vi": "Phòng NN&PTNT", "luu_vuc": "Sông Cửu Long", "dt_tuoi": 0.0}}, {"type": "Feature", "geometry": {"type": "Point", "coordinates": [105.678208, 10.702477]}, "properties": {"ma": "G10.TL0021.TB135", "ten": "TB. Thạnh Lợi 3", "loai": "Trạm bơm", "nam_xd": "2009", "vung": "Đồng bằng SCL", "tinh": "87", "don_vi": "Phòng NN&PTNT", "luu_vuc": "Sông Cửu Long", "dt_tuoi": 0.0}}, {"type": "Feature", "geometry": {"type": "Point", "coordinates": [105.66935, 10.69943]}, "properties": {"ma": "G10.TL0021.TB136", "ten": "TB. Tân Kiều 1", "loai": "Trạm bơm", "nam_xd": "2006", "vung": "Đồng bằng SCL", "tinh": "87", "don_vi": "Phòng NN&PTNT", "luu_vuc": "Sông Cửu Long", "dt_tuoi": 0.0}}, {"type": "Feature", "geometry": {"type": "Point", "coordinates": [105.709672, 10.638776]}, "properties": {"ma": "G10.TL0021.TB137", "ten": "TB. Hưng Thạnh 7", "loai": "Trạm bơm", "nam_xd": "2009", "vung": "Đồng bằng SCL", "tinh": "87", "don_vi": "Phòng NN&PTNT", "luu_vuc": "Sông Cửu Long", "dt_tuoi": 0.0}}, {"type": "Feature", "geometry": {"type": "Point", "coordinates": [105.793509, 10.629767]}, "properties": {"ma": "G10.TL0021.TB138", "ten": "TB. Tập đoàn 6", "loai": "Trạm bơm", "nam_xd": "2008", "vung": "Đồng bằng SCL", "tinh": "87", "don_vi": "Phòng NN&PTNT", "luu_vuc": "Sông Cửu Long", "dt_tuoi": 0.0}}, {"type": "Feature", "geometry": {"type": "Point", "coordinates": [105.827734, 10.557359]}, "properties": {"ma": "G10.TL0021.TB139", "ten": "TB. Mỹ Hòa 4", "loai": "Trạm bơm", "nam_xd": "1999", "vung": "Đồng bằng SCL", "tinh": "87", "don_vi": "Phòng NN&PTNT", "luu_vuc": "Sông Cửu Long", "dt_tuoi": 0.0}}, {"type": "Feature", "geometry": {"type": "Point", "coordinates": [105.828092, 10.55139]}, "properties": {"ma": "G10.TL0021.TB140", "ten": "TB. Mỹ Đông 6", "loai": "Trạm bơm", "nam_xd": "2006", "vung": "Đồng bằng SCL", "tinh": "87", "don_vi": "Phòng NN&PTNT", "luu_vuc": "Sông Cửu Long", "dt_tuoi": 0.0}}, {"type": "Feature", "geometry": {"type": "Point", "coordinates": [105.837491, 10.56285]}, "properties": {"ma": "G10.TL0021.TB141", "ten": "TB. Mỹ Hòa 2", "loai": "Trạm bơm", "nam_xd": "2003", "vung": "Đồng bằng SCL", "tinh": "87", "don_vi": "Phòng NN&PTNT", "luu_vuc": "Sông Cửu Long", "dt_tuoi": 0.0}}, {"type": "Feature", "geometry": {"type": "Point", "coordinates": [105.823997, 10.513255]}, "properties": {"ma": "G10.TL0021.TB142", "ten": "TB. Mỹ Đông 4", "loai": "Trạm bơm", "nam_xd": "1986", "vung": "Đồng bằng SCL", "tinh": "87", "don_vi": "Phòng NN&PTNT", "luu_vuc": "Sông Cửu Long", "dt_tuoi": 0.0}}, {"type": "Feature", "geometry": {"type": "Point", "coordinates": [105.854701, 10.566096]}, "properties": {"ma": "G10.TL0021.TB143", "ten": "TB. Tân Kiều 5", "loai": "Trạm bơm", "nam_xd": "1999", "vung": "Đồng bằng SCL", "tinh": "87", "don_vi": "Phòng NN&PTNT", "luu_vuc": "Sông Cửu Long", "dt_tuoi": 0.0}}, {"type": "Feature", "geometry": {"type": "Point", "coordinates": [105.847073, 10.580775]}, "properties": {"ma": "G10.TL0021.TB144", "ten": "TB. Tân Kiều 3", "loai": "Trạm bơm", "nam_xd": "2008", "vung": "Đồng bằng SCL", "tinh": "87", "don_vi": "Phòng NN&PTNT", "luu_vuc": "Sông Cửu Long", "dt_tuoi": 0.0}}, {"type": "Feature", "geometry": {"type": "Point", "coordinates": [105.847681, 10.559007]}, "properties": {"ma": "G10.TL0021.TB145", "ten": "TB. Tân Kiều 4", "loai": "Trạm bơm", "nam_xd": "2006", "vung": "Đồng bằng SCL", "tinh": "87", "don_vi": "Phòng NN&PTNT", "luu_vuc": "Sông Cửu Long", "dt_tuoi": 0.0}}, {"type": "Feature", "geometry": {"type": "Point", "coordinates": [105.799007, 10.492926]}, "properties": {"ma": "G10.TL0021.TB146", "ten": "TB. Láng Biển 2", "loai": "Trạm bơm", "nam_xd": "2002", "vung": "Đồng bằng SCL", "tinh": "87", "don_vi": "Phòng NN&PTNT", "luu_vuc": "Sông Cửu Long", "dt_tuoi": 0.0}}, {"type": "Feature", "geometry": {"type": "Point", "coordinates": [105.784678, 10.489173]}, "properties": {"ma": "G10.TL0021.TB147", "ten": "TB. Hưng Thạnh 6", "loai": "Trạm bơm", "nam_xd": "2005", "vung": "Đồng bằng SCL", "tinh": "87", "don_vi": "Phòng NN&PTNT", "luu_vuc": "Sông Cửu Long", "dt_tuoi": 0.0}}, {"type": "Feature", "geometry": {"type": "Point", "coordinates": [105.812504, 10.479236]}, "properties": {"ma": "G10.TL0021.TB148", "ten": "TB. Láng Biển 7", "loai": "Trạm bơm", "nam_xd": "2007", "vung": "Đồng bằng SCL", "tinh": "87", "don_vi": "Phòng NN&PTNT", "luu_vuc": "Sông Cửu Long", "dt_tuoi": 0.0}}, {"type": "Feature", "geometry": {"type": "Point", "coordinates": [105.811753, 10.496213]}, "properties": {"ma": "G10.TL0021.TB149", "ten": "TB. Láng Biển 5", "loai": "Trạm bơm", "nam_xd": "2006", "vung": "Đồng bằng SCL", "tinh": "87", "don_vi": "Phòng NN&PTNT", "luu_vuc": "Sông Cửu Long", "dt_tuoi": 0.0}}, {"type": "Feature", "geometry": {"type": "Point", "coordinates": [105.800235, 10.50175]}, "properties": {"ma": "G10.TL0021.TB150", "ten": "TB. Láng Biển 9", "loai": "Trạm bơm", "nam_xd": "2000", "vung": "Đồng bằng SCL", "tinh": "87", "don_vi": "Phòng NN&PTNT", "luu_vuc": "Sông Cửu Long", "dt_tuoi": 0.0}}, {"type": "Feature", "geometry": {"type": "Point", "coordinates": [105.803622, 10.496984]}, "properties": {"ma": "G10.TL0021.TB151", "ten": "TB. Láng Biển 6", "loai": "Trạm bơm", "nam_xd": "2006", "vung": "Đồng bằng SCL", "tinh": "87", "don_vi": "Phòng NN&PTNT", "luu_vuc": "Sông Cửu Long", "dt_tuoi": 0.0}}, {"type": "Feature", "geometry": {"type": "Point", "coordinates": [105.897188, 10.523692]}, "properties": {"ma": "G10.TL0021.TB152", "ten": "TB. ĐBK 4-1", "loai": "Trạm bơm", "nam_xd": "2007", "vung": "Đồng bằng SCL", "tinh": "87", "don_vi": "Phòng NN&PTNT", "luu_vuc": "Sông Cửu Long", "dt_tuoi": 0.0}}, {"type": "Feature", "geometry": {"type": "Point", "coordinates": [105.897591, 10.524107]}, "properties": {"ma": "G10.TL0021.TB153", "ten": "TB. Kinh Cái", "loai": "Trạm bơm", "nam_xd": "2006", "vung": "Đồng bằng SCL", "tinh": "87", "don_vi": "Phòng NN&PTNT", "luu_vuc": "Sông Cửu Long", "dt_tuoi": 0.0}}, {"type": "Feature", "geometry": {"type": "Point", "coordinates": [105.905609, 10.500381]}, "properties": {"ma": "G10.TL0021.TB154", "ten": "TB. ĐBK 5", "loai": "Trạm bơm", "nam_xd": "2008", "vung": "Đồng bằng SCL", "tinh": "87", "don_vi": "Phòng NN&PTNT", "luu_vuc": "Sông Cửu Long", "dt_tuoi": 0.0}}, {"type": "Feature", "geometry": {"type": "Point", "coordinates": [105.905073, 10.495002]}, "properties": {"ma": "G10.TL0021.TB155", "ten": "TB. ĐBK 4-2", "loai": "Trạm bơm", "nam_xd": "2008", "vung": "Đồng bằng SCL", "tinh": "87", "don_vi": "Phòng NN&PTNT", "luu_vuc": "Sông Cửu Long", "dt_tuoi": 0.0}}, {"type": "Feature", "geometry": {"type": "Point", "coordinates": [105.502416, 10.773243]}, "properties": {"ma": "G10.TL0021.TB156", "ten": "TB. THT số 1 K11", "loai": "Trạm bơm", "nam_xd": "2012", "vung": "Đồng bằng SCL", "tinh": "87", "don_vi": "Phòng NN&PTNT", "luu_vuc": "Sông Cửu Long", "dt_tuoi": 0.0}}, {"type": "Feature", "geometry": {"type": "Point", "coordinates": [105.283541, 10.838438]}, "properties": {"ma": "G10.TL0021.TB157", "ten": "TB. Giồng Ông Bảy", "loai": "Trạm bơm", "nam_xd": "2006", "vung": "Đồng bằng SCL", "tinh": "87", "don_vi": "Phòng NN&PTNT", "luu_vuc": "Sông Cửu Long", "dt_tuoi": 0.0}}, {"type": "Feature", "geometry": {"type": "Point", "coordinates": [105.538024, 10.789335]}, "properties": {"ma": "G10.TL0021.TB158", "ten": "TB. THT số 3PN", "loai": "Trạm bơm", "nam_xd": "2010", "vung": "Đồng bằng SCL", "tinh": "87", "don_vi": "Phòng NN&PTNT", "luu_vuc": "Sông Cửu Long", "dt_tuoi": 0.0}}, {"type": "Feature", "geometry": {"type": "Point", "coordinates": [105.631683, 10.680517]}, "properties": {"ma": "G10.TL0021.TB159", "ten": "TB. ĐN", "loai": "Trạm bơm", "nam_xd": "2012", "vung": "Đồng bằng SCL", "tinh": "87", "don_vi": "Phòng NN&PTNT", "luu_vuc": "Sông Cửu Long", "dt_tuoi": 0.0}}, {"type": "Feature", "geometry": {"type": "Point", "coordinates": [105.552753, 10.659197]}, "properties": {"ma": "G10.TL0021.TB160", "ten": "TB. ĐN K. phèn 3", "loai": "Trạm bơm", "nam_xd": "2010", "vung": "Đồng bằng SCL", "tinh": "87", "don_vi": "Phòng NN&PTNT", "luu_vuc": "Sông Cửu Long", "dt_tuoi": 0.0}}, {"type": "Feature", "geometry": {"type": "Point", "coordinates": [105.6078, 10.772457]}, "properties": {"ma": "G10.TL0021.TB161", "ten": "TB. ĐN Hậu Giang", "loai": "Trạm bơm", "nam_xd": "2009", "vung": "Đồng bằng SCL", "tinh": "87", "don_vi": "Phòng NN&PTNT", "luu_vuc": "Sông Cửu Long", "dt_tuoi": 0.0}}, {"type": "Feature", "geometry": {"type": "Point", "coordinates": [105.490836, 10.790345]}, "properties": {"ma": "G10.TL0021.TB162", "ten": "TB. HTX Hiệp Phát", "loai": "Trạm bơm", "nam_xd": "2012", "vung": "Đồng bằng SCL", "tinh": "87", "don_vi": "Phòng NN&PTNT", "luu_vuc": "Sông Cửu Long", "dt_tuoi": 0.0}}, {"type": "Feature", "geometry": {"type": "Point", "coordinates": [105.608903, 10.503205]}, "properties": {"ma": "G10.TL0021.TB163", "ten": "Ô1", "loai": "Trạm bơm", "nam_xd": "2011", "vung": "Đồng bằng SCL", "tinh": "87", "don_vi": "Phòng NN&PTNT", "luu_vuc": "Sông Cửu Long", "dt_tuoi": 0.0}}, {"type": "Feature", "geometry": {"type": "Point", "coordinates": [105.637971, 10.551704]}, "properties": {"ma": "G10.TL0021.TB164", "ten": "Ô 7", "loai": "Trạm bơm", "nam_xd": "2009", "vung": "Đồng bằng SCL", "tinh": "87", "don_vi": "Phòng NN&PTNT", "luu_vuc": "Sông Cửu Long", "dt_tuoi": 0.0}}, {"type": "Feature", "geometry": {"type": "Point", "coordinates": [105.632787, 10.559465]}, "properties": {"ma": "G10.TL0021.TB165", "ten": "Ô 8", "loai": "Trạm bơm", "nam_xd": "2012", "vung": "Đồng bằng SCL", "tinh": "87", "don_vi": "Phòng NN&PTNT", "luu_vuc": "Sông Cửu Long", "dt_tuoi": 0.0}}, {"type": "Feature", "geometry": {"type": "Point", "coordinates": [105.66763, 10.521798]}, "properties": {"ma": "G10.TL0021.TB166", "ten": "Ô2+3+4", "loai": "Trạm bơm", "nam_xd": "2013", "vung": "Đồng bằng SCL", "tinh": "87", "don_vi": "Phòng NN&PTNT", "luu_vuc": "Sông Cửu Long", "dt_tuoi": 0.0}}, {"type": "Feature", "geometry": {"type": "Point", "coordinates": [105.690746, 10.568912]}, "properties": {"ma": "G10.TL0021.TB167", "ten": "Ô 2", "loai": "Trạm bơm", "nam_xd": "2011", "vung": "Đồng bằng SCL", "tinh": "87", "don_vi": "Phòng NN&PTNT", "luu_vuc": "Sông Cửu Long", "dt_tuoi": 0.0}}, {"type": "Feature", "geometry": {"type": "Point", "coordinates": [105.693688, 10.560133]}, "properties": {"ma": "G10.TL0021.TB168", "ten": "Ô 7", "loai": "Trạm bơm", "nam_xd": "2011", "vung": "Đồng bằng SCL", "tinh": "87", "don_vi": "Phòng NN&PTNT", "luu_vuc": "Sông Cửu Long", "dt_tuoi": 0.0}}, {"type": "Feature", "geometry": {"type": "Point", "coordinates": [105.696301, 10.571938]}, "properties": {"ma": "G10.TL0021.TB169", "ten": "Ô 9", "loai": "Trạm bơm", "nam_xd": "2013", "vung": "Đồng bằng SCL", "tinh": "87", "don_vi": "Phòng NN&PTNT", "luu_vuc": "Sông Cửu Long", "dt_tuoi": 0.0}}, {"type": "Feature", "geometry": {"type": "Point", "coordinates": [105.723507, 10.55832]}, "properties": {"ma": "G10.TL0021.TB170", "ten": "Ô 16", "loai": "Trạm bơm", "nam_xd": "2009", "vung": "Đồng bằng SCL", "tinh": "87", "don_vi": "Phòng NN&PTNT", "luu_vuc": "Sông Cửu Long", "dt_tuoi": 0.0}}, {"type": "Feature", "geometry": {"type": "Point", "coordinates": [105.723906, 10.56862]}, "properties": {"ma": "G10.TL0021.TB171", "ten": "Ô 30", "loai": "Trạm bơm", "nam_xd": "2011", "vung": "Đồng bằng SCL", "tinh": "87", "don_vi": "Phòng NN&PTNT", "luu_vuc": "Sông Cửu Long", "dt_tuoi": 0.0}}, {"type": "Feature", "geometry": {"type": "Point", "coordinates": [105.724768, 10.534868]}, "properties": {"ma": "G10.TL0021.TB172", "ten": "Ô 19", "loai": "Trạm bơm", "nam_xd": "2009", "vung": "Đồng bằng SCL", "tinh": "87", "don_vi": "Phòng NN&PTNT", "luu_vuc": "Sông Cửu Long", "dt_tuoi": 0.0}}, {"type": "Feature", "geometry": {"type": "Point", "coordinates": [105.696863, 10.508794]}, "properties": {"ma": "G10.TL0021.TB173", "ten": "Ô 21", "loai": "Trạm bơm", "nam_xd": "2012", "vung": "Đồng bằng SCL", "tinh": "87", "don_vi": "Phòng NN&PTNT", "luu_vuc": "Sông Cửu Long", "dt_tuoi": 0.0}}, {"type": "Feature", "geometry": {"type": "Point", "coordinates": [105.677217, 10.534783]}, "properties": {"ma": "G10.TL0021.TB174", "ten": "Ô 20", "loai": "Trạm bơm", "nam_xd": "2012", "vung": "Đồng bằng SCL", "tinh": "87", "don_vi": "Phòng NN&PTNT", "luu_vuc": "Sông Cửu Long", "dt_tuoi": 0.0}}, {"type": "Feature", "geometry": {"type": "Point", "coordinates": [105.704864, 10.547275]}, "properties": {"ma": "G10.TL0021.TB175", "ten": "Ô 26", "loai": "Trạm bơm", "nam_xd": "2012", "vung": "Đồng bằng SCL", "tinh": "87", "don_vi": "Phòng NN&PTNT", "luu_vuc": "Sông Cửu Long", "dt_tuoi": 0.0}}, {"type": "Feature", "geometry": {"type": "Point", "coordinates": [105.690301, 10.537296]}, "properties": {"ma": "G10.TL0021.TB176", "ten": "Ô 27", "loai": "Trạm bơm", "nam_xd": "2012", "vung": "Đồng bằng SCL", "tinh": "87", "don_vi": "Phòng NN&PTNT", "luu_vuc": "Sông Cửu Long", "dt_tuoi": 0.0}}, {"type": "Feature", "geometry": {"type": "Point", "coordinates": [105.662122, 10.553092]}, "properties": {"ma": "G10.TL0021.TB177", "ten": "Ô 28", "loai": "Trạm bơm", "nam_xd": "2010", "vung": "Đồng bằng SCL", "tinh": "87", "don_vi": "Phòng NN&PTNT", "luu_vuc": "Sông Cửu Long", "dt_tuoi": 0.0}}, {"type": "Feature", "geometry": {"type": "Point", "coordinates": [105.715051, 10.549468]}, "properties": {"ma": "G10.TL0021.TB178", "ten": "Ô 31", "loai": "Trạm bơm", "nam_xd": "2014", "vung": "Đồng bằng SCL", "tinh": "87", "don_vi": "Phòng NN&PTNT", "luu_vuc": "Sông Cửu Long", "dt_tuoi": 0.0}}, {"type": "Feature", "geometry": {"type": "Point", "coordinates": [105.716597, 10.514827]}, "properties": {"ma": "G10.TL0021.TB179", "ten": "Ô 37", "loai": "Trạm bơm", "nam_xd": "2009", "vung": "Đồng bằng SCL", "tinh": "87", "don_vi": "Phòng NN&PTNT", "luu_vuc": "Sông Cửu Long", "dt_tuoi": 0.0}}, {"type": "Feature", "geometry": {"type": "Point", "coordinates": [105.662333, 10.604776]}, "properties": {"ma": "G10.TL0021.TB180", "ten": "Ô 2", "loai": "Trạm bơm", "nam_xd": "2013", "vung": "Đồng bằng SCL", "tinh": "87", "don_vi": "Phòng NN&PTNT", "luu_vuc": "Sông Cửu Long", "dt_tuoi": 0.0}}, {"type": "Feature", "geometry": {"type": "Point", "coordinates": [105.671736, 10.603364]}, "properties": {"ma": "G10.TL0021.TB181", "ten": "Ô 10", "loai": "Trạm bơm", "nam_xd": "2009", "vung": "Đồng bằng SCL", "tinh": "87", "don_vi": "Phòng NN&PTNT", "luu_vuc": "Sông Cửu Long", "dt_tuoi": 0.0}}, {"type": "Feature", "geometry": {"type": "Point", "coordinates": [105.641346, 10.548297]}, "properties": {"ma": "G10.TL0021.TB182", "ten": "Ô 14", "loai": "Trạm bơm", "nam_xd": "2010", "vung": "Đồng bằng SCL", "tinh": "87", "don_vi": "Phòng NN&PTNT", "luu_vuc": "Sông Cửu Long", "dt_tuoi": 0.0}}, {"type": "Feature", "geometry": {"type": "Point", "coordinates": [105.667735, 10.485922]}, "properties": {"ma": "G10.TL0021.TB183", "ten": "Ô1", "loai": "Trạm bơm", "nam_xd": "2017", "vung": "Đồng bằng SCL", "tinh": "87", "don_vi": "Phòng NN&PTNT", "luu_vuc": "Sông Cửu Long", "dt_tuoi": 0.0}}, {"type": "Feature", "geometry": {"type": "Point", "coordinates": [105.66612, 10.491369]}, "properties": {"ma": "G10.TL0021.TB184", "ten": "Ô5", "loai": "Trạm bơm", "nam_xd": "2012", "vung": "Đồng bằng SCL", "tinh": "87", "don_vi": "Phòng NN&PTNT", "luu_vuc": "Sông Cửu Long", "dt_tuoi": 0.0}}, {"type": "Feature", "geometry": {"type": "Point", "coordinates": [105.704148, 10.469257]}, "properties": {"ma": "G10.TL0021.TB185", "ten": "Ô6", "loai": "Trạm bơm", "nam_xd": "2014", "vung": "Đồng bằng SCL", "tinh": "87", "don_vi": "Phòng NN&PTNT", "luu_vuc": "Sông Cửu Long", "dt_tuoi": 0.0}}, {"type": "Feature", "geometry": {"type": "Point", "coordinates": [105.66967, 10.484923]}, "properties": {"ma": "G10.TL0021.TB186", "ten": "Ô9", "loai": "Trạm bơm", "nam_xd": "2014", "vung": "Đồng bằng SCL", "tinh": "87", "don_vi": "Phòng NN&PTNT", "luu_vuc": "Sông Cửu Long", "dt_tuoi": 0.0}}, {"type": "Feature", "geometry": {"type": "Point", "coordinates": [105.712585, 10.506715]}, "properties": {"ma": "G10.TL0021.TB187", "ten": "Ô22", "loai": "Trạm bơm", "nam_xd": "2012", "vung": "Đồng bằng SCL", "tinh": "87", "don_vi": "Phòng NN&PTNT", "luu_vuc": "Sông Cửu Long", "dt_tuoi": 0.0}}, {"type": "Feature", "geometry": {"type": "Point", "coordinates": [105.718629, 10.484337]}, "properties": {"ma": "G10.TL0021.TB188", "ten": "Ô Đập Đá", "loai": "Trạm bơm", "nam_xd": "2005", "vung": "Đồng bằng SCL", "tinh": "87", "don_vi": "Phòng NN&PTNT", "luu_vuc": "Sông Cửu Long", "dt_tuoi": 0.0}}, {"type": "Feature", "geometry": {"type": "Point", "coordinates": [105.720706, 10.458015]}, "properties": {"ma": "G10.TL0021.TB189", "ten": "Ô 1", "loai": "Trạm bơm", "nam_xd": "2011", "vung": "Đồng bằng SCL", "tinh": "87", "don_vi": "Phòng NN&PTNT", "luu_vuc": "Sông Cửu Long", "dt_tuoi": 0.0}}, {"type": "Feature", "geometry": {"type": "Point", "coordinates": [105.739914, 10.478274]}, "properties": {"ma": "G10.TL0021.TB190", "ten": "Ô 5+7", "loai": "Trạm bơm", "nam_xd": "2008", "vung": "Đồng bằng SCL", "tinh": "87", "don_vi": "Phòng NN&PTNT", "luu_vuc": "Sông Cửu Long", "dt_tuoi": 0.0}}, {"type": "Feature", "geometry": {"type": "Point", "coordinates": [105.721632, 10.48707]}, "properties": {"ma": "G10.TL0021.TB191", "ten": "Ô12", "loai": "Trạm bơm", "nam_xd": "2009", "vung": "Đồng bằng SCL", "tinh": "87", "don_vi": "Phòng NN&PTNT", "luu_vuc": "Sông Cửu Long", "dt_tuoi": 0.0}}, {"type": "Feature", "geometry": {"type": "Point", "coordinates": [105.738426, 10.459485]}, "properties": {"ma": "G10.TL0021.TB192", "ten": "Ô Liên Xã", "loai": "Trạm bơm", "nam_xd": "2008", "vung": "Đồng bằng SCL", "tinh": "87", "don_vi": "Phòng NN&PTNT", "luu_vuc": "Sông Cửu Long", "dt_tuoi": 0.0}}, {"type": "Feature", "geometry": {"type": "Point", "coordinates": [105.793077, 10.43556]}, "properties": {"ma": "G10.TL0021.TB193", "ten": "Ô bao số 5", "loai": "Trạm bơm", "nam_xd": "2012", "vung": "Đồng bằng SCL", "tinh": "87", "don_vi": "Phòng NN&PTNT", "luu_vuc": "Sông Cửu Long", "dt_tuoi": 0.0}}, {"type": "Feature", "geometry": {"type": "Point", "coordinates": [105.765479, 10.462704]}, "properties": {"ma": "G10.TL0021.TB194", "ten": "Ô bao số 6A", "loai": "Trạm bơm", "nam_xd": "2014", "vung": "Đồng bằng SCL", "tinh": "87", "don_vi": "Phòng NN&PTNT", "luu_vuc": "Sông Cửu Long", "dt_tuoi": 0.0}}, {"type": "Feature", "geometry": {"type": "Point", "coordinates": [105.79534, 10.463246]}, "properties": {"ma": "G10.TL0021.TB195", "ten": "Ô bao số 6B", "loai": "Trạm bơm", "nam_xd": "2014", "vung": "Đồng bằng SCL", "tinh": "87", "don_vi": "Phòng NN&PTNT", "luu_vuc": "Sông Cửu Long", "dt_tuoi": 0.0}}, {"type": "Feature", "geometry": {"type": "Point", "coordinates": [105.805632, 10.447249]}, "properties": {"ma": "G10.TL0021.TB196", "ten": "Ô bao số 9", "loai": "Trạm bơm", "nam_xd": "2014", "vung": "Đồng bằng SCL", "tinh": "87", "don_vi": "Phòng NN&PTNT", "luu_vuc": "Sông Cửu Long", "dt_tuoi": 0.0}}, {"type": "Feature", "geometry": {"type": "Point", "coordinates": [105.76166, 10.470102]}, "properties": {"ma": "G10.TL0021.TB197", "ten": "Ô bao số 10", "loai": "Trạm bơm", "nam_xd": "2011", "vung": "Đồng bằng SCL", "tinh": "87", "don_vi": "Phòng NN&PTNT", "luu_vuc": "Sông Cửu Long", "dt_tuoi": 0.0}}, {"type": "Feature", "geometry": {"type": "Point", "coordinates": [105.766896, 10.481502]}, "properties": {"ma": "G10.TL0021.TB198", "ten": "Ô bao số 12", "loai": "Trạm bơm", "nam_xd": "2009", "vung": "Đồng bằng SCL", "tinh": "87", "don_vi": "Phòng NN&PTNT", "luu_vuc": "Sông Cửu Long", "dt_tuoi": 0.0}}, {"type": "Feature", "geometry": {"type": "Point", "coordinates": [105.750465, 10.473393]}, "properties": {"ma": "G10.TL0021.TB199", "ten": "Ô bao số 14", "loai": "Trạm bơm", "nam_xd": "2011", "vung": "Đồng bằng SCL", "tinh": "87", "don_vi": "Phòng NN&PTNT", "luu_vuc": "Sông Cửu Long", "dt_tuoi": 0.0}}, {"type": "Feature", "geometry": {"type": "Point", "coordinates": [105.728185, 10.424555]}, "properties": {"ma": "G10.TL0021.TB200", "ten": "ô 5+6+ Ô trái Bầu", "loai": "Trạm bơm", "nam_xd": "2014", "vung": "Đồng bằng SCL", "tinh": "87", "don_vi": "Phòng NN&PTNT", "luu_vuc": "Sông Cửu Long", "dt_tuoi": 0.0}}, {"type": "Feature", "geometry": {"type": "Point", "coordinates": [105.751864, 10.424192]}, "properties": {"ma": "G10.TL0021.TB201", "ten": "Ô3", "loai": "Trạm bơm", "nam_xd": "2014", "vung": "Đồng bằng SCL", "tinh": "87", "don_vi": "Phòng NN&PTNT", "luu_vuc": "Sông Cửu Long", "dt_tuoi": 0.0}}, {"type": "Feature", "geometry": {"type": "Point", "coordinates": [105.565618, 10.535418]}, "properties": {"ma": "G10.TL0021.TB202", "ten": "Ô bao số 2", "loai": "Trạm bơm", "nam_xd": "2013", "vung": "Đồng bằng SCL", "tinh": "87", "don_vi": "Phòng NN&PTNT", "luu_vuc": "Sông Cửu Long", "dt_tuoi": 0.0}}, {"type": "Feature", "geometry": {"type": "Point", "coordinates": [105.575843, 10.534441]}, "properties": {"ma": "G10.TL0021.TB203", "ten": "Ô bao số 6", "loai": "Trạm bơm", "nam_xd": "1991", "vung": "Đồng bằng SCL", "tinh": "87", "don_vi": "Phòng NN&PTNT", "luu_vuc": "Sông Cửu Long", "dt_tuoi": 0.0}}, {"type": "Feature", "geometry": {"type": "Point", "coordinates": [105.581774, 10.53405]}, "properties": {"ma": "G10.TL0021.TB204", "ten": "Ô bao số 9", "loai": "Trạm bơm", "nam_xd": "1995", "vung": "Đồng bằng SCL", "tinh": "87", "don_vi": "Phòng NN&PTNT", "luu_vuc": "Sông Cửu Long", "dt_tuoi": 0.0}}, {"type": "Feature", "geometry": {"type": "Point", "coordinates": [105.613847, 10.544996]}, "properties": {"ma": "G10.TL0021.TB205", "ten": "Ô bao số 11", "loai": "Trạm bơm", "nam_xd": "2012", "vung": "Đồng bằng SCL", "tinh": "87", "don_vi": "Phòng NN&PTNT", "luu_vuc": "Sông Cửu Long", "dt_tuoi": 0.0}}, {"type": "Feature", "geometry": {"type": "Point", "coordinates": [105.594317, 10.554909]}, "properties": {"ma": "G10.TL0021.TB206", "ten": "Ô11", "loai": "Trạm bơm", "nam_xd": "2007", "vung": "Đồng bằng SCL", "tinh": "87", "don_vi": "Phòng NN&PTNT", "luu_vuc": "Sông Cửu Long", "dt_tuoi": 0.0}}, {"type": "Feature", "geometry": {"type": "Point", "coordinates": [105.574265, 10.530709]}, "properties": {"ma": "G10.TL0021.TB207", "ten": "Ô bao số 15B", "loai": "Trạm bơm", "nam_xd": "2014", "vung": "Đồng bằng SCL", "tinh": "87", "don_vi": "Phòng NN&PTNT", "luu_vuc": "Sông Cửu Long", "dt_tuoi": 0.0}}, {"type": "Feature", "geometry": {"type": "Point", "coordinates": [105.583771, 10.526757]}, "properties": {"ma": "G10.TL0021.TB208", "ten": "Ô bao số 16", "loai": "Trạm bơm", "nam_xd": "1995", "vung": "Đồng bằng SCL", "tinh": "87", "don_vi": "Phòng NN&PTNT", "luu_vuc": "Sông Cửu Long", "dt_tuoi": 0.0}}, {"type": "Feature", "geometry": {"type": "Point", "coordinates": [105.563395, 10.509014]}, "properties": {"ma": "G10.TL0021.TB209", "ten": "Ô bao số 17", "loai": "Trạm bơm", "nam_xd": "2009", "vung": "Đồng bằng SCL", "tinh": "87", "don_vi": "Phòng NN&PTNT", "luu_vuc": "Sông Cửu Long", "dt_tuoi": 0.0}}, {"type": "Feature", "geometry": {"type": "Point", "coordinates": [105.689944, 10.619024]}, "properties": {"ma": "G10.TL0021.TB210", "ten": "Ô 5", "loai": "Trạm bơm", "nam_xd": "2012", "vung": "Đồng bằng SCL", "tinh": "87", "don_vi": "Phòng NN&PTNT", "luu_vuc": "Sông Cửu Long", "dt_tuoi": 0.0}}, {"type": "Feature", "geometry": {"type": "Point", "coordinates": [105.682678, 10.603295]}, "properties": {"ma": "G10.TL0021.TB211", "ten": "Ô 6", "loai": "Trạm bơm", "nam_xd": "2012", "vung": "Đồng bằng SCL", "tinh": "87", "don_vi": "Phòng NN&PTNT", "luu_vuc": "Sông Cửu Long", "dt_tuoi": 0.0}}, {"type": "Feature", "geometry": {"type": "Point", "coordinates": [105.602486, 10.554062]}, "properties": {"ma": "G10.TL0021.TB212", "ten": "Ô bao số 13", "loai": "Trạm bơm", "nam_xd": "2013", "vung": "Đồng bằng SCL", "tinh": "87", "don_vi": "Phòng NN&PTNT", "luu_vuc": "Sông Cửu Long", "dt_tuoi": 0.0}}, {"type": "Feature", "geometry": {"type": "Point", "coordinates": [105.504664, 10.848918]}, "properties": {"ma": "G10.TL0021.TB213", "ten": "TB. HTX số 1", "loai": "Trạm bơm", "nam_xd": "2009", "vung": "Đồng bằng SCL", "tinh": "87", "don_vi": "Phòng NN&PTNT", "luu_vuc": "Sông Cửu Long", "dt_tuoi": 0.0}}, {"type": "Feature", "geometry": {"type": "Point", "coordinates": [105.577257, 10.85664]}, "properties": {"ma": "G10.TL0021.TB214", "ten": "TB. Cả Sậy", "loai": "Trạm bơm", "nam_xd": "2009", "vung": "Đồng bằng SCL", "tinh": "87", "don_vi": "Phòng NN&PTNT", "luu_vuc": "Sông Cửu Long", "dt_tuoi": 0.0}}, {"type": "Feature", "geometry": {"type": "Point", "coordinates": [105.439824, 10.568737]}, "properties": {"ma": "G10.TL0021.TB215", "ten": "TB. Tân Thạnh 2", "loai": "Trạm bơm", "nam_xd": "2004", "vung": "Đồng bằng SCL", "tinh": "87", "don_vi": "Phòng NN&PTNT", "luu_vuc": "Sông Cửu Long", "dt_tuoi": 0.0}}, {"type": "Feature", "geometry": {"type": "Point", "coordinates": [105.473841, 10.637241]}, "properties": {"ma": "G10.TL0021.TB216", "ten": "TB. Số 5-PL", "loai": "Trạm bơm", "nam_xd": "1999", "vung": "Đồng bằng SCL", "tinh": "87", "don_vi": "Phòng NN&PTNT", "luu_vuc": "Sông Cửu Long", "dt_tuoi": 0.0}}, {"type": "Feature", "geometry": {"type": "Point", "coordinates": [105.589476, 10.642851]}, "properties": {"ma": "G10.TL0021.TB217", "ten": "TB. Số 1 PC", "loai": "Trạm bơm", "nam_xd": "1998", "vung": "Đồng bằng SCL", "tinh": "87", "don_vi": "Phòng NN&PTNT", "luu_vuc": "Sông Cửu Long", "dt_tuoi": 0.0}}, {"type": "Feature", "geometry": {"type": "Point", "coordinates": [105.589193, 10.633319]}, "properties": {"ma": "G10.TL0021.TB218", "ten": "TB. Số 2 PC", "loai": "Trạm bơm", "nam_xd": "1998", "vung": "Đồng bằng SCL", "tinh": "87", "don_vi": "Phòng NN&PTNT", "luu_vuc": "Sông Cửu Long", "dt_tuoi": 0.0}}, {"type": "Feature", "geometry": {"type": "Point", "coordinates": [105.590178, 10.646268]}, "properties": {"ma": "G10.TL0021.TB219", "ten": "TB. N.T. Tịnh", "loai": "Trạm bơm", "nam_xd": "2000", "vung": "Đồng bằng SCL", "tinh": "87", "don_vi": "Phòng NN&PTNT", "luu_vuc": "Sông Cửu Long", "dt_tuoi": 0.0}}, {"type": "Feature", "geometry": {"type": "Point", "coordinates": [105.58871, 10.615205]}, "properties": {"ma": "G10.TL0021.TB220", "ten": "TB. Số 5 PC", "loai": "Trạm bơm", "nam_xd": "1998", "vung": "Đồng bằng SCL", "tinh": "87", "don_vi": "Phòng NN&PTNT", "luu_vuc": "Sông Cửu Long", "dt_tuoi": 0.0}}, {"type": "Feature", "geometry": {"type": "Point", "coordinates": [105.592796, 10.610124]}, "properties": {"ma": "G10.TL0021.TB221", "ten": "TB. Số 7 PC", "loai": "Trạm bơm", "nam_xd": "1999", "vung": "Đồng bằng SCL", "tinh": "87", "don_vi": "Phòng NN&PTNT", "luu_vuc": "Sông Cửu Long", "dt_tuoi": 0.0}}, {"type": "Feature", "geometry": {"type": "Point", "coordinates": [105.560161, 10.610645]}, "properties": {"ma": "G10.TL0021.TB222", "ten": "TB. Bình Tấn 1", "loai": "Trạm bơm", "nam_xd": "1997", "vung": "Đồng bằng SCL", "tinh": "87", "don_vi": "Phòng NN&PTNT", "luu_vuc": "Sông Cửu Long", "dt_tuoi": 0.0}}, {"type": "Feature", "geometry": {"type": "Point", "coordinates": [105.567327, 10.559924]}, "properties": {"ma": "G10.TL0021.TB223", "ten": "TB. Kháng Chiến 2a", "loai": "Trạm bơm", "nam_xd": "2000", "vung": "Đồng bằng SCL", "tinh": "87", "don_vi": "Phòng NN&PTNT", "luu_vuc": "Sông Cửu Long", "dt_tuoi": 0.0}}, {"type": "Feature", "geometry": {"type": "Point", "coordinates": [105.822108, 10.451756]}, "properties": {"ma": "G10.TL0021.TB224", "ten": "Ô bao số 7", "loai": "Trạm bơm", "nam_xd": "2013", "vung": "Đồng bằng SCL", "tinh": "87", "don_vi": "Phòng NN&PTNT", "luu_vuc": "Sông Cửu Long", "dt_tuoi": 0.0}}, {"type": "Feature", "geometry": {"type": "Point", "coordinates": [105.653468, 10.776832]}, "properties": {"ma": "G10.TL0021.TB225", "ten": "TB. ĐN 5 Trừ", "loai": "Trạm bơm", "nam_xd": "2009", "vung": "Đồng bằng SCL", "tinh": "87", "don_vi": "Phòng NN&PTNT", "luu_vuc": "Sông Cửu Long", "dt_tuoi": 0.0}}, {"type": "Feature", "geometry": {"type": "Point", "coordinates": [105.529752, 10.729516]}, "properties": {"ma": "G10.TL0021.TB226", "ten": "TB. ĐN 2 Cánh", "loai": "Trạm bơm", "vung": "Đồng bằng SCL", "tinh": "87", "don_vi": "Phòng NN&PTNT", "luu_vuc": "Sông Cửu Long", "dt_tuoi": 0.0}}, {"type": "Feature", "geometry": {"type": "Point", "coordinates": [105.630835, 10.7571]}, "properties": {"ma": "G10.TL0021.TB227", "ten": "TB. THT số 5", "loai": "Trạm bơm", "nam_xd": "2006", "vung": "Đồng bằng SCL", "tinh": "87", "don_vi": "Phòng NN&PTNT", "luu_vuc": "Sông Cửu Long", "dt_tuoi": 0.0}}, {"type": "Feature", "geometry": {"type": "Point", "coordinates": [105.656325, 10.774131]}, "properties": {"ma": "G10.TL0021.TB228", "ten": "TB. ĐN 5 Cội", "loai": "Trạm bơm", "nam_xd": "2009", "vung": "Đồng bằng SCL", "tinh": "87", "don_vi": "Phòng NN&PTNT", "luu_vuc": "Sông Cửu Long", "dt_tuoi": 0.0}}, {"type": "Feature", "geometry": {"type": "Point", "coordinates": [105.431704, 10.908121]}, "properties": {"ma": "G10.TL0021.TB229", "ten": "TB. THT 23 Tầm Lãnh", "loai": "Trạm bơm", "nam_xd": "1998", "vung": "Đồng bằng SCL", "tinh": "87", "don_vi": "Phòng NN&PTNT", "luu_vuc": "Sông Cửu Long", "dt_tuoi": 0.0}}, {"type": "Feature", "geometry": {"type": "Point", "coordinates": [105.430048, 10.914156]}, "properties": {"ma": "G10.TL0021.TB230", "ten": "TB. THT 23 Tầm Hột", "loai": "Trạm bơm", "nam_xd": "1998", "vung": "Đồng bằng SCL", "tinh": "87", "don_vi": "Phòng NN&PTNT", "luu_vuc": "Sông Cửu Long", "dt_tuoi": 0.0}}, {"type": "Feature", "geometry": {"type": "Point", "coordinates": [105.397415, 10.86567]}, "properties": {"ma": "G10.TL0021.TB231", "ten": "TB. THT 23-BP2", "loai": "Trạm bơm", "nam_xd": "1998", "vung": "Đồng bằng SCL", "tinh": "87", "don_vi": "Phòng NN&PTNT", "luu_vuc": "Sông Cửu Long", "dt_tuoi": 0.0}}, {"type": "Feature", "geometry": {"type": "Point", "coordinates": [105.383119, 10.884048]}, "properties": {"ma": "G10.TL0021.TB232", "ten": "TB. THT 21-BP5-K2,3", "loai": "Trạm bơm", "nam_xd": "1998", "vung": "Đồng bằng SCL", "tinh": "87", "don_vi": "Phòng NN&PTNT", "luu_vuc": "Sông Cửu Long", "dt_tuoi": 0.0}}, {"type": "Feature", "geometry": {"type": "Point", "coordinates": [105.378841, 10.901697]}, "properties": {"ma": "G10.TL0021.TB233", "ten": "TB. THT 7-BP5-K1", "loai": "Trạm bơm", "nam_xd": "1998", "vung": "Đồng bằng SCL", "tinh": "87", "don_vi": "Phòng NN&PTNT", "luu_vuc": "Sông Cửu Long", "dt_tuoi": 0.0}}, {"type": "Feature", "geometry": {"type": "Point", "coordinates": [105.409885, 10.891773]}, "properties": {"ma": "G10.TL0021.TB234", "ten": "TB. THT 2-BP6-K1", "loai": "Trạm bơm", "nam_xd": "1998", "vung": "Đồng bằng SCL", "tinh": "87", "don_vi": "Phòng NN&PTNT", "luu_vuc": "Sông Cửu Long", "dt_tuoi": 0.0}}, {"type": "Feature", "geometry": {"type": "Point", "coordinates": [105.417225, 10.93208]}, "properties": {"ma": "G10.TL0021.TB235", "ten": "TB. Sơn Trắng 4", "loai": "Trạm bơm", "nam_xd": "2005", "vung": "Đồng bằng SCL", "tinh": "87", "don_vi": "Phòng NN&PTNT", "luu_vuc": "Sông Cửu Long", "dt_tuoi": 0.0}}, {"type": "Feature", "geometry": {"type": "Point", "coordinates": [105.49264, 10.897755]}, "properties": {"ma": "G10.TL0021.TB236", "ten": "TB. C. Bún nước Lộn", "loai": "Trạm bơm", "nam_xd": "2005", "vung": "Đồng bằng SCL", "tinh": "87", "don_vi": "Phòng NN&PTNT", "luu_vuc": "Sông Cửu Long", "dt_tuoi": 0.0}}, {"type": "Feature", "geometry": {"type": "Point", "coordinates": [105.500671, 10.906678]}, "properties": {"ma": "G10.TL0021.TB237", "ten": "TB. Hai Y", "loai": "Trạm bơm", "nam_xd": "1999", "vung": "Đồng bằng SCL", "tinh": "87", "don_vi": "Phòng NN&PTNT", "luu_vuc": "Sông Cửu Long", "dt_tuoi": 0.0}}, {"type": "Feature", "geometry": {"type": "Point", "coordinates": [105.421217, 10.927263]}, "properties": {"ma": "G10.TL0021.TB238", "ten": "TB. Huyện đội", "loai": "Trạm bơm", "nam_xd": "1999", "vung": "Đồng bằng SCL", "tinh": "87", "don_vi": "Phòng NN&PTNT", "luu_vuc": "Sông Cửu Long", "dt_tuoi": 0.0}}, {"type": "Feature", "geometry": {"type": "Point", "coordinates": [105.420707, 10.928856]}, "properties": {"ma": "G10.TL0021.TB239", "ten": "TB. Trí", "loai": "Trạm bơm", "nam_xd": "1998", "vung": "Đồng bằng SCL", "tinh": "87", "don_vi": "Phòng NN&PTNT", "luu_vuc": "Sông Cửu Long", "dt_tuoi": 0.0}}, {"type": "Feature", "geometry": {"type": "Point", "coordinates": [105.410658, 10.928426]}, "properties": {"ma": "G10.TL0021.TB240", "ten": "TB. Ba Của", "loai": "Trạm bơm", "nam_xd": "2005", "vung": "Đồng bằng SCL", "tinh": "87", "don_vi": "Phòng NN&PTNT", "luu_vuc": "Sông Cửu Long", "dt_tuoi": 0.0}}, {"type": "Feature", "geometry": {"type": "Point", "coordinates": [105.417426, 10.93189]}, "properties": {"ma": "G10.TL0021.TB241", "ten": "TB. Bửu", "loai": "Trạm bơm", "nam_xd": "1997", "vung": "Đồng bằng SCL", "tinh": "87", "don_vi": "Phòng NN&PTNT", "luu_vuc": "Sông Cửu Long", "dt_tuoi": 0.0}}, {"type": "Feature", "geometry": {"type": "Point", "coordinates": [105.469525, 10.943553]}, "properties": {"ma": "G10.TL0021.TB242", "ten": "TB. Toản", "loai": "Trạm bơm", "nam_xd": "1999", "vung": "Đồng bằng SCL", "tinh": "87", "don_vi": "Phòng NN&PTNT", "luu_vuc": "Sông Cửu Long", "dt_tuoi": 0.0}}, {"type": "Feature", "geometry": {"type": "Point", "coordinates": [105.458575, 10.952198]}, "properties": {"ma": "G10.TL0021.TB243", "ten": "TB. Guôi", "loai": "Trạm bơm", "nam_xd": "2000", "vung": "Đồng bằng SCL", "tinh": "87", "don_vi": "Phòng NN&PTNT", "luu_vuc": "Sông Cửu Long", "dt_tuoi": 0.0}}, {"type": "Feature", "geometry": {"type": "Point", "coordinates": [105.481923, 10.953346]}, "properties": {"ma": "G10.TL0021.TB244", "ten": "TB. Bào Chanh 1", "loai": "Trạm bơm", "nam_xd": "1998", "vung": "Đồng bằng SCL", "tinh": "87", "don_vi": "Phòng NN&PTNT", "luu_vuc": "Sông Cửu Long", "dt_tuoi": 0.0}}, {"type": "Feature", "geometry": {"type": "Point", "coordinates": [105.527218, 10.886547]}, "properties": {"ma": "G10.TL0021.TB245", "ten": "TB. Ông Hùng", "loai": "Trạm bơm", "nam_xd": "2007", "vung": "Đồng bằng SCL", "tinh": "87", "don_vi": "Phòng NN&PTNT", "luu_vuc": "Sông Cửu Long", "dt_tuoi": 0.0}}, {"type": "Feature", "geometry": {"type": "Point", "coordinates": [105.541051, 10.890728]}, "properties": {"ma": "G10.TL0021.TB246", "ten": "TB. Cây Me", "loai": "Trạm bơm", "nam_xd": "2005", "vung": "Đồng bằng SCL", "tinh": "87", "don_vi": "Phòng NN&PTNT", "luu_vuc": "Sông Cửu Long", "dt_tuoi": 0.0}}, {"type": "Feature", "geometry": {"type": "Point", "coordinates": [105.421968, 10.869101]}, "properties": {"ma": "G10.TL0021.TB247", "ten": "TB. THT số 4", "loai": "Trạm bơm", "nam_xd": "1999", "vung": "Đồng bằng SCL", "tinh": "87", "don_vi": "Phòng NN&PTNT", "luu_vuc": "Sông Cửu Long", "dt_tuoi": 0.0}}, {"type": "Feature", "geometry": {"type": "Point", "coordinates": [105.417317, 10.84071]}, "properties": {"ma": "G10.TL0021.TB248", "ten": "TB. THT số 6", "loai": "Trạm bơm", "nam_xd": "1997", "vung": "Đồng bằng SCL", "tinh": "87", "don_vi": "Phòng NN&PTNT", "luu_vuc": "Sông Cửu Long", "dt_tuoi": 0.0}}, {"type": "Feature", "geometry": {"type": "Point", "coordinates": [105.412694, 10.864945]}, "properties": {"ma": "G10.TL0021.TB249", "ten": "TB. Thành Lập 2", "loai": "Trạm bơm", "nam_xd": "1999", "vung": "Đồng bằng SCL", "tinh": "87", "don_vi": "Phòng NN&PTNT", "luu_vuc": "Sông Cửu Long", "dt_tuoi": 0.0}}, {"type": "Feature", "geometry": {"type": "Point", "coordinates": [105.467798, 10.821808]}, "properties": {"ma": "G10.TL0021.TB250", "ten": "TB. Quốc Việt", "loai": "Trạm bơm", "nam_xd": "1993", "vung": "Đồng bằng SCL", "tinh": "87", "don_vi": "Phòng NN&PTNT", "luu_vuc": "Sông Cửu Long", "dt_tuoi": 0.0}}, {"type": "Feature", "geometry": {"type": "Point", "coordinates": [105.462237, 10.828645]}, "properties": {"ma": "G10.TL0021.TB251", "ten": "TB. THT số 2", "loai": "Trạm bơm", "nam_xd": "1999", "vung": "Đồng bằng SCL", "tinh": "87", "don_vi": "Phòng NN&PTNT", "luu_vuc": "Sông Cửu Long", "dt_tuoi": 0.0}}, {"type": "Feature", "geometry": {"type": "Point", "coordinates": [105.463373, 10.817501]}, "properties": {"ma": "G10.TL0021.TB252", "ten": "TB. Ba Long", "loai": "Trạm bơm", "nam_xd": "2008", "vung": "Đồng bằng SCL", "tinh": "87", "don_vi": "Phòng NN&PTNT", "luu_vuc": "Sông Cửu Long", "dt_tuoi": 0.0}}, {"type": "Feature", "geometry": {"type": "Point", "coordinates": [105.527648, 10.824063]}, "properties": {"ma": "G10.TL0021.TB253", "ten": "TB. HTX Phát Tài", "loai": "Trạm bơm", "nam_xd": "2006", "vung": "Đồng bằng SCL", "tinh": "87", "don_vi": "Phòng NN&PTNT", "luu_vuc": "Sông Cửu Long", "dt_tuoi": 0.0}}, {"type": "Feature", "geometry": {"type": "Point", "coordinates": [105.537453, 10.838381]}, "properties": {"ma": "G10.TL0021.TB254", "ten": "TB. Thanh", "loai": "Trạm bơm", "nam_xd": "1997", "vung": "Đồng bằng SCL", "tinh": "87", "don_vi": "Phòng NN&PTNT", "luu_vuc": "Sông Cửu Long", "dt_tuoi": 0.0}}, {"type": "Feature", "geometry": {"type": "Point", "coordinates": [105.535559, 10.843439]}, "properties": {"ma": "G10.TL0021.TB255", "ten": "TB. HTX số 1-1", "loai": "Trạm bơm", "nam_xd": "2001", "vung": "Đồng bằng SCL", "tinh": "87", "don_vi": "Phòng NN&PTNT", "luu_vuc": "Sông Cửu Long", "dt_tuoi": 0.0}}, {"type": "Feature", "geometry": {"type": "Point", "coordinates": [105.542895, 10.868233]}, "properties": {"ma": "G10.TL0021.TB256", "ten": "TB. Cả Mũi 1", "loai": "Trạm bơm", "nam_xd": "2005", "vung": "Đồng bằng SCL", "tinh": "87", "don_vi": "Phòng NN&PTNT", "luu_vuc": "Sông Cửu Long", "dt_tuoi": 0.0}}, {"type": "Feature", "geometry": {"type": "Point", "coordinates": [105.532338, 10.858684]}, "properties": {"ma": "G10.TL0021.TB257", "ten": "TB. Cả Mũi 2", "loai": "Trạm bơm", "nam_xd": "2005", "vung": "Đồng bằng SCL", "tinh": "87", "don_vi": "Phòng NN&PTNT", "luu_vuc": "Sông Cửu Long", "dt_tuoi": 0.0}}, {"type": "Feature", "geometry": {"type": "Point", "coordinates": [105.544551, 10.852974]}, "properties": {"ma": "G10.TL0021.TB258", "ten": "TB. Bào Cái", "loai": "Trạm bơm", "nam_xd": "2005", "vung": "Đồng bằng SCL", "tinh": "87", "don_vi": "Phòng NN&PTNT", "luu_vuc": "Sông Cửu Long", "dt_tuoi": 0.0}}, {"type": "Feature", "geometry": {"type": "Point", "coordinates": [105.552747, 10.826868]}, "properties": {"ma": "G10.TL0021.TB259", "ten": "TB. Huyện Uy", "loai": "Trạm bơm", "nam_xd": "1998", "vung": "Đồng bằng SCL", "tinh": "87", "don_vi": "Phòng NN&PTNT", "luu_vuc": "Sông Cửu Long", "dt_tuoi": 0.0}}, {"type": "Feature", "geometry": {"type": "Point", "coordinates": [105.576358, 10.88446]}, "properties": {"ma": "G10.TL0021.TB260", "ten": "TB. Bào 2", "loai": "Trạm bơm", "nam_xd": "2005", "vung": "Đồng bằng SCL", "tinh": "87", "don_vi": "Phòng NN&PTNT", "luu_vuc": "Sông Cửu Long", "dt_tuoi": 0.0}}, {"type": "Feature", "geometry": {"type": "Point", "coordinates": [105.567702, 10.879348]}, "properties": {"ma": "G10.TL0021.TB261", "ten": "TB. Bào 1", "loai": "Trạm bơm", "nam_xd": "2005", "vung": "Đồng bằng SCL", "tinh": "87", "don_vi": "Phòng NN&PTNT", "luu_vuc": "Sông Cửu Long", "dt_tuoi": 0.0}}, {"type": "Feature", "geometry": {"type": "Point", "coordinates": [105.448683, 10.788374]}, "properties": {"ma": "G10.TL0021.TB262", "ten": "TB. Chín Giàu", "loai": "Trạm bơm", "nam_xd": "1999", "vung": "Đồng bằng SCL", "tinh": "87", "don_vi": "Phòng NN&PTNT", "luu_vuc": "Sông Cửu Long", "dt_tuoi": 0.0}}, {"type": "Feature", "geometry": {"type": "Point", "coordinates": [105.540013, 10.80694]}, "properties": {"ma": "G10.TL0021.TB263", "ten": "TB. Trạm 4", "loai": "Trạm bơm", "nam_xd": "1999", "vung": "Đồng bằng SCL", "tinh": "87", "don_vi": "Phòng NN&PTNT", "luu_vuc": "Sông Cửu Long", "dt_tuoi": 0.0}}, {"type": "Feature", "geometry": {"type": "Point", "coordinates": [105.576632, 10.822176]}, "properties": {"ma": "G10.TL0021.TB264", "ten": "TB. Ông Chiến", "loai": "Trạm bơm", "nam_xd": "2007", "vung": "Đồng bằng SCL", "tinh": "87", "don_vi": "Phòng NN&PTNT", "luu_vuc": "Sông Cửu Long", "dt_tuoi": 0.0}}, {"type": "Feature", "geometry": {"type": "Point", "coordinates": [105.483831, 10.819568]}, "properties": {"ma": "G10.TL0021.TB265", "ten": "TB. THT số 8", "loai": "Trạm bơm", "nam_xd": "1999", "vung": "Đồng bằng SCL", "tinh": "87", "don_vi": "Phòng NN&PTNT", "luu_vuc": "Sông Cửu Long", "dt_tuoi": 0.0}}, {"type": "Feature", "geometry": {"type": "Point", "coordinates": [105.493602, 10.820402]}, "properties": {"ma": "G10.TL0021.TB266", "ten": "TB. THT số 10", "loai": "Trạm bơm", "nam_xd": "1997", "vung": "Đồng bằng SCL", "tinh": "87", "don_vi": "Phòng NN&PTNT", "luu_vuc": "Sông Cửu Long", "dt_tuoi": 0.0}}, {"type": "Feature", "geometry": {"type": "Point", "coordinates": [105.387249, 10.765323]}, "properties": {"ma": "G10.TL0021.TB267", "ten": "TB. Tư Cánh 1", "loai": "Trạm bơm", "nam_xd": "2008", "vung": "Đồng bằng SCL", "tinh": "87", "don_vi": "Phòng NN&PTNT", "luu_vuc": "Sông Cửu Long", "dt_tuoi": 0.0}}, {"type": "Feature", "geometry": {"type": "Point", "coordinates": [105.426099, 10.788614]}, "properties": {"ma": "G10.TL0021.TB268", "ten": "TB. 4 Tre", "loai": "Trạm bơm", "nam_xd": "2011", "vung": "Đồng bằng SCL", "tinh": "87", "don_vi": "Phòng NN&PTNT", "luu_vuc": "Sông Cửu Long", "dt_tuoi": 0.0}}, {"type": "Feature", "geometry": {"type": "Point", "coordinates": [105.43539, 10.792915]}, "properties": {"ma": "G10.TL0021.TB269", "ten": "TB. Trãng Bèo", "loai": "Trạm bơm", "nam_xd": "2011", "vung": "Đồng bằng SCL", "tinh": "87", "don_vi": "Phòng NN&PTNT", "luu_vuc": "Sông Cửu Long", "dt_tuoi": 0.0}}, {"type": "Feature", "geometry": {"type": "Point", "coordinates": [105.407103, 10.810291]}, "properties": {"ma": "G10.TL0021.TB270", "ten": "TB. Cả Môn", "loai": "Trạm bơm", "nam_xd": "2009", "vung": "Đồng bằng SCL", "tinh": "87", "don_vi": "Phòng NN&PTNT", "luu_vuc": "Sông Cửu Long", "dt_tuoi": 0.0}}, {"type": "Feature", "geometry": {"type": "Point", "coordinates": [105.34062, 10.830232]}, "properties": {"ma": "G10.TL0021.TB271", "ten": "TB. cống Cồng Cộc", "loai": "Trạm bơm", "nam_xd": "2010", "vung": "Đồng bằng SCL", "tinh": "87", "don_vi": "Phòng NN&PTNT", "luu_vuc": "Sông Cửu Long", "dt_tuoi": 0.0}}, {"type": "Feature", "geometry": {"type": "Point", "coordinates": [105.641085, 10.772842]}, "properties": {"ma": "G10.TL0021.TB272", "ten": "TB. Đông Lung Bông", "loai": "Trạm bơm", "nam_xd": "2015", "vung": "Đồng bằng SCL", "tinh": "87", "don_vi": "Phòng NN&PTNT", "luu_vuc": "Sông Cửu Long", "dt_tuoi": 0.0}}, {"type": "Feature", "geometry": {"type": "Point", "coordinates": [105.466747, 10.686125]}, "properties": {"ma": "G10.TL0021.TB273", "ten": "TB. 5 phướng", "loai": "Trạm bơm", "nam_xd": "1986", "vung": "Đồng bằng SCL", "tinh": "87", "don_vi": "Phòng NN&PTNT", "luu_vuc": "Sông Cửu Long", "dt_tuoi": 0.0}}, {"type": "Feature", "geometry": {"type": "Point", "coordinates": [105.387344, 10.739349]}, "properties": {"ma": "G10.TL0021.TB274", "ten": "TB. Ba Gấu", "loai": "Trạm bơm", "nam_xd": "2000", "vung": "Đồng bằng SCL", "tinh": "87", "don_vi": "Phòng NN&PTNT", "luu_vuc": "Sông Cửu Long", "dt_tuoi": 0.0}}, {"type": "Feature", "geometry": {"type": "Point", "coordinates": [105.568234, 10.650659]}, "properties": {"ma": "G10.TL0021.TB275", "ten": "TB. HTX số 2", "loai": "Trạm bơm", "nam_xd": "2009", "vung": "Đồng bằng SCL", "tinh": "87", "don_vi": "Phòng NN&PTNT", "luu_vuc": "Sông Cửu Long", "dt_tuoi": 0.0}}, {"type": "Feature", "geometry": {"type": "Point", "coordinates": [105.573243, 10.650035]}, "properties": {"ma": "G10.TL0021.TB276", "ten": "TB. HTX số 2", "loai": "Trạm bơm", "nam_xd": "2005", "vung": "Đồng bằng SCL", "tinh": "87", "don_vi": "Phòng NN&PTNT", "luu_vuc": "Sông Cửu Long", "dt_tuoi": 0.0}}, {"type": "Feature", "geometry": {"type": "Point", "coordinates": [105.58197, 10.671525]}, "properties": {"ma": "G10.TL0021.TB277", "ten": "TB. ĐN 7 Bọ", "loai": "Trạm bơm", "nam_xd": "2008", "vung": "Đồng bằng SCL", "tinh": "87", "don_vi": "Phòng NN&PTNT", "luu_vuc": "Sông Cửu Long", "dt_tuoi": 0.0}}, {"type": "Feature", "geometry": {"type": "Point", "coordinates": [105.485555, 10.776725]}, "properties": {"ma": "G10.TL0021.TB282", "ten": "TB. Sườn 2 HTX", "loai": "Trạm bơm", "nam_xd": "2012", "vung": "Đồng bằng SCL", "tinh": "87", "don_vi": "Phòng NN&PTNT", "luu_vuc": "Sông Cửu Long", "dt_tuoi": 0.0}}, {"type": "Feature", "geometry": {"type": "Point", "coordinates": [105.51836, 10.747532]}, "properties": {"ma": "G10.TL0021.TB283", "ten": "TB. THT số 2 HB", "loai": "Trạm bơm", "vung": "Đồng bằng SCL", "tinh": "87", "don_vi": "Phòng NN&PTNT", "luu_vuc": "Sông Cửu Long", "dt_tuoi": 0.0}}, {"type": "Feature", "geometry": {"type": "Point", "coordinates": [105.526359, 10.734921]}, "properties": {"ma": "G10.TL0021.TB284", "ten": "TB. ĐN Út Minh", "loai": "Trạm bơm", "vung": "Đồng bằng SCL", "tinh": "87", "don_vi": "Phòng NN&PTNT", "luu_vuc": "Sông Cửu Long", "dt_tuoi": 0.0}}, {"type": "Feature", "geometry": {"type": "Point", "coordinates": [105.621021, 10.711694]}, "properties": {"ma": "G10.TL0021.TB285", "ten": "TB. ĐN tư Tuấn", "loai": "Trạm bơm", "nam_xd": "2010", "vung": "Đồng bằng SCL", "tinh": "87", "don_vi": "Phòng NN&PTNT", "luu_vuc": "Sông Cửu Long", "dt_tuoi": 0.0}}, {"type": "Feature", "geometry": {"type": "Point", "coordinates": [105.629171, 10.757041]}, "properties": {"ma": "G10.TL0021.TB286", "ten": "TB. ĐN Hậu Giang", "loai": "Trạm bơm", "nam_xd": "2009", "vung": "Đồng bằng SCL", "tinh": "87", "don_vi": "Phòng NN&PTNT", "luu_vuc": "Sông Cửu Long", "dt_tuoi": 0.0}}, {"type": "Feature", "geometry": {"type": "Point", "coordinates": [105.628566, 10.672456]}, "properties": {"ma": "G10.TL0021.TB287", "ten": "TB. HTX H. Cường", "loai": "Trạm bơm", "nam_xd": "2004", "vung": "Đồng bằng SCL", "tinh": "87", "don_vi": "Phòng NN&PTNT", "luu_vuc": "Sông Cửu Long", "dt_tuoi": 0.0}}, {"type": "Feature", "geometry": {"type": "Point", "coordinates": [105.633083, 10.67214]}, "properties": {"ma": "G10.TL0021.TB288", "ten": "TB. HTX H. Cường", "loai": "Trạm bơm", "nam_xd": "2004", "vung": "Đồng bằng SCL", "tinh": "87", "don_vi": "Phòng NN&PTNT", "luu_vuc": "Sông Cửu Long", "dt_tuoi": 0.0}}, {"type": "Feature", "geometry": {"type": "Point", "coordinates": [105.548128, 10.557498]}, "properties": {"ma": "G10.TL0021.TB289", "ten": "TB. K. Bình Thành 4a", "loai": "Trạm bơm", "nam_xd": "2000", "vung": "Đồng bằng SCL", "tinh": "87", "don_vi": "Phòng NN&PTNT", "luu_vuc": "Sông Cửu Long", "dt_tuoi": 0.0}}, {"type": "Feature", "geometry": {"type": "Point", "coordinates": [105.557653, 10.56837]}, "properties": {"ma": "G10.TL0021.TB290", "ten": "TB. Kháng Chiến 2c", "loai": "Trạm bơm", "nam_xd": "2000", "vung": "Đồng bằng SCL", "tinh": "87", "don_vi": "Phòng NN&PTNT", "luu_vuc": "Sông Cửu Long", "dt_tuoi": 100.0}}, {"type": "Feature", "geometry": {"type": "Point", "coordinates": [106.206473, 10.012974]}, "properties": {"ma": "G10.TL0010.TB001", "ten": "Hai Rô", "loai": "Trạm bơm", "vung": "Đồng bằng SCL", "tinh": "86", "don_vi": "Huyện", "luu_vuc": "Sông Cửu Long", "dt_tuoi": 120.0}}, {"type": "Feature", "geometry": {"type": "Point", "coordinates": [106.282873, 9.805696]}, "properties": {"ma": "H59.TL0704.TB001", "ten": "TB. Kênh 3/2", "loai": "Trạm bơm", "nam_xd": "2021", "vung": "Đồng bằng SCL", "tinh": "84", "don_vi": "Công ty KTCTTL", "luu_vuc": "Sông Cửu Long", "dt_tuoi": 0.0}}, {"type": "Feature", "geometry": {"type": "Point", "coordinates": [106.07136, 9.71977]}, "properties": {"ma": "H51.TL0705.TB002", "ten": "TB. Bà Xẩm", "loai": "Trạm bơm", "vung": "Đồng bằng SCL", "tinh": "94", "luu_vuc": "Sông Cửu Long", "dt_tuoi": 0.0}}, {"type": "Feature", "geometry": {"type": "Point", "coordinates": [106.481328, 10.350399]}, "properties": {"ma": "H58.TL0706.TB003", "ten": "TB. Bình Phan", "loai": "Trạm bơm", "vung": "Đồng bằng SCL", "tinh": "82", "don_vi": "Công ty KTCTTL", "luu_vuc": "Sông Cửu Long", "dt_tuoi": 0.0}}, {"type": "Feature", "geometry": {"type": "Point", "coordinates": [106.410278, 10.336712]}, "properties": {"ma": "H58.TL0707.TB004", "ten": "TB. Xuân Hòa", "loai": "Trạm bơm", "nam_xd": "2019", "vung": "Đồng bằng SCL", "tinh": "82", "don_vi": "Công ty KTCTTL", "luu_vuc": "Sông Cửu Long", "dt_tuoi": 2000.0}}, {"type": "Feature", "geometry": {"type": "Point", "coordinates": [106.296139, 10.994827]}, "properties": {"ma": "H39.TL0708.TB005", "ten": "TB. Lộc Giang A", "loai": "Trạm bơm", "vung": "Đồng bằng SCL", "tinh": "80", "don_vi": "TT QLKTCTTL", "luu_vuc": "Sông Cửu Long", "dt_tuoi": 1000.0}}, {"type": "Feature", "geometry": {"type": "Point", "coordinates": [106.295835, 10.996275]}, "properties": {"ma": "H39.TL0709.TB006", "ten": "TB. Lộc Giang B", "loai": "Trạm bơm", "vung": "Đồng bằng SCL", "tinh": "80", "don_vi": "TT QLKTCTTL", "luu_vuc": "Sông Cửu Long"}}, {"type": "Feature", "geometry": {"type": "Point", "coordinates": [105.765702, 19.931731]}, "properties": {"ma": "H56.TL0035.TB001", "ten": "TB. Hoằng Khánh", "loai": "Trạm bơm", "vung": "Bắc Trung Bộ", "tinh": "38", "don_vi": "Đang cập nhật", "luu_vuc": "Sông Mã", "flv_km2": 0.0, "w_huu_ich": 0.0, "w_toanbo": 0.0, "mndbt": 0.0, "mndgc": 0.0, "mnc": 0.0, "dt_tuoi": 0.0}}, {"type": "Feature", "geometry": {"type": "Point", "coordinates": [108.2487, 15.8959]}, "properties": {"ma": "G10.TL0019.TB012", "ten": "TB. Vĩnh Điện", "loai": "Trạm bơm", "vung": "Nam Trung Bộ", "tinh": "49", "don_vi": "Bộ NN&PTNT - KTCTTL Quảng Nam", "luu_vuc": "Sông Vu Gia-Thu Bồn", "flv_km2": 0.0, "w_huu_ich": 0.0, "w_toanbo": 0.0, "mndbt": 0.0, "mndgc": 0.0, "mnc": 0.0, "dt_tuoi": 1015.0}}, {"type": "Feature", "geometry": {"type": "Point", "coordinates": [109.036519, 12.26308]}, "properties": {"ma": "H32.TL0017.TB001", "ten": "TB. Cầu Đôi", "loai": "Trạm bơm", "vung": "Nam Trung Bộ", "tinh": "56", "don_vi": "Công ty KTCTTL Khánh Hòa", "luu_vuc": "Sông Cái Nha Trang", "flv_km2": 0.0, "w_huu_ich": 0.0, "w_toanbo": 0.0, "mndbt": 0.0, "mndgc": 0.0, "mnc": 0.0, "dt_tuoi": 827.0}}]}